/*
SQLyog Community v13.1.9 (64 bit)
MySQL - 8.0.33-0ubuntu0.20.04.4 : Database - w_sacco
*********************************************************************
*/

/*!40101 SET NAMES utf8 */;

/*!40101 SET SQL_MODE=''*/;

/*!40014 SET @OLD_UNIQUE_CHECKS=@@UNIQUE_CHECKS, UNIQUE_CHECKS=0 */;
/*!40014 SET @OLD_FOREIGN_KEY_CHECKS=@@FOREIGN_KEY_CHECKS, FOREIGN_KEY_CHECKS=0 */;
/*!40101 SET @OLD_SQL_MODE=@@SQL_MODE, SQL_MODE='NO_AUTO_VALUE_ON_ZERO' */;
/*!40111 SET @OLD_SQL_NOTES=@@SQL_NOTES, SQL_NOTES=0 */;
CREATE DATABASE /*!32312 IF NOT EXISTS*/`w_sacco` /*!40100 DEFAULT CHARACTER SET latin1 */ /*!80016 DEFAULT ENCRYPTION='N' */;

USE `w_sacco`;

/*Table structure for table `api_account` */

DROP TABLE IF EXISTS `api_account`;

CREATE TABLE `api_account` (
  `id` bigint NOT NULL AUTO_INCREMENT,
  `account_no` varchar(200) COLLATE utf8mb4_general_ci NOT NULL,
  `transaction_id` varchar(200) COLLATE utf8mb4_general_ci NOT NULL,
  `amount` decimal(8,2) NOT NULL,
  `is_deleted` tinyint(1) NOT NULL,
  `created_on` datetime(6) NOT NULL,
  `updated_on` datetime(6) DEFAULT NULL,
  `deleted_on` datetime(6) DEFAULT NULL,
  `created_by_id` int NOT NULL,
  `deleted_by_id` int DEFAULT NULL,
  `member_id` int NOT NULL,
  `updated_by_id` int DEFAULT NULL,
  PRIMARY KEY (`id`),
  UNIQUE KEY `account_no` (`account_no`),
  UNIQUE KEY `transaction_id` (`transaction_id`),
  KEY `api_account_created_by_id_746dc900_fk_auth_user_id` (`created_by_id`),
  KEY `api_account_deleted_by_id_7db474ec_fk_auth_user_id` (`deleted_by_id`),
  KEY `api_account_member_id_547afd8c_fk_auth_user_id` (`member_id`),
  KEY `api_account_updated_by_id_913f0888_fk_auth_user_id` (`updated_by_id`),
  CONSTRAINT `api_account_created_by_id_746dc900_fk_auth_user_id` FOREIGN KEY (`created_by_id`) REFERENCES `auth_user` (`id`) ON DELETE RESTRICT ON UPDATE RESTRICT,
  CONSTRAINT `api_account_deleted_by_id_7db474ec_fk_auth_user_id` FOREIGN KEY (`deleted_by_id`) REFERENCES `auth_user` (`id`) ON DELETE RESTRICT ON UPDATE RESTRICT,
  CONSTRAINT `api_account_member_id_547afd8c_fk_auth_user_id` FOREIGN KEY (`member_id`) REFERENCES `auth_user` (`id`) ON DELETE RESTRICT ON UPDATE RESTRICT,
  CONSTRAINT `api_account_updated_by_id_913f0888_fk_auth_user_id` FOREIGN KEY (`updated_by_id`) REFERENCES `auth_user` (`id`) ON DELETE RESTRICT ON UPDATE RESTRICT
) ENGINE=InnoDB AUTO_INCREMENT=202 DEFAULT CHARSET=utf8mb4 COLLATE=utf8mb4_general_ci;

/*Data for the table `api_account` */

LOCK TABLES `api_account` WRITE;

insert  into `api_account`(`id`,`account_no`,`transaction_id`,`amount`,`is_deleted`,`created_on`,`updated_on`,`deleted_on`,`created_by_id`,`deleted_by_id`,`member_id`,`updated_by_id`) values 
(1,'WAC20230217153332','30875b89-fa22-46e3-a3fc-84c43f996f84',200.00,0,'2023-02-17 12:33:32.604257',NULL,NULL,1,NULL,63,NULL),
(2,'WAC20230227154343','6267f35c-9cc6-43b8-a90a-ab992542eaa0',200.00,0,'2023-02-27 12:43:43.650438',NULL,NULL,356,NULL,63,NULL),
(3,'WAC20230227154856','625b67b7-167e-472a-a740-2ce2882a406d',3001.00,0,'2023-02-27 12:48:56.621813',NULL,NULL,356,NULL,63,NULL),
(4,'WAC20230227161738','80505f92-bd7e-4ab6-b617-0750ea114fb5',1215.00,0,'2023-02-27 13:17:38.308739',NULL,NULL,356,NULL,596,NULL),
(5,'WAC20230227162335','a8a23628-4642-43a2-aadc-914dc98b2374',4450.00,0,'2023-02-27 13:23:35.273771',NULL,NULL,356,NULL,597,NULL),
(6,'WAC20230227163149','cadfdcbd-583e-4fa7-ae7a-e9ff01a541d4',25250.00,0,'2023-02-27 13:31:49.355344',NULL,NULL,356,NULL,598,NULL),
(7,'WAC20230227163705','4e9a2295-0fba-49bf-9e74-e2ccda727c88',50700.00,0,'2023-02-27 13:37:05.842385',NULL,NULL,356,NULL,599,NULL),
(8,'WAC20230228092400','5ec83242-4ec0-44b8-ab0e-b676c52030d9',100.00,0,'2023-02-28 06:24:00.812236',NULL,NULL,356,NULL,600,NULL),
(9,'WAC20230228092759','843e39eb-f951-4ea6-81a3-6322348b71df',650.00,0,'2023-02-28 06:27:59.565247',NULL,NULL,356,NULL,601,NULL),
(10,'WAC20230228093216','3f2e5a94-1962-46ae-b3c3-89e1dff9192f',4000.00,0,'2023-02-28 06:32:16.775671',NULL,NULL,356,NULL,602,NULL),
(11,'WAC20230228094124','6c93178e-e14b-4275-8445-efe0938dde21',8115.00,0,'2023-02-28 06:41:24.882550',NULL,NULL,356,NULL,603,NULL),
(12,'WAC20230228094430','f3062bc2-c9fd-4f37-b0bf-b1ba0a890471',100.00,0,'2023-02-28 06:44:30.405266',NULL,NULL,356,NULL,604,NULL),
(13,'WAC20230228095934','491a1d16-be2c-4bff-a34e-f2141521a360',1900.00,0,'2023-02-28 06:59:34.056130',NULL,NULL,356,NULL,605,NULL),
(14,'WAC20230228100245','530fa0e1-e25c-40e1-af1b-a5f30c84e0c1',500.00,0,'2023-02-28 07:02:45.949752',NULL,NULL,356,NULL,606,NULL),
(15,'WAC20230228102338','d5f87704-6e2d-45ab-8b82-067745b0ab40',4900.00,0,'2023-02-28 07:23:38.504964',NULL,NULL,356,NULL,607,NULL),
(16,'WAC20230228103703','73df9a36-d613-4335-a5c6-8f99ecabf06b',1270.00,0,'2023-02-28 07:37:03.545189',NULL,NULL,356,NULL,609,NULL),
(17,'WAC20230228105842','e22d67ac-f786-45da-89f3-985c60021fdf',1472.00,0,'2023-02-28 07:58:42.968153',NULL,NULL,356,NULL,610,NULL),
(18,'WAC20230228110451','9b11a243-3770-44a8-8ea2-148115f961bd',1580.00,0,'2023-02-28 08:04:51.182383',NULL,NULL,356,NULL,611,NULL),
(19,'WAC20230228110836','395c12d5-6c52-4dac-aed0-054754ad2969',54949.00,0,'2023-02-28 08:08:36.196359',NULL,NULL,356,NULL,612,NULL),
(20,'WAC20230228111054','7d8a9c3e-5c71-4884-b68d-82369059393e',90360.00,0,'2023-02-28 08:10:54.828187',NULL,NULL,356,NULL,613,NULL),
(21,'WAC20230228111242','37496de3-be4d-445d-9c92-de6f11815849',150.00,0,'2023-02-28 08:12:42.696434',NULL,NULL,356,NULL,614,NULL),
(22,'WAC20230228112053','e78a7849-c6af-43e3-948c-57f457e56d24',772.00,0,'2023-02-28 08:20:53.564816',NULL,NULL,356,NULL,615,NULL),
(23,'WAC20230228112332','0060a2ee-dd2c-4e43-bd6a-2e243aaa2ef7',20.00,0,'2023-02-28 08:23:32.016119',NULL,NULL,356,NULL,616,NULL),
(24,'WAC20230228112702','5b25464d-bd63-44f8-b3d3-164b42a2c84d',35992.00,0,'2023-02-28 08:27:02.673715','2023-02-28 08:30:34.922645',NULL,356,NULL,617,356),
(25,'WAC20230228112857','0b8c4f34-fb34-4801-9eda-93129862a3ff',600.00,0,'2023-02-28 08:28:57.873104',NULL,NULL,356,NULL,618,NULL),
(26,'WAC20230228113450','c4ef52b5-ad44-43f6-9e45-aead59cd6668',1470.00,0,'2023-02-28 08:34:50.045453',NULL,NULL,356,NULL,619,NULL),
(27,'WAC20230228113702','74fd3bf3-61ba-4c83-b328-51a020cc0315',19950.00,0,'2023-02-28 08:37:02.332606',NULL,NULL,356,NULL,620,NULL),
(28,'WAC20230228113848','04702c0a-42de-44a6-b7a1-d85e25353f82',130.00,0,'2023-02-28 08:38:48.875170',NULL,NULL,356,NULL,621,NULL),
(29,'WAC20230228114312','359f27cc-f984-41ac-8e91-aa30085b4665',5020.00,0,'2023-02-28 08:43:12.422455',NULL,NULL,356,NULL,622,NULL),
(30,'WAC20230228114830','de33b8a8-618d-4bc5-992b-54d26c7bf786',7710.00,0,'2023-02-28 08:48:30.957112',NULL,NULL,356,NULL,623,NULL),
(31,'WAC20230228125254','704a974b-924b-4182-a7b1-b57a411c86d7',50.00,0,'2023-02-28 09:52:54.836636',NULL,NULL,356,NULL,624,NULL),
(32,'WAC20230228125503','e5ef1cba-857c-405d-8d88-9a8a9042094c',2500.00,0,'2023-02-28 09:55:03.390712',NULL,NULL,356,NULL,625,NULL),
(33,'WAC20230228130122','735f87c2-8a67-4ab9-8dbd-3c3176d71a6e',690.00,0,'2023-02-28 10:01:22.167084',NULL,NULL,356,NULL,627,NULL),
(34,'WAC20230228130247','d275074f-961a-4dbc-8965-67b22b0809cd',1625.00,0,'2023-02-28 10:02:47.345278',NULL,NULL,356,NULL,628,NULL),
(35,'WAC20230228142712','3b0f411c-56ba-4eda-b204-04c6d56117ff',62300.00,0,'2023-02-28 11:27:12.379936',NULL,NULL,356,NULL,629,NULL),
(36,'WAC20230301094835','fc5d93a8-edab-4ba4-8f7b-82bacb2f3a6b',420.00,0,'2023-03-01 06:48:35.403641',NULL,NULL,356,NULL,630,NULL),
(37,'WAC20230301095027','c32a4fb3-304f-4f5c-899e-b938eeb8cf7e',240.00,0,'2023-03-01 06:50:27.422126',NULL,NULL,356,NULL,631,NULL),
(38,'WAC20230301095454','956cda29-3dbd-4006-b960-0ef2a1de7e03',12000.00,0,'2023-03-01 06:54:54.777210',NULL,NULL,356,NULL,632,NULL),
(39,'WAC20230301095825','eab2ee20-6971-47fd-8e65-603c386434f2',800.00,0,'2023-03-01 06:58:25.199228',NULL,NULL,356,NULL,633,NULL),
(40,'WAC20230301095959','9428f551-2891-4bd2-90ca-8583e45fa0b6',120.00,0,'2023-03-01 06:59:59.911534',NULL,NULL,356,NULL,634,NULL),
(41,'WAC20230301100317','bd8b1579-7e9e-46ba-a549-97f0e79f3ae8',41450.00,0,'2023-03-01 07:03:17.805588',NULL,NULL,356,NULL,635,NULL),
(42,'WAC20230301100554','e169976b-09c8-4a16-b0e8-61bd141b1124',200.00,0,'2023-03-01 07:05:54.763296',NULL,NULL,356,NULL,636,NULL),
(43,'WAC20230301100745','762d9833-2697-4c7f-bbcc-338152f962b5',450.00,0,'2023-03-01 07:07:45.045293',NULL,NULL,356,NULL,637,NULL),
(44,'WAC20230301101012','2af81e9d-4348-456e-9ea7-926a876523d5',3000.00,0,'2023-03-01 07:10:12.850003',NULL,NULL,356,NULL,638,NULL),
(45,'WAC20230301101957','8e397165-54af-4c41-953c-a981ea8aa2f5',1950.00,0,'2023-03-01 07:19:57.033850',NULL,NULL,356,NULL,639,NULL),
(46,'WAC20230301102439','474df553-2b96-4fbf-8114-dfbd367fd4a9',17379.00,0,'2023-03-01 07:24:39.207751',NULL,NULL,356,NULL,641,NULL),
(47,'WAC20230301102629','0aba48d7-97a8-443c-adf6-61384046a2ca',420.00,0,'2023-03-01 07:26:29.770934',NULL,NULL,356,NULL,642,NULL),
(48,'WAC20230301102812','64216bdf-b9a6-4560-8c30-dd6b88710bf2',1020.00,0,'2023-03-01 07:28:12.423655',NULL,NULL,356,NULL,643,NULL),
(49,'WAC20230301105147','fdead682-7f43-4e24-8e11-d85b183d7322',72520.00,0,'2023-03-01 07:51:47.913879',NULL,NULL,356,NULL,644,NULL),
(50,'WAC20230301105406','36892a5d-7bcd-439e-8330-99a6fe477471',400.00,0,'2023-03-01 07:54:06.178523',NULL,NULL,356,NULL,645,NULL),
(51,'WAC20230301105526','e60fce2d-a31f-4a7f-b73d-d59ed130a5f3',9910.00,0,'2023-03-01 07:55:26.302040',NULL,NULL,356,NULL,646,NULL),
(52,'WAC20230301110112','c06d4973-117d-4865-b072-439ffdd50542',7761.00,0,'2023-03-01 08:01:12.840074',NULL,NULL,356,NULL,647,NULL),
(53,'WAC20230301110548','292b1563-9b70-4701-99e6-8680b519bb09',140.00,0,'2023-03-01 08:05:48.625820',NULL,NULL,356,NULL,648,NULL),
(54,'WAC20230301110830','0b159b64-7a72-4c91-a794-1101ddfaaa1c',210.00,0,'2023-03-01 08:08:30.072054',NULL,NULL,356,NULL,649,NULL),
(55,'WAC20230301110949','7b0b1866-77db-4f6d-9968-52b17c370c25',100.00,0,'2023-03-01 08:09:49.326730',NULL,NULL,356,NULL,650,NULL),
(56,'WAC20230301111302','e28c83cb-d48e-4276-af69-b0e223a45455',1480.00,0,'2023-03-01 08:13:02.485123',NULL,NULL,356,NULL,651,NULL),
(57,'WAC20230301111624','26810c5d-a5f7-44dd-b6b5-c125a1141ed4',270.00,0,'2023-03-01 08:16:24.914583',NULL,NULL,356,NULL,652,NULL),
(58,'WAC20230301111856','b77700db-61a1-4980-a36b-2e11c947c3c6',18780.00,0,'2023-03-01 08:18:56.198521',NULL,NULL,356,NULL,653,NULL),
(59,'WAC20230301112440','8f53938e-af94-42b2-b98c-9eadcd586da9',6220.00,0,'2023-03-01 08:24:40.362906',NULL,NULL,356,NULL,654,NULL),
(60,'WAC20230301112647','4675257f-1216-45be-8d0c-ce3a6151e4bb',275.00,0,'2023-03-01 08:26:47.047587',NULL,NULL,356,NULL,655,NULL),
(61,'WAC20230301125822','c43d3b6e-90fb-4a17-ba60-56bdbcf38c7f',67620.00,0,'2023-03-01 09:58:22.246584',NULL,NULL,356,NULL,656,NULL),
(62,'WAC20230301130116','dc82f0e7-0805-4a7c-a4ea-4afc653fcc49',7900.00,0,'2023-03-01 10:01:16.841359',NULL,NULL,356,NULL,657,NULL),
(63,'WAC20230302092324','1e588c66-662c-4f6d-a154-a2cef73e842f',200.00,0,'2023-03-02 06:23:24.052188',NULL,NULL,356,NULL,658,NULL),
(64,'WAC20230302092605','62ff2dbb-bef5-4bd4-9382-98d20fe5d166',3000.00,0,'2023-03-02 06:26:05.517934',NULL,NULL,356,NULL,659,NULL),
(65,'WAC20230302092947','5de1421d-f30b-4b86-83e3-1c40010442d7',2050.00,0,'2023-03-02 06:29:47.321188',NULL,NULL,356,NULL,660,NULL),
(66,'WAC20230302093204','7f0fe3fb-63b7-47e6-96ec-6e6e4e48bfb2',450.00,0,'2023-03-02 06:32:04.157258',NULL,NULL,356,NULL,661,NULL),
(67,'WAC20230302093340','6019805f-34fa-45db-b624-cfdc04cb2e03',160.00,0,'2023-03-02 06:33:40.940913',NULL,NULL,356,NULL,662,NULL),
(68,'WAC20230302093550','995d31f3-c6b8-4e56-975c-bcd0807c2f83',700.00,0,'2023-03-02 06:35:50.273106',NULL,NULL,356,NULL,663,NULL),
(69,'WAC20230302094353','4cd30bb5-d05a-4676-a6d7-0558d5051199',330.00,0,'2023-03-02 06:43:53.469209',NULL,NULL,356,NULL,664,NULL),
(70,'WAC20230302094618','9995a1da-daeb-4189-a5c5-077caf42ed28',240.00,0,'2023-03-02 06:46:18.018629',NULL,NULL,356,NULL,665,NULL),
(71,'WAC20230302094951','8f615466-c6a4-46f2-b3be-deb7c5b95434',1975.00,0,'2023-03-02 06:49:51.472614',NULL,NULL,356,NULL,666,NULL),
(72,'WAC20230302100843','3d559a06-367a-4283-a12e-fddb80798234',284.00,0,'2023-03-02 07:08:43.640793',NULL,NULL,356,NULL,667,NULL),
(73,'WAC20230302102244','b6df5d58-c037-4990-a34a-f32be8311818',610.00,0,'2023-03-02 07:22:44.848234',NULL,NULL,356,NULL,668,NULL),
(74,'WAC20230302121739','c82ff4ea-cfaa-41de-a0f3-fb88136ccf65',565.00,0,'2023-03-02 09:17:39.618838',NULL,NULL,356,NULL,669,NULL),
(75,'WAC20230302121929','565aa229-2210-45b4-9986-97576ebcf1bf',2920.00,0,'2023-03-02 09:19:29.521390',NULL,NULL,356,NULL,670,NULL),
(76,'WAC20230302123301','9f6e6389-7257-429c-8392-6a509b03da3d',1500.00,0,'2023-03-02 09:33:01.116894',NULL,NULL,356,NULL,671,NULL),
(77,'WAC20230302123730','572a15da-ce72-4493-9068-27bf82abfdd3',6640.00,0,'2023-03-02 09:37:30.147067',NULL,NULL,356,NULL,672,NULL),
(78,'WAC20230302124113','a7631d72-b4ac-49e6-be31-10302ff6cb95',1955.00,0,'2023-03-02 09:41:13.666804',NULL,NULL,356,NULL,673,NULL),
(79,'WAC20230302124427','a85117ea-13ab-47c2-98f8-038f3d5f934d',16330.00,0,'2023-03-02 09:44:27.517466',NULL,NULL,356,NULL,674,NULL),
(80,'WAC20230302125049','d7999dbb-226b-4d98-a386-3a5c432e8a55',580.00,0,'2023-03-02 09:50:49.626721',NULL,NULL,356,NULL,675,NULL),
(81,'WAC20230302125955','7c607213-d26e-40fe-8b71-750f818912ad',29.00,0,'2023-03-02 09:59:55.850511',NULL,NULL,356,NULL,676,NULL),
(82,'WAC20230302130409','e8d2d8a7-4be5-4e08-97f9-d1f38d2c7d0f',1290.00,0,'2023-03-02 10:04:09.001819',NULL,NULL,356,NULL,677,NULL),
(83,'WAC20230302154532','d26a3e88-54f6-4762-91c6-1724ca7d15ca',97360.00,0,'2023-03-02 12:45:32.038219',NULL,NULL,356,NULL,678,NULL),
(84,'WAC20230302155456','d18cf35c-4b37-4e9e-8067-fd96a00c8271',4620.00,0,'2023-03-02 12:54:56.810569',NULL,NULL,356,NULL,679,NULL),
(85,'WAC20230302161132','0692d850-b476-4e37-a074-391e60c716f6',210.00,0,'2023-03-02 13:11:32.230040',NULL,NULL,356,NULL,680,NULL),
(86,'WAC20230302162043','777ce47d-afc5-40a9-9879-728adb8100ca',2700.00,0,'2023-03-02 13:20:43.537518',NULL,NULL,356,NULL,681,NULL),
(87,'WAC20230303093408','56e39cc9-c80b-48ad-b15c-c5799361b788',100810.00,0,'2023-03-03 06:34:08.492831','2023-03-29 07:46:02.521408',NULL,356,NULL,682,356),
(88,'WAC20230303093438','7c9994e0-240a-4c38-b751-86b75461ef2b',300.00,0,'2023-03-03 06:34:38.806086',NULL,NULL,356,NULL,63,NULL),
(89,'WAC20230303104138','c2d3f49e-c7ce-41b0-ad66-9ecd6a438db0',280.00,0,'2023-03-03 07:41:38.136426',NULL,NULL,356,NULL,683,NULL),
(90,'WAC20230303105540','ec1fc698-a97a-4e7b-a1c0-0c5f92dde02d',30.00,0,'2023-03-03 07:55:40.431770',NULL,NULL,356,NULL,684,NULL),
(91,'WAC20230329104121','978b68b1-7d9a-48e8-bef6-576102c0f9d9',19600.00,0,'2023-03-29 07:41:21.418605',NULL,NULL,356,NULL,183,NULL),
(92,'WAC20230329105218','aa5c11ee-da4e-4f83-9590-328e07f8cbbf',500.00,0,'2023-03-29 07:52:18.184337',NULL,NULL,356,NULL,63,NULL),
(93,'WAC20230329105308','20646adc-3a7b-4af2-896b-ad4b1ac90d01',100.00,0,'2023-03-29 07:53:08.961738',NULL,NULL,356,NULL,63,NULL),
(94,'WAC20230329105331','1957894d-2c45-48d1-b9e3-587b444cac1e',203.00,0,'2023-03-29 07:53:31.407599',NULL,NULL,356,NULL,63,NULL),
(95,'WAC20230329105448','3ccacb47-394d-452e-bcde-d162a5c3f9a9',400.00,0,'2023-03-29 07:54:48.520079',NULL,NULL,356,NULL,63,NULL),
(96,'WAC20230329105505','e991ac85-1043-4e19-8aed-c83b0837dc6a',70.00,0,'2023-03-29 07:55:05.699974',NULL,NULL,356,NULL,63,NULL),
(97,'WAC20230329105522','f5a3b86d-f270-42c1-96e9-c12eef31c870',200.00,0,'2023-03-29 07:55:22.636305',NULL,NULL,356,NULL,63,NULL),
(98,'WAC20230329105550','dc66306c-2839-4921-99ec-5d9d3a297c29',500.00,0,'2023-03-29 07:55:50.976330',NULL,NULL,356,NULL,63,NULL),
(99,'WAC20230622130123','f6e878de-06d4-4c6a-9796-9e86befaa3c1',130.00,0,'2023-06-22 10:01:23.853387',NULL,NULL,356,NULL,698,NULL),
(100,'WAC20230622142535','ca23c384-4fc0-4cb8-bdbd-5c55e93b337c',5750.00,0,'2023-06-22 11:25:35.450919',NULL,NULL,356,NULL,672,NULL),
(101,'WAC20230622142646','192a72c5-162e-4242-89b5-fe12b67dee1e',1500.00,0,'2023-06-22 11:26:46.481161',NULL,NULL,356,NULL,672,NULL),
(102,'WAC20230622142716','39d25648-bf75-4fea-baab-9b6aa2047e24',500.00,0,'2023-06-22 11:27:16.306115',NULL,NULL,356,NULL,672,NULL),
(103,'WAC20230623091554','711f26a8-fc4a-475d-848f-ba2d2a47188d',1400.00,0,'2023-06-23 06:15:54.893361',NULL,NULL,356,NULL,621,NULL),
(104,'WAC20230623091632','837578fe-d567-4034-9a5d-4b0bfb2a020b',4600.00,0,'2023-06-23 06:16:32.962881',NULL,NULL,356,NULL,621,NULL),
(105,'WAC20230623091717','48404dd8-7341-4587-b938-1a0a9900d35b',1650.00,0,'2023-06-23 06:17:17.096012',NULL,NULL,356,NULL,621,NULL),
(106,'WAC20230623091757','d224d983-6d34-48e9-beb9-7f2826b8f00e',2500.00,0,'2023-06-23 06:17:57.683251',NULL,NULL,356,NULL,621,NULL),
(107,'WAC20230623092132','04f2e03a-8ae8-4980-9cb7-035817e1ec58',2500.00,0,'2023-06-23 06:21:32.276477',NULL,NULL,356,NULL,603,NULL),
(108,'WAC20230623092212','965cd4c3-79af-4ef1-80b3-c2ffca2f1893',1200.00,0,'2023-06-23 06:22:12.532302',NULL,NULL,356,NULL,603,NULL),
(109,'WAC20230623092725','1689c2f3-d988-41d6-939e-5bae23d44474',100000.00,0,'2023-06-23 06:27:25.803579',NULL,NULL,356,NULL,682,NULL),
(110,'WAC20230623100943','744a455b-968d-4fc4-8493-d18e815c27a9',5943.00,0,'2023-06-23 07:09:43.164770',NULL,NULL,356,NULL,415,NULL),
(111,'WAC20230623102223','0356fd81-7735-439f-908c-90f0c0379d7d',500.00,0,'2023-06-23 07:22:23.888031',NULL,NULL,356,NULL,613,NULL),
(112,'WAC20230623102352','f272f0f4-ac45-4bc8-a7a9-ad33ed4096b7',1000.00,0,'2023-06-23 07:23:52.669744',NULL,NULL,356,NULL,613,NULL),
(113,'WAC20230623115049','5b352857-1404-4920-b5c3-81936bd7ff74',2100.00,0,'2023-06-23 08:50:49.555719',NULL,NULL,356,NULL,63,NULL),
(114,'WAC20230623115205','4ede7131-71b1-4d29-a6c2-bad28ec97aba',900.00,0,'2023-06-23 08:52:05.629515',NULL,NULL,356,NULL,63,NULL),
(115,'WAC20230623115321','4ed307c7-ea25-4b10-ba01-f8e714f5d45a',30.00,0,'2023-06-23 08:53:21.245691',NULL,NULL,356,NULL,63,NULL),
(116,'WAC20230623115601','4a0e6a39-f568-48db-a2e6-a27d69ae1925',303.00,0,'2023-06-23 08:56:01.917927',NULL,NULL,356,NULL,597,NULL),
(117,'WAC20230623120524','447accb1-e8ff-443b-8a7a-1f7ea4625465',3500.00,0,'2023-06-23 09:05:24.419747',NULL,NULL,356,NULL,699,NULL),
(118,'WAC20230623121059','e5765ce1-a356-4b03-a241-3ca34ac29b25',10950.00,0,'2023-06-23 09:10:59.968821',NULL,NULL,356,NULL,708,NULL),
(119,'WAC20230623121100','40a06368-e6b6-4d0d-bf85-cc289ea9c343',10950.00,0,'2023-06-23 09:11:00.249672',NULL,NULL,356,NULL,708,NULL),
(130,'WAC20230623121101','22bed411-8b3d-4916-b1b6-d00bdd27057b',10950.00,0,'2023-06-23 09:11:01.099091',NULL,NULL,356,NULL,708,NULL),
(145,'WAC20230623121829','4b94deb7-6b5a-43c0-a664-6dabbf75e96d',300.00,0,'2023-06-23 09:18:29.286557',NULL,NULL,356,NULL,710,NULL),
(146,'WAC20230623122227','d5418d27-336d-44d1-a2ee-451d49adabae',500.00,0,'2023-06-23 09:22:27.342846',NULL,NULL,356,NULL,711,NULL),
(147,'WAC20230623122455','37962aec-364d-45bb-a16c-932c9b904055',100.00,0,'2023-06-23 09:24:55.560263',NULL,NULL,356,NULL,712,NULL),
(148,'WAC20230623122722','76558ef3-cb4b-4c5e-9a4e-fa6a3fc868ed',400.00,0,'2023-06-23 09:27:22.194048',NULL,NULL,356,NULL,660,NULL),
(149,'WAC20230623122756','1e82ffad-9d78-4987-bf54-28821c8d725b',640.00,0,'2023-06-23 09:27:56.296100',NULL,NULL,356,NULL,660,NULL),
(150,'WAC20230623144155','b6bb8675-5a6e-4077-bded-c345dbcbaef9',850.00,0,'2023-06-23 11:41:55.846786',NULL,NULL,356,NULL,643,NULL),
(151,'WAC20230623144211','aa6eabb0-f084-4564-8948-2d6da983ec8e',1000.00,0,'2023-06-23 11:42:11.809540',NULL,NULL,356,NULL,643,NULL),
(152,'WAC20230623150000','a08dc9e5-9ee3-4e2d-b7f0-23dd57dfac07',600.00,0,'2023-06-23 12:00:00.231615',NULL,NULL,356,NULL,610,NULL),
(153,'WAC20230623150015','6e627d03-4e08-47a1-b35f-f28a7803a648',1750.00,0,'2023-06-23 12:00:15.042907',NULL,NULL,356,NULL,610,NULL),
(154,'WAC20230704095438','05e08b18-fa92-42fc-85f1-a73a621daeb0',650.00,0,'2023-07-04 06:54:38.664408',NULL,NULL,356,NULL,713,NULL),
(155,'WAC20230704095510','0ec27239-9300-44f0-a812-3c87b87da4ed',700.00,0,'2023-07-04 06:55:10.258786',NULL,NULL,356,NULL,713,NULL),
(156,'WAC20230704095544','4a5f23a8-7a43-4559-9a83-49e9665cc79f',400.00,0,'2023-07-04 06:55:44.669053',NULL,NULL,356,NULL,713,NULL),
(157,'WAC20230707092828','28787144-25d2-41ae-9929-1420cdb7b3fe',200.00,0,'2023-07-07 06:28:28.819935',NULL,NULL,356,NULL,713,NULL),
(158,'WAC20230707092928','46dba843-db59-457a-a31a-9269f70425a1',200.00,0,'2023-07-07 06:29:28.367524',NULL,NULL,356,NULL,713,NULL),
(159,'WAC20230707094054','94ab4a4a-2653-4eb8-af4e-f415dcc9a38f',1.00,0,'2023-07-07 06:40:54.529910','2023-07-07 06:47:10.010640',NULL,356,NULL,203,356),
(160,'WAC20230707094123','349f7da2-785a-443d-bcd5-9cb42866ed29',1.00,0,'2023-07-07 06:41:23.876246','2023-07-07 06:45:34.239019',NULL,356,NULL,203,356),
(161,'WAC20230707094811','3c1d3aaa-4523-4c7e-81a1-fae5e20dd31b',300.00,0,'2023-07-07 06:48:11.306511',NULL,NULL,356,NULL,712,NULL),
(162,'WAC20230707094845','d4475c55-5a44-4c5e-a1a6-def830012030',250.00,0,'2023-07-07 06:48:45.405714',NULL,NULL,356,NULL,712,NULL),
(163,'WAC20230707095018','26e94c66-acdb-438c-83f7-8008b165f092',100.00,0,'2023-07-07 06:50:18.050261',NULL,NULL,356,NULL,710,NULL),
(164,'WAC20230711141510','650dd0a8-abdb-43f2-8a2b-159db3369289',1000.00,0,'2023-07-11 11:15:10.818080',NULL,NULL,356,NULL,613,NULL),
(165,'WAC20230717125356','1c1cdfe5-478d-439a-b333-943d170dee75',5000.00,0,'2023-07-17 09:53:56.322898',NULL,NULL,356,NULL,612,NULL),
(166,'WAC20230725160346','d92f949a-6fbe-4c08-9e36-15994fd077b6',1080.00,0,'2023-07-25 13:03:46.522211',NULL,NULL,356,NULL,621,NULL),
(167,'WAC20230725160435','ef3ed1ba-63a0-4b83-89fb-5680f9925058',7650.00,0,'2023-07-25 13:04:35.757312',NULL,NULL,356,NULL,621,NULL),
(168,'WAC20230725161843','24966321-e034-4f60-b16f-55e2daafd969',1400.00,0,'2023-07-25 13:18:43.324956',NULL,NULL,356,NULL,621,NULL),
(169,'WAC20230803154707','05cf0c68-15ab-4f83-9b56-53995ca4c4ae',900.00,0,'2023-08-03 12:47:07.344326',NULL,NULL,356,NULL,621,NULL),
(170,'WAC20230812093842','258efa2d-40be-4f27-a69b-64b30791eb67',3500.00,0,'2023-08-12 06:38:42.089735',NULL,NULL,356,NULL,461,NULL),
(171,'WAC20230812093909','f95dc2ca-43d2-4091-9d0b-263a99abc0c6',800.00,0,'2023-08-12 06:39:09.712527',NULL,NULL,356,NULL,461,NULL),
(172,'WAC20230812094046','6ebafbc0-2d87-464e-a73e-41154eae2939',450.00,0,'2023-08-12 06:40:46.214348',NULL,NULL,356,NULL,710,NULL),
(173,'WAC20230812094118','c04e7aa2-c843-430a-9d4d-d1275add994e',100.00,0,'2023-08-12 06:41:18.519701',NULL,NULL,356,NULL,710,NULL),
(174,'WAC20230812094152','b84fe53a-2822-46db-a547-1a4f266203e7',900.00,0,'2023-08-12 06:41:52.577166',NULL,NULL,356,NULL,711,NULL),
(175,'WAC20230812094348','78e4fa58-133a-4393-bfb1-59049a90bbb2',100.00,0,'2023-08-12 06:43:48.349179',NULL,NULL,356,NULL,712,NULL),
(176,'WAC20230812094415','9a0c2972-202e-445e-82f2-d1286b200390',100.00,0,'2023-08-12 06:44:15.358727',NULL,NULL,356,NULL,712,NULL),
(177,'WAC20230812094431','568b9057-9701-49fe-b79e-604b531a7e30',200.00,0,'2023-08-12 06:44:31.090293',NULL,NULL,356,NULL,712,NULL),
(178,'WAC20230812094532','3b70934c-0f4e-4535-b43b-0d0aec729ef1',400.00,0,'2023-08-12 06:45:32.609122',NULL,NULL,356,NULL,713,NULL),
(179,'WAC20230812094825','5f8dad0b-06e1-49f8-9a1c-6b72d3bcc0d2',1000.00,0,'2023-08-12 06:48:25.468468',NULL,NULL,356,NULL,720,NULL),
(180,'WAC20230812094844','c9e8643d-40e3-4f41-90a8-ebc3aa0d2bb2',1000.00,0,'2023-08-12 06:48:44.350587',NULL,NULL,356,NULL,720,NULL),
(181,'WAC20230812094859','2b6aa400-42d5-4f10-8109-af04bf3bfdac',3000.00,0,'2023-08-12 06:48:59.282846',NULL,NULL,356,NULL,720,NULL),
(182,'WAC20230812095107','a16c296e-5ebd-4b4a-a772-da3584f99e34',1000.00,0,'2023-08-12 06:51:07.686734',NULL,NULL,356,NULL,720,NULL),
(183,'WAC20230812095415','a2125338-ffb6-4150-b9f4-7d0342c36fc7',9000.00,0,'2023-08-12 06:54:15.384624',NULL,NULL,356,NULL,715,NULL),
(184,'WAC20230812095429','7047baf6-d202-451f-875d-35307ec22a2a',300.00,0,'2023-08-12 06:54:29.264585',NULL,NULL,356,NULL,715,NULL),
(185,'WAC20230812095440','9875929a-ef1d-4c50-b9ce-0c356efaece7',7000.00,0,'2023-08-12 06:54:40.591237',NULL,NULL,356,NULL,715,NULL),
(186,'WAC20230812100612','43b881a7-0d66-47ae-843a-b7218ae5f87f',500.00,0,'2023-08-12 07:06:12.026018',NULL,NULL,356,NULL,721,NULL),
(187,'WAC20230812100630','0a72ab42-0c77-4f68-8dd3-e97a097aa139',1000.00,0,'2023-08-12 07:06:30.208484',NULL,NULL,356,NULL,721,NULL),
(188,'WAC20230812101023','eb8f0776-cd9b-4b63-be0d-bada78a29219',200.00,0,'2023-08-12 07:10:23.642263',NULL,NULL,356,NULL,721,NULL),
(189,'WAC20230812101053','874c302e-5eb7-4aad-8e80-77b49ed2b9f6',200.00,0,'2023-08-12 07:10:53.334336',NULL,NULL,356,NULL,721,NULL),
(190,'WAC20230812101106','9fb16e1f-95c7-4097-824a-f0f6710533b0',200.00,0,'2023-08-12 07:11:06.533292',NULL,NULL,356,NULL,721,NULL),
(191,'WAC20230812101124','0e7db985-1c51-409b-a46e-dbb53375b8cc',200.00,0,'2023-08-12 07:11:24.247299',NULL,NULL,356,NULL,721,NULL),
(192,'WAC20230812101140','a198d169-2065-4a47-9386-e9b2c3f2c6db',700.00,0,'2023-08-12 07:11:40.015678',NULL,NULL,356,NULL,721,NULL),
(193,'WAC20230812101616','ee34a240-7fcc-4dac-8986-152d7bcc3c90',2000.00,0,'2023-08-12 07:16:16.186182',NULL,NULL,356,NULL,183,NULL),
(194,'WAC20230812101630','e993a878-8f65-4591-aa33-cc2c10cdd8a2',500.00,0,'2023-08-12 07:16:30.060376',NULL,NULL,356,NULL,183,NULL),
(195,'WAC20230812101641','eb0c717c-7315-462b-8de4-24d23da6411c',1300.00,0,'2023-08-12 07:16:41.256711',NULL,NULL,356,NULL,183,NULL),
(196,'WAC20230812101654','e7472033-ca96-4fb6-ba0e-e42ccca1162f',3500.00,0,'2023-08-12 07:16:54.530156',NULL,NULL,356,NULL,183,NULL),
(197,'WAC20230812101711','cc125005-b5a8-4a50-87ad-635028c51333',4000.00,0,'2023-08-12 07:17:11.814373',NULL,NULL,356,NULL,183,NULL),
(198,'WAC20230812102521','333ce6d2-8d08-467b-8841-abf008df1650',2000.00,0,'2023-08-12 07:25:21.328453',NULL,NULL,356,NULL,603,NULL),
(199,'WAC20230812102602','fd852433-7aaa-405c-817f-f7f16a75d8ca',1500.00,0,'2023-08-12 07:26:02.535101',NULL,NULL,356,NULL,603,NULL),
(200,'WAC20230812102709','5a997792-d7c1-4e88-b77c-89557299b907',2000.00,0,'2023-08-12 07:27:09.353231',NULL,NULL,356,NULL,602,NULL),
(201,'WAC20230812102727','a47076a6-e1de-425e-aa93-322266080a28',2000.00,0,'2023-08-12 07:27:27.499393',NULL,NULL,356,NULL,602,NULL);

UNLOCK TABLES;

/*Table structure for table `api_balance` */

DROP TABLE IF EXISTS `api_balance`;

CREATE TABLE `api_balance` (
  `id` bigint NOT NULL AUTO_INCREMENT,
  `amount` decimal(8,2) NOT NULL,
  `loan_id` bigint NOT NULL,
  PRIMARY KEY (`id`),
  KEY `api_balance_loan_id_e41492fc_fk_api_loan_id` (`loan_id`),
  CONSTRAINT `api_balance_loan_id_e41492fc_fk_api_loan_id` FOREIGN KEY (`loan_id`) REFERENCES `api_loan` (`id`) ON DELETE RESTRICT ON UPDATE RESTRICT
) ENGINE=InnoDB AUTO_INCREMENT=242 DEFAULT CHARSET=utf8mb4 COLLATE=utf8mb4_general_ci;

/*Data for the table `api_balance` */

LOCK TABLES `api_balance` WRITE;

insert  into `api_balance`(`id`,`amount`,`loan_id`) values 
(1,211000.00,11),
(2,205000.00,11),
(3,62000.00,13),
(4,49015.00,13),
(5,30520.00,14),
(6,12623.00,15),
(7,112000.00,16),
(8,74660.00,16),
(9,48673.55,17),
(10,373995.00,18),
(11,118380.00,20),
(12,42500.00,21),
(13,35840.00,22),
(14,16260.00,22),
(15,74400.00,23),
(16,25272.00,23),
(17,8615.00,25),
(18,95050.00,24),
(19,7615.00,26),
(20,7315.00,26),
(21,8400.00,27),
(22,79050.00,28),
(23,84180.00,29),
(24,71950.00,30),
(25,77544.00,31),
(26,578000.00,32),
(27,101760.00,33),
(28,48700.00,34),
(29,366835.65,35),
(30,116010.00,36),
(31,21130.00,19),
(32,20530.00,19),
(33,62000.00,37),
(34,26310.00,37),
(35,246400.00,38),
(36,20515.00,38),
(37,244800.00,39),
(38,108800.00,39),
(39,0.00,15),
(40,359638.60,40),
(41,226748.60,40),
(42,60950.00,41),
(43,334800.00,42),
(44,250900.00,42),
(45,100800.00,43),
(46,11300.00,43),
(47,57120.00,44),
(48,35510.00,44),
(49,56830.00,45),
(50,168000.00,46),
(51,100440.00,47),
(52,49730.00,47),
(53,22400.00,48),
(54,89600.00,49),
(55,37280.00,49),
(56,594000.00,50),
(57,49600.00,51),
(58,10690.00,51),
(59,4540.00,52),
(60,3940.00,52),
(61,62000.00,53),
(62,22980.00,53),
(63,62000.00,54),
(64,272000.00,55),
(65,37640.00,55),
(66,37005.00,56),
(67,99200.00,57),
(68,53715.00,57),
(69,4660.00,58),
(70,145057.40,59),
(71,81443.40,59),
(72,78400.00,60),
(73,8935.00,60),
(74,33600.00,61),
(75,4830.00,61),
(76,56000.00,62),
(77,500.00,62),
(78,74040.00,63),
(79,89640.00,64),
(80,33615.00,64),
(81,601725.20,65),
(82,381725.20,65),
(83,453369.60,66),
(84,339969.60,66),
(85,112000.00,67),
(86,46625.00,67),
(87,22400.00,68),
(88,2360.00,68),
(89,55800.00,69),
(90,62000.00,70),
(91,37575.00,70),
(92,21470.00,71),
(93,19670.00,71),
(94,204000.00,72),
(95,135960.00,72),
(96,12400.00,73),
(97,186000.00,74),
(98,155000.00,74),
(99,37200.00,75),
(100,30800.00,75),
(101,22400.00,76),
(102,11200.00,76),
(103,52335.00,77),
(104,50235.00,77),
(105,168000.00,78),
(106,56000.00,78),
(107,488090.40,79),
(108,148545.40,79),
(109,134400.00,80),
(110,0.00,80),
(111,51598.40,81),
(112,15598.40,81),
(113,176800.00,82),
(114,22655.00,82),
(115,124000.00,83),
(116,30610.00,83),
(117,204000.00,84),
(118,39895.00,84),
(119,22400.00,85),
(120,3700.00,85),
(121,3250.00,85),
(122,22400.00,86),
(123,5570.00,86),
(124,81600.00,87),
(125,67980.00,87),
(126,189040.00,88),
(127,94450.00,88),
(128,204000.00,89),
(129,150940.00,89),
(130,112000.00,90),
(131,102665.00,90),
(132,56000.00,91),
(133,47400.00,91),
(134,21200.00,92),
(135,3485.00,92),
(136,89600.00,93),
(137,23190.00,93),
(138,136000.00,94),
(139,75520.00,94),
(140,86800.00,95),
(141,30340.00,95),
(142,122400.00,96),
(143,71400.00,96),
(144,22400.00,97),
(145,20530.00,97),
(146,67200.00,98),
(147,56000.00,98),
(148,38150.00,99),
(149,28150.00,99),
(150,62000.00,101),
(151,54245.00,101),
(152,81600.00,102),
(153,72520.00,102),
(154,93000.00,103),
(155,10000.00,103),
(156,189992.00,104),
(157,157012.00,104),
(158,179880.00,105),
(159,174030.00,105),
(160,408000.00,106),
(161,103460.00,106),
(162,41440.00,107),
(163,62000.00,108),
(164,124000.00,12),
(165,118830.00,12),
(166,340000.00,109),
(167,321110.00,109),
(168,18660.00,97),
(169,18000.00,48),
(170,186330.00,11),
(171,10300.00,108),
(172,25960.00,110),
(173,24760.00,110),
(174,56000.00,111),
(175,32650.00,111),
(176,62000.00,112),
(177,6310.00,112),
(178,33600.00,113),
(179,20400.00,113),
(180,62000.00,114),
(181,62000.00,115),
(182,30075.00,115),
(183,39200.00,116),
(184,26090.00,116),
(185,110900.00,42),
(186,167660.00,11),
(187,148990.00,11),
(188,179840.00,40),
(189,0.00,38),
(190,31688.00,44),
(191,527000.00,32),
(192,72250.00,31),
(193,58550.00,41),
(194,94400.00,117),
(195,83900.00,117),
(196,292775.00,109),
(197,85185.00,106),
(198,39100.00,98),
(199,49075.00,101),
(200,4500.00,103),
(201,0.00,105),
(202,68250.00,102),
(203,12710.00,110),
(204,147140.00,104),
(205,13230.00,97),
(206,0.00,92),
(207,36740.00,91),
(208,78255.00,88),
(209,65660.00,89),
(210,69660.00,90),
(211,19500.00,95),
(212,14000.00,78),
(213,27750.00,75),
(214,26900.00,75),
(215,546000.00,50),
(216,38230.00,47),
(217,15300.00,48),
(218,7470.00,49),
(219,103320.00,20),
(220,14920.00,19),
(221,34517.00,17),
(222,61460.00,30),
(223,47015.00,13),
(224,89900.00,33),
(225,5395.00,26),
(226,27900.00,21),
(227,41245.00,57),
(228,54245.00,54),
(229,20820.00,53),
(230,4290.00,81),
(231,42430.00,77),
(232,14695.00,82),
(233,64980.00,87),
(234,77446.40,59),
(235,31720.00,56),
(236,30000.00,55),
(237,0.00,58),
(238,9250.00,69),
(239,157885.00,65),
(240,64850.00,102),
(241,530500.00,50);

UNLOCK TABLES;

/*Table structure for table `api_capitalshares` */

DROP TABLE IF EXISTS `api_capitalshares`;

CREATE TABLE `api_capitalshares` (
  `id` bigint NOT NULL AUTO_INCREMENT,
  `c_share_no` varchar(200) COLLATE utf8mb4_general_ci NOT NULL,
  `transaction_id` varchar(200) COLLATE utf8mb4_general_ci NOT NULL,
  `amount` decimal(8,2) NOT NULL,
  `is_deleted` tinyint(1) NOT NULL,
  `created_on` datetime(6) NOT NULL,
  `updated_on` datetime(6) DEFAULT NULL,
  `deleted_on` datetime(6) DEFAULT NULL,
  `created_by_id` int DEFAULT NULL,
  `deleted_by_id` int DEFAULT NULL,
  `member_id` int NOT NULL,
  `updated_by_id` int DEFAULT NULL,
  PRIMARY KEY (`id`),
  UNIQUE KEY `c_share_no` (`c_share_no`),
  UNIQUE KEY `transaction_id` (`transaction_id`),
  KEY `api_capitalshares_created_by_id_b68d9c07_fk_auth_user_id` (`created_by_id`),
  KEY `api_capitalshares_deleted_by_id_64fd1128_fk_auth_user_id` (`deleted_by_id`),
  KEY `api_capitalshares_member_id_03caf2eb_fk_auth_user_id` (`member_id`),
  KEY `api_capitalshares_updated_by_id_ea7a14a4_fk_auth_user_id` (`updated_by_id`),
  CONSTRAINT `api_capitalshares_created_by_id_b68d9c07_fk_auth_user_id` FOREIGN KEY (`created_by_id`) REFERENCES `auth_user` (`id`) ON DELETE RESTRICT ON UPDATE RESTRICT,
  CONSTRAINT `api_capitalshares_deleted_by_id_64fd1128_fk_auth_user_id` FOREIGN KEY (`deleted_by_id`) REFERENCES `auth_user` (`id`) ON DELETE RESTRICT ON UPDATE RESTRICT,
  CONSTRAINT `api_capitalshares_member_id_03caf2eb_fk_auth_user_id` FOREIGN KEY (`member_id`) REFERENCES `auth_user` (`id`) ON DELETE RESTRICT ON UPDATE RESTRICT,
  CONSTRAINT `api_capitalshares_updated_by_id_ea7a14a4_fk_auth_user_id` FOREIGN KEY (`updated_by_id`) REFERENCES `auth_user` (`id`) ON DELETE RESTRICT ON UPDATE RESTRICT
) ENGINE=InnoDB AUTO_INCREMENT=2 DEFAULT CHARSET=utf8mb4 COLLATE=utf8mb4_general_ci;

/*Data for the table `api_capitalshares` */

LOCK TABLES `api_capitalshares` WRITE;

insert  into `api_capitalshares`(`id`,`c_share_no`,`transaction_id`,`amount`,`is_deleted`,`created_on`,`updated_on`,`deleted_on`,`created_by_id`,`deleted_by_id`,`member_id`,`updated_by_id`) values 
(1,'WCS20230321102623','81232638-b2ab-4ff6-b52d-a066853cf8cb',2400.00,0,'2023-03-21 07:26:23.318741','2023-03-21 07:26:34.933991',NULL,356,NULL,183,356);

UNLOCK TABLES;

/*Table structure for table `api_cheque` */

DROP TABLE IF EXISTS `api_cheque`;

CREATE TABLE `api_cheque` (
  `id` bigint NOT NULL AUTO_INCREMENT,
  `cheque_no` varchar(200) COLLATE utf8mb4_general_ci NOT NULL,
  `transaction_id` varchar(200) COLLATE utf8mb4_general_ci NOT NULL,
  `amount` decimal(8,2) NOT NULL,
  `commission` decimal(8,2) NOT NULL,
  `is_deleted` tinyint(1) NOT NULL,
  `created_on` datetime(6) NOT NULL,
  `updated_on` datetime(6) DEFAULT NULL,
  `deleted_on` datetime(6) DEFAULT NULL,
  `created_by_id` int NOT NULL,
  `deleted_by_id` int DEFAULT NULL,
  `member_id` int NOT NULL,
  `updated_by_id` int DEFAULT NULL,
  PRIMARY KEY (`id`),
  UNIQUE KEY `cheque_no` (`cheque_no`),
  UNIQUE KEY `transaction_id` (`transaction_id`),
  KEY `api_cheque_created_by_id_67aabda9_fk_auth_user_id` (`created_by_id`),
  KEY `api_cheque_deleted_by_id_4fafeec0_fk_auth_user_id` (`deleted_by_id`),
  KEY `api_cheque_member_id_d549c1d8_fk_auth_user_id` (`member_id`),
  KEY `api_cheque_updated_by_id_cd5077a0_fk_auth_user_id` (`updated_by_id`),
  CONSTRAINT `api_cheque_created_by_id_67aabda9_fk_auth_user_id` FOREIGN KEY (`created_by_id`) REFERENCES `auth_user` (`id`) ON DELETE RESTRICT ON UPDATE RESTRICT,
  CONSTRAINT `api_cheque_deleted_by_id_4fafeec0_fk_auth_user_id` FOREIGN KEY (`deleted_by_id`) REFERENCES `auth_user` (`id`) ON DELETE RESTRICT ON UPDATE RESTRICT,
  CONSTRAINT `api_cheque_member_id_d549c1d8_fk_auth_user_id` FOREIGN KEY (`member_id`) REFERENCES `auth_user` (`id`) ON DELETE RESTRICT ON UPDATE RESTRICT,
  CONSTRAINT `api_cheque_updated_by_id_cd5077a0_fk_auth_user_id` FOREIGN KEY (`updated_by_id`) REFERENCES `auth_user` (`id`) ON DELETE RESTRICT ON UPDATE RESTRICT
) ENGINE=InnoDB AUTO_INCREMENT=2 DEFAULT CHARSET=utf8mb4 COLLATE=utf8mb4_general_ci;

/*Data for the table `api_cheque` */

LOCK TABLES `api_cheque` WRITE;

insert  into `api_cheque`(`id`,`cheque_no`,`transaction_id`,`amount`,`commission`,`is_deleted`,`created_on`,`updated_on`,`deleted_on`,`created_by_id`,`deleted_by_id`,`member_id`,`updated_by_id`) values 
(1,'WCH20230328155656','40c29390-49de-4ad2-b0a2-4fd4f88d633b',500.00,50.00,0,'2023-03-28 12:56:56.478574',NULL,NULL,356,NULL,13,NULL);

UNLOCK TABLES;

/*Table structure for table `api_counter` */

DROP TABLE IF EXISTS `api_counter`;

CREATE TABLE `api_counter` (
  `id` bigint NOT NULL AUTO_INCREMENT,
  `s_users` int DEFAULT NULL,
  `s_active_users` int DEFAULT NULL,
  `s_inactive_users` int DEFAULT NULL,
  `s_members` int DEFAULT NULL,
  `s_paid_reg` int DEFAULT NULL,
  `s_unpaid_reg` int DEFAULT NULL,
  `s_loans` int DEFAULT NULL,
  `s_paid_loans` int DEFAULT NULL,
  `s_unpaid_loans` int DEFAULT NULL,
  `t_loans` int DEFAULT NULL,
  `l_this_month` int DEFAULT NULL,
  `l_last_month` int DEFAULT NULL,
  `l_this_year` int DEFAULT NULL,
  `l_last_year` int DEFAULT NULL,
  `t_loan` int DEFAULT NULL,
  `updated_on` datetime(6) NOT NULL,
  PRIMARY KEY (`id`)
) ENGINE=InnoDB AUTO_INCREMENT=2 DEFAULT CHARSET=latin1;

/*Data for the table `api_counter` */

LOCK TABLES `api_counter` WRITE;

insert  into `api_counter`(`id`,`s_users`,`s_active_users`,`s_inactive_users`,`s_members`,`s_paid_reg`,`s_unpaid_reg`,`s_loans`,`s_paid_loans`,`s_unpaid_loans`,`t_loans`,`l_this_month`,`l_last_month`,`l_this_year`,`l_last_year`,`t_loan`,`updated_on`) values 
(1,2,1,0,690,6,685,108,763150,13768129,NULL,924651,NULL,1539550,6317634,14531279,'2023-08-12 07:09:22.000000');

UNLOCK TABLES;

/*Table structure for table `api_fines` */

DROP TABLE IF EXISTS `api_fines`;

CREATE TABLE `api_fines` (
  `id` bigint NOT NULL AUTO_INCREMENT,
  `amount` decimal(8,2) NOT NULL,
  `created_on` datetime(6) NOT NULL,
  `updated_on` datetime(6) DEFAULT NULL,
  `deleted_on` datetime(6) DEFAULT NULL,
  `created_by_id` int DEFAULT NULL,
  `deleted_by_id` int DEFAULT NULL,
  `loan_id` bigint NOT NULL,
  `updated_by_id` int DEFAULT NULL,
  `fine_no` varchar(200) NOT NULL,
  `transaction_id` varchar(200) NOT NULL,
  `is_paid` tinyint(1) NOT NULL,
  PRIMARY KEY (`id`),
  UNIQUE KEY `fine_no` (`fine_no`),
  UNIQUE KEY `transaction_id` (`transaction_id`),
  KEY `api_fines_created_by_id_3dbbe0cb_fk_auth_user_id` (`created_by_id`),
  KEY `api_fines_deleted_by_id_9aded876_fk_auth_user_id` (`deleted_by_id`),
  KEY `api_fines_loan_id_2b902742_fk_api_loan_id` (`loan_id`),
  KEY `api_fines_updated_by_id_41337963_fk_auth_user_id` (`updated_by_id`),
  CONSTRAINT `api_fines_created_by_id_3dbbe0cb_fk_auth_user_id` FOREIGN KEY (`created_by_id`) REFERENCES `auth_user` (`id`),
  CONSTRAINT `api_fines_deleted_by_id_9aded876_fk_auth_user_id` FOREIGN KEY (`deleted_by_id`) REFERENCES `auth_user` (`id`),
  CONSTRAINT `api_fines_loan_id_2b902742_fk_api_loan_id` FOREIGN KEY (`loan_id`) REFERENCES `api_loan` (`id`),
  CONSTRAINT `api_fines_updated_by_id_41337963_fk_auth_user_id` FOREIGN KEY (`updated_by_id`) REFERENCES `auth_user` (`id`)
) ENGINE=InnoDB AUTO_INCREMENT=3 DEFAULT CHARSET=latin1;

/*Data for the table `api_fines` */

LOCK TABLES `api_fines` WRITE;

insert  into `api_fines`(`id`,`amount`,`created_on`,`updated_on`,`deleted_on`,`created_by_id`,`deleted_by_id`,`loan_id`,`updated_by_id`,`fine_no`,`transaction_id`,`is_paid`) values 
(1,150.00,'2023-07-07 07:27:14.942709',NULL,NULL,356,NULL,75,NULL,'WFN20230707102714','e7cb3efb-825a-48f9-9fa4-82928ae9210d',0),
(2,4500.00,'2023-07-11 08:09:58.446040',NULL,NULL,356,NULL,50,NULL,'WFN20230711110958','f414ceb0-6c7e-4a95-9d7e-f1671cd08090',0);

UNLOCK TABLES;

/*Table structure for table `api_loan` */

DROP TABLE IF EXISTS `api_loan`;

CREATE TABLE `api_loan` (
  `id` bigint NOT NULL AUTO_INCREMENT,
  `loan_no` varchar(200) COLLATE utf8mb4_general_ci NOT NULL,
  `transaction_id` varchar(200) COLLATE utf8mb4_general_ci NOT NULL,
  `amount` decimal(8,2) NOT NULL,
  `interest_rate` int NOT NULL,
  `interest` decimal(8,2) NOT NULL,
  `insuarance_rate` int NOT NULL,
  `insurance` decimal(8,2) NOT NULL,
  `balance` decimal(8,2) NOT NULL,
  `total` decimal(8,2) NOT NULL,
  `is_paid` tinyint(1) NOT NULL,
  `status` varchar(200) COLLATE utf8mb4_general_ci NOT NULL,
  `months` int NOT NULL,
  `due_date` datetime(6) NOT NULL,
  `is_deleted` tinyint(1) NOT NULL,
  `created_on` datetime(6) NOT NULL,
  `updated_on` datetime(6) DEFAULT NULL,
  `deleted_on` datetime(6) DEFAULT NULL,
  `created_by_id` int NOT NULL,
  `deleted_by_id` int DEFAULT NULL,
  `updated_by_id` int DEFAULT NULL,
  `loan_fees_id` bigint NOT NULL,
  `fines` decimal(8,2) DEFAULT NULL,
  PRIMARY KEY (`id`),
  UNIQUE KEY `loan_no` (`loan_no`),
  UNIQUE KEY `transaction_id` (`transaction_id`),
  KEY `api_loan_created_by_id_b67a3196_fk_auth_user_id` (`created_by_id`),
  KEY `api_loan_deleted_by_id_86255c4b_fk_auth_user_id` (`deleted_by_id`),
  KEY `api_loan_updated_by_id_0e71a51f_fk_auth_user_id` (`updated_by_id`),
  KEY `api_loan_loan_fees_id_43608e41_fk_api_loanfee_id` (`loan_fees_id`),
  CONSTRAINT `api_loan_created_by_id_b67a3196_fk_auth_user_id` FOREIGN KEY (`created_by_id`) REFERENCES `auth_user` (`id`) ON DELETE RESTRICT ON UPDATE RESTRICT,
  CONSTRAINT `api_loan_deleted_by_id_86255c4b_fk_auth_user_id` FOREIGN KEY (`deleted_by_id`) REFERENCES `auth_user` (`id`) ON DELETE RESTRICT ON UPDATE RESTRICT,
  CONSTRAINT `api_loan_loan_fees_id_43608e41_fk_api_loanfee_id` FOREIGN KEY (`loan_fees_id`) REFERENCES `api_loanfee` (`id`) ON DELETE RESTRICT ON UPDATE RESTRICT,
  CONSTRAINT `api_loan_updated_by_id_0e71a51f_fk_auth_user_id` FOREIGN KEY (`updated_by_id`) REFERENCES `auth_user` (`id`) ON DELETE RESTRICT ON UPDATE RESTRICT
) ENGINE=InnoDB AUTO_INCREMENT=119 DEFAULT CHARSET=utf8mb4 COLLATE=utf8mb4_general_ci;

/*Data for the table `api_loan` */

LOCK TABLES `api_loan` WRITE;

insert  into `api_loan`(`id`,`loan_no`,`transaction_id`,`amount`,`interest_rate`,`interest`,`insuarance_rate`,`insurance`,`balance`,`total`,`is_paid`,`status`,`months`,`due_date`,`is_deleted`,`created_on`,`updated_on`,`deleted_on`,`created_by_id`,`deleted_by_id`,`updated_by_id`,`loan_fees_id`,`fines`) values 
(11,'WLN20230228143205','9584e8eb-7b07-484e-aeaa-7677bd5ca427',200000.00,1,24000.00,3,6000.00,148990.00,230000.00,0,'Disbursed',12,'2024-02-27 21:00:00.000000',0,'2023-02-28 11:32:05.880054',NULL,NULL,356,NULL,NULL,11,0.00),
(12,'WLN20230307115316','7eb96bb2-9696-4d6b-a283-0a33fef835d8',100000.00,1,24000.00,3,3000.00,118830.00,127000.00,0,'Disbursed',24,'2025-03-06 21:00:00.000000',0,'2023-03-07 08:53:16.739179',NULL,NULL,356,NULL,NULL,12,NULL),
(13,'WLN20230316153639','b579e348-a502-4c90-b591-047a8f1de353',50000.00,1,12000.00,3,1500.00,47015.00,63500.00,0,'Disbursed',24,'2024-09-08 21:00:00.000000',0,'2022-09-08 21:00:00.000000',NULL,NULL,356,NULL,NULL,13,0.00),
(14,'WLN20230316155604','cc58a7d8-2775-4c99-9a26-38b3d82eee75',80000.00,1,9600.00,3,2400.00,30520.00,92000.00,0,'Disbursed',12,'2023-05-09 21:00:00.000000',0,'2022-05-09 21:00:00.000000',NULL,NULL,356,NULL,NULL,14,NULL),
(15,'WLN20230317113951','a4ac8ff3-6ee6-4481-b446-ea7d19b2101f',50000.00,1,6000.00,3,1500.00,0.00,57500.00,1,'Disbursed',12,'2021-11-18 21:00:00.000000',0,'2020-11-18 21:00:00.000000',NULL,NULL,356,NULL,NULL,15,NULL),
(16,'WLN20230317130839','be6e9363-1c46-4774-aabc-42b10c4c3bf5',100000.00,1,12000.00,3,3000.00,74660.00,115000.00,0,'Disbursed',12,'2023-10-26 21:00:00.000000',0,'2022-10-26 21:00:00.000000',NULL,NULL,356,NULL,NULL,16,NULL),
(17,'WLN20230317143752','10aa86f1-5d86-4548-8d2b-8af904477d7e',58865.00,1,14127.60,3,1765.95,34517.00,74758.55,0,'Disbursed',24,'2024-06-09 21:00:00.000000',0,'2022-06-09 21:00:00.000000',NULL,NULL,356,NULL,NULL,18,0.00),
(18,'WLN20230317144228','585e3a10-87cb-4616-8f48-75e87980bc62',300000.00,1,108000.00,3,9000.00,373995.00,417000.00,0,'Disbursed',36,'2025-12-02 21:00:00.000000',0,'2022-12-02 21:00:00.000000',NULL,NULL,356,NULL,NULL,19,NULL),
(19,'WLN20230317144237','e26c0354-f510-41d7-b998-f4e404c1fbfc',20000.00,1,2400.00,3,600.00,14920.00,23000.00,0,'Disbursed',12,'2024-02-01 21:00:00.000000',0,'2023-02-01 21:00:00.000000',NULL,NULL,356,NULL,NULL,20,0.00),
(20,'WLN20230317144530','c67bbeac-2716-40fd-9191-0be3617c2de2',100000.00,1,24000.00,3,3000.00,103320.00,127000.00,0,'Disbursed',24,'2025-02-10 21:00:00.000000',0,'2023-02-10 21:00:00.000000',NULL,NULL,356,NULL,NULL,21,0.00),
(21,'WLN20230317145103','a166693f-30b4-4bb3-8e2c-dc8d0f32ed23',60000.00,1,14400.00,3,1800.00,27900.00,76200.00,0,'Disbursed',24,'2024-04-03 21:00:00.000000',0,'2022-04-03 21:00:00.000000',NULL,NULL,356,NULL,NULL,22,0.00),
(22,'WLN20230317151200','9f114b33-4e68-44c2-9707-105ac35dcd87',32000.00,1,3840.00,3,960.00,16260.00,36800.00,0,'Disbursed',12,'2022-04-18 21:00:00.000000',0,'2021-04-18 21:00:00.000000',NULL,NULL,356,NULL,NULL,24,NULL),
(23,'WLN20230317152334','b2d9c96e-9c6b-4fc6-9093-ac32b0999b28',60000.00,1,14400.00,3,1800.00,25272.00,76200.00,0,'Disbursed',24,'2021-05-23 21:00:00.000000',0,'2019-05-23 21:00:00.000000',NULL,NULL,356,NULL,NULL,26,NULL),
(24,'WLN20230317152930','95ed1d09-255e-47de-91a4-9671702a4cea',80000.00,1,19200.00,3,2400.00,95050.00,101600.00,0,'Disbursed',24,'2024-12-30 21:00:00.000000',0,'2022-12-30 21:00:00.000000',NULL,NULL,356,NULL,NULL,27,NULL),
(25,'WLN20230317153640','d42fe2c3-a4e7-437a-93a3-6f65ec47fafb',37000.00,1,6660.00,3,1110.00,8615.00,44770.00,0,'Disbursed',18,'2023-01-18 21:00:00.000000',0,'2021-07-18 21:00:00.000000',NULL,NULL,356,NULL,NULL,28,NULL),
(26,'WLN20230317154409','d1d9a9c4-23ce-4ca1-9a67-02eccfdea2c4',10000.00,1,1200.00,3,300.00,5395.00,11500.00,0,'Disbursed',12,'2023-11-15 21:00:00.000000',0,'2022-11-15 21:00:00.000000',NULL,NULL,356,NULL,NULL,29,0.00),
(27,'WLN20230317155431','8204af5e-cb89-4308-a1ef-22ca93a918b5',15000.00,1,1800.00,3,450.00,8400.00,17250.00,0,'Disbursed',12,'2023-09-11 21:00:00.000000',0,'2022-09-11 21:00:00.000000',NULL,NULL,356,NULL,NULL,30,NULL),
(28,'WLN20230317160126','f8acb8b5-86c3-4a27-b96e-6008abfd0139',90000.00,1,21600.00,3,2700.00,79050.00,114300.00,0,'Disbursed',24,'2024-08-03 21:00:00.000000',0,'2022-08-03 21:00:00.000000',NULL,NULL,356,NULL,NULL,32,NULL),
(29,'WLN20230317160835','9cafed61-9ca3-4553-9d53-a67358fa87b1',100000.00,1,24000.00,3,3000.00,84180.00,127000.00,0,'Disbursed',24,'2024-08-30 21:00:00.000000',0,'2022-08-30 21:00:00.000000',NULL,NULL,356,NULL,NULL,33,NULL),
(30,'WLN20230317163448','57a917de-9883-40f2-8ad2-e292433c71ed',70000.00,1,16800.00,3,2100.00,61460.00,88900.00,0,'Disbursed',24,'2024-11-08 21:00:00.000000',0,'2022-11-08 21:00:00.000000',NULL,NULL,356,NULL,NULL,34,0.00),
(31,'WLN20230318091935','86087848-ae63-4cc7-a871-22ade6fbaac2',60400.00,1,21744.00,3,1812.00,72250.00,83956.00,0,'Disbursed',36,'2025-09-09 21:00:00.000000',0,'2022-09-09 21:00:00.000000',NULL,NULL,356,NULL,NULL,35,0.00),
(32,'WLN20230318092631','6bdf4cfb-ba0d-415b-82e9-23a414f33602',450000.00,1,162000.00,3,13500.00,527000.00,625500.00,0,'Disbursed',36,'2025-12-30 21:00:00.000000',0,'2022-12-30 21:00:00.000000',NULL,NULL,356,NULL,NULL,36,0.00),
(33,'WLN20230318104909','605d2c75-7255-4187-b00d-d1cef57ac676',100000.00,1,36000.00,3,3000.00,89900.00,139000.00,0,'Disbursed',36,'2025-01-14 21:00:00.000000',0,'2022-01-14 21:00:00.000000',NULL,NULL,356,NULL,NULL,37,0.00),
(34,'WLN20230318105902','aca2692a-1a0e-4b65-8c0f-3291098af713',60000.00,1,14400.00,3,1800.00,48700.00,76200.00,0,'Disbursed',24,'2023-09-05 21:00:00.000000',0,'2021-09-05 21:00:00.000000',NULL,NULL,356,NULL,NULL,38,NULL),
(35,'WLN20230318114015','1c3e0293-790f-4f86-a25e-0849b98d3d87',320835.00,1,115500.60,3,9625.05,366835.65,445960.65,0,'Disbursed',36,'2025-10-14 21:00:00.000000',0,'2022-10-14 21:00:00.000000',NULL,NULL,356,NULL,NULL,39,NULL),
(36,'WLN20230318115216','0b88f18d-b63b-41fc-99b0-fab90c1c959b',200000.00,1,72000.00,3,6000.00,116010.00,278000.00,0,'Disbursed',36,'2024-06-10 21:00:00.000000',0,'2021-06-10 21:00:00.000000',NULL,NULL,356,NULL,NULL,40,NULL),
(37,'WLN20230322145858','92975931-0678-469c-b5e4-1aa2d4f8c2dd',50000.00,1,12000.00,3,1500.00,26310.00,63500.00,0,'Disbursed',24,'2024-01-19 21:00:00.000000',0,'2022-01-19 21:00:00.000000',NULL,NULL,356,NULL,NULL,41,NULL),
(38,'WLN20230322150935','d9277505-e1fa-40e6-9b2a-ca671498fe08',220000.00,1,26400.00,3,6600.00,0.00,253000.00,1,'Disbursed',12,'2023-04-29 21:00:00.000000',0,'2022-04-29 21:00:00.000000',NULL,NULL,356,NULL,NULL,42,0.00),
(39,'WLN20230322154003','05d29d74-f8b0-4a63-b39f-5c90fb796e9a',180000.00,1,64800.00,3,5400.00,108800.00,250200.00,0,'Disbursed',36,'2024-02-23 21:00:00.000000',0,'2021-02-23 21:00:00.000000',NULL,NULL,356,NULL,NULL,43,NULL),
(40,'WLN20230324112056','7a024faa-f97c-483d-8397-13ec626f90db',264440.00,1,95198.40,3,7933.20,179840.00,367571.60,0,'Disbursed',36,'2024-12-07 21:00:00.000000',0,'2021-12-07 21:00:00.000000',NULL,NULL,356,NULL,NULL,44,0.00),
(41,'WLN20230324113646','802322d4-0d04-4a18-8569-86910f00c3d7',60000.00,1,21600.00,3,1800.00,58550.00,83400.00,0,'Disbursed',36,'2025-03-10 21:00:00.000000',0,'2022-03-10 21:00:00.000000',NULL,NULL,356,NULL,NULL,45,0.00),
(42,'WLN20230324114307','a9a7aaf4-14f1-4d9e-ae9a-a19af2a8e45f',270000.00,1,64800.00,3,8100.00,110900.00,342900.00,0,'Disbursed',24,'2024-09-02 21:00:00.000000',0,'2022-09-02 21:00:00.000000',NULL,NULL,356,NULL,NULL,46,NULL),
(43,'WLN20230324115035','2b527807-51c8-4bba-ada5-434dc3edfd50',90000.00,1,10800.00,3,2700.00,11300.00,103500.00,0,'Disbursed',12,'2023-08-08 21:00:00.000000',0,'2022-08-08 21:00:00.000000',NULL,NULL,356,NULL,NULL,47,NULL),
(44,'WLN20230324120738','624355a8-40d2-4b1c-82de-c12a688b887d',42000.00,1,15120.00,3,1260.00,31688.00,58380.00,0,'Disbursed',36,'2024-02-10 21:00:00.000000',0,'2021-02-10 21:00:00.000000',NULL,NULL,356,NULL,NULL,48,0.00),
(45,'WLN20230324121907','cec9c43d-775a-47b4-807a-922021fb091a',50000.00,1,12000.00,3,1500.00,56830.00,63500.00,0,'Disbursed',24,'2025-01-17 21:00:00.000000',0,'2023-01-17 21:00:00.000000',NULL,NULL,356,NULL,NULL,49,NULL),
(46,'WLN20230324122920','975835f0-1513-41fd-be42-779b30d01709',150000.00,1,18000.00,3,4500.00,168000.00,172500.00,0,'Disbursed',12,'2024-03-17 21:00:00.000000',0,'2023-03-17 21:00:00.000000',NULL,NULL,356,NULL,NULL,50,NULL),
(47,'WLN20230324123535','ca24bf65-84f5-42e0-b886-229190316e6b',81000.00,1,19440.00,3,2430.00,38230.00,102870.00,0,'Disbursed',24,'2024-02-07 21:00:00.000000',0,'2022-02-07 21:00:00.000000',NULL,NULL,356,NULL,NULL,51,0.00),
(48,'WLN20230324125001','43085dd1-7545-44e9-a8cf-30c093b06254',30000.00,1,3600.00,3,900.00,15300.00,34500.00,0,'Disbursed',12,'2023-08-17 21:00:00.000000',0,'2022-08-17 21:00:00.000000',NULL,NULL,356,NULL,NULL,52,0.00),
(49,'WLN20230324125533','ac83c84e-b3b8-446e-89f2-f91e0aa34935',80000.00,1,9600.00,3,2400.00,7470.00,92000.00,0,'Disbursed',12,'2023-07-28 21:00:00.000000',0,'2022-07-28 21:00:00.000000',NULL,NULL,356,NULL,NULL,53,0.00),
(50,'WLN20230324130029','400e41f6-86ed-4bbf-824a-54af1ea8f42b',450000.00,1,162000.00,3,13500.00,535000.00,630000.00,0,'Disbursed',36,'2025-02-28 21:00:00.000000',0,'2022-02-28 21:00:00.000000',NULL,NULL,356,NULL,NULL,54,4500.00),
(51,'WLN20230324130512','2f440586-b1c1-4cfa-8794-a80eaa09d192',40000.00,1,9600.00,3,1200.00,10690.00,50800.00,0,'Disbursed',24,'2021-10-07 21:00:00.000000',0,'2019-10-07 21:00:00.000000',NULL,NULL,356,NULL,NULL,55,NULL),
(52,'WLN20230324154932','38b55915-f281-47f7-a0a1-e2217471ba61',20000.00,1,2400.00,3,600.00,3940.00,23000.00,0,'Disbursed',12,'2021-12-29 21:00:00.000000',0,'2020-12-29 21:00:00.000000',NULL,NULL,356,NULL,NULL,56,NULL),
(53,'WLN20230329122404','165d36a2-817d-4f8c-8bd5-0cff7ff6919b',50000.00,1,12000.00,3,1500.00,20820.00,63500.00,0,'Disbursed',24,'2023-06-21 21:00:00.000000',0,'2021-06-21 21:00:00.000000',NULL,NULL,356,NULL,NULL,57,0.00),
(54,'WLN20230329123018','aa1700eb-a47d-44d7-86d6-df99ab824671',50000.00,1,12000.00,3,1500.00,54245.00,63500.00,0,'Disbursed',24,'2025-03-06 21:00:00.000000',0,'2023-03-06 21:00:00.000000',NULL,NULL,356,NULL,NULL,58,0.00),
(55,'WLN20230329123436','b55ee147-6558-4802-9019-6864f15604d1',200000.00,1,72000.00,3,6000.00,30000.00,278000.00,0,'Disbursed',36,'2021-08-19 21:00:00.000000',0,'2018-08-19 21:00:00.000000',NULL,NULL,356,NULL,NULL,59,0.00),
(56,'WLN20230329161142','90dda358-13b7-4e3e-9c6f-ef0fbdb568bb',47500.00,1,8550.00,3,1425.00,31720.00,57475.00,0,'Disbursed',18,'2023-11-29 21:00:00.000000',0,'2022-05-29 21:00:00.000000',NULL,NULL,356,NULL,NULL,60,0.00),
(57,'WLN20230329162554','7e7383dc-92be-4a62-8a2f-4091de5b0090',80000.00,1,19200.00,3,2400.00,41245.00,101600.00,0,'Disbursed',24,'2024-02-13 21:00:00.000000',0,'2022-02-13 21:00:00.000000',NULL,NULL,356,NULL,NULL,61,0.00),
(58,'WLN20230330102131','52284158-87db-4360-83a1-e894e8a75d43',20000.00,1,1200.00,3,600.00,0.00,21800.00,1,'Disbursed',6,'2023-04-16 21:00:00.000000',0,'2022-10-16 21:00:00.000000',NULL,NULL,356,NULL,NULL,62,0.00),
(59,'WLN20230330111025','9c43d8fd-b85b-4732-a750-4fd361a39118',106660.00,1,38397.60,3,3199.80,77446.40,148257.40,0,'Disbursed',36,'2024-04-27 21:00:00.000000',0,'2021-04-27 21:00:00.000000',NULL,NULL,356,NULL,NULL,63,0.00),
(60,'WLN20230330111904','4b5ba733-2df0-4757-8bac-70ec7f5589db',70000.00,1,8400.00,3,2100.00,8935.00,80500.00,0,'Disbursed',12,'2022-09-15 21:00:00.000000',0,'2021-09-15 21:00:00.000000',NULL,NULL,356,NULL,NULL,64,NULL),
(61,'WLN20230330112946','aea05411-2e47-46e7-a642-2caac66f6ff8',30000.00,1,3600.00,3,900.00,4830.00,34500.00,0,'Disbursed',12,'2022-01-27 21:00:00.000000',0,'2021-01-27 21:00:00.000000',NULL,NULL,356,NULL,NULL,65,NULL),
(62,'WLN20230330113421','84f79379-21f1-48ef-8441-2c08b9dba7e4',50000.00,1,6000.00,3,1500.00,500.00,57500.00,0,'Disbursed',12,'2021-11-06 21:00:00.000000',0,'2020-11-06 21:00:00.000000',NULL,NULL,356,NULL,NULL,66,NULL),
(63,'WLN20230330121718','e0b70af3-5bb0-4ed5-9da2-478be6505b10',190000.00,1,22800.00,3,5700.00,74040.00,218500.00,0,'Disbursed',12,'2020-08-29 21:00:00.000000',0,'2019-08-29 21:00:00.000000',NULL,NULL,356,NULL,NULL,67,NULL),
(64,'WLN20230330125326','4de50b2a-e6e8-466c-922c-351c71e046a6',83000.00,1,6640.00,3,2490.00,33615.00,92130.00,0,'Disbursed',8,'2023-06-24 21:00:00.000000',0,'2022-10-24 21:00:00.000000',NULL,NULL,356,NULL,NULL,68,NULL),
(65,'WLN20230330130103','3200d15c-40ed-4d34-a57c-6732da23bb0b',442445.00,1,159280.20,3,13273.35,157885.00,614998.55,0,'Disbursed',36,'2024-10-24 21:00:00.000000',0,'2021-10-24 21:00:00.000000',NULL,NULL,356,NULL,NULL,69,0.00),
(66,'WLN20230330143208','3f8e875b-dade-46a3-b459-058c1ce35884',333360.00,1,120009.60,3,10000.80,339969.60,463370.40,0,'Disbursed',36,'2025-06-03 21:00:00.000000',0,'2022-06-03 21:00:00.000000',NULL,NULL,356,NULL,NULL,70,NULL),
(67,'WLN20230330143909','a8dc2d47-1b29-4130-9009-bf24da1de904',100000.00,1,12000.00,3,3000.00,46625.00,115000.00,0,'Disbursed',12,'2023-06-24 21:00:00.000000',0,'2022-06-24 21:00:00.000000',NULL,NULL,356,NULL,NULL,71,NULL),
(68,'WLN20230330145501','dbf11bf5-60ea-4ed4-a5ea-18c0e1287776',20000.00,1,2400.00,3,600.00,2360.00,23000.00,0,'Disbursed',12,'2022-01-18 21:00:00.000000',0,'2021-01-18 21:00:00.000000',NULL,NULL,356,NULL,NULL,72,NULL),
(69,'WLN20230330145939','7f3e4dac-130b-48a4-88ff-39d5fb790484',45000.00,1,10800.00,3,1350.00,9250.00,57150.00,0,'Disbursed',24,'2022-08-27 21:00:00.000000',0,'2020-08-27 21:00:00.000000',NULL,NULL,356,NULL,NULL,73,0.00),
(70,'WLN20230330151433','4a1c8ed9-9570-4e1d-b728-77c728510df7',50000.00,1,12000.00,3,1500.00,37575.00,63500.00,0,'Disbursed',24,'2023-06-11 21:00:00.000000',0,'2021-06-11 21:00:00.000000',NULL,NULL,356,NULL,NULL,74,NULL),
(71,'WLN20230330153200','cd40695c-abc3-4840-a3cd-7abdc497b4a9',60000.00,1,14400.00,3,1800.00,19670.00,76200.00,0,'Disbursed',24,'2021-07-21 21:00:00.000000',0,'2019-07-21 21:00:00.000000',NULL,NULL,356,NULL,NULL,75,NULL),
(72,'WLN20230330161505','390c327b-f472-41ae-8a85-de218cd221ba',150000.00,1,54000.00,3,4500.00,135960.00,208500.00,0,'Disbursed',36,'2024-09-03 21:00:00.000000',0,'2021-09-03 21:00:00.000000',NULL,NULL,356,NULL,NULL,76,NULL),
(73,'WLN20230330162120','c1c4c344-e8ec-4a7b-aedf-cf08942db80f',20000.00,1,2400.00,3,600.00,12400.00,23000.00,0,'Disbursed',12,'2023-10-20 21:00:00.000000',0,'2022-10-20 21:00:00.000000',NULL,NULL,356,NULL,NULL,77,NULL),
(74,'WLN20230330162824','8419f47d-682c-4095-899f-ad0fd4100a0f',150000.00,1,36000.00,3,4500.00,155000.00,190500.00,0,'Disbursed',24,'2024-11-11 21:00:00.000000',0,'2022-11-11 21:00:00.000000',NULL,NULL,356,NULL,NULL,78,NULL),
(75,'WLN20230330164025','a3e41e2f-62a1-472c-9e90-839472d6a822',30000.00,1,7200.00,3,900.00,27050.00,38250.00,0,'Disbursed',24,'2024-10-11 21:00:00.000000',0,'2022-10-11 21:00:00.000000',NULL,NULL,356,NULL,NULL,79,150.00),
(76,'WLN20230330164449','60f32a72-6b98-429a-bbae-39e5a9099978',20000.00,1,2400.00,3,600.00,11200.00,23000.00,0,'Disbursed',12,'2023-09-13 21:00:00.000000',0,'2022-09-13 21:00:00.000000',NULL,NULL,356,NULL,NULL,80,NULL),
(77,'WLN20230330164954','bb883d5e-38bd-43db-949a-b0728e65e581',70000.00,1,25200.00,3,2100.00,42430.00,97300.00,0,'Disbursed',36,'2024-09-28 21:00:00.000000',0,'2021-09-28 21:00:00.000000',NULL,NULL,356,NULL,NULL,81,0.00),
(78,'WLN20230401100632','4c3b1ae0-ec71-4b4e-acf1-19eb56068a04',150000.00,1,18000.00,3,4500.00,14000.00,172500.00,0,'Disbursed',12,'2023-07-24 21:00:00.000000',0,'2022-07-24 21:00:00.000000',NULL,NULL,356,NULL,NULL,82,0.00),
(79,'WLN20230401101212','4b938804-73a3-46b4-a781-6d81d4f3e360',358890.00,1,129200.40,3,10766.70,148545.40,498857.10,0,'Disbursed',36,'2022-04-24 21:00:00.000000',0,'2019-04-24 21:00:00.000000',NULL,NULL,356,NULL,NULL,83,NULL),
(80,'WLN20230401103221','56aa0415-6c32-4069-ab63-6dc31a821ca9',120000.00,1,14400.00,3,3600.00,0.00,138000.00,1,'Disbursed',12,'2022-08-16 21:00:00.000000',0,'2021-08-16 21:00:00.000000',NULL,NULL,356,NULL,NULL,84,NULL),
(81,'WLN20230401103558','3398aedc-5915-4438-b364-7d45dc96d68a',46070.00,1,5528.40,3,1382.10,4290.00,52980.50,0,'Disbursed',12,'2023-07-13 21:00:00.000000',0,'2022-07-13 21:00:00.000000',NULL,NULL,356,NULL,NULL,85,0.00),
(82,'WLN20230401104431','19523f8a-7c59-4c94-b95d-2f8bee139295',130000.00,1,46800.00,3,3900.00,14695.00,180700.00,0,'Disbursed',36,'2022-07-04 21:00:00.000000',0,'2019-07-04 21:00:00.000000',NULL,NULL,356,NULL,NULL,86,0.00),
(83,'WLN20230401110502','85e5d4b0-a0b9-447e-8c5a-023b725146a1',100000.00,1,24000.00,3,3000.00,30610.00,127000.00,0,'Disbursed',24,'2021-07-25 21:00:00.000000',0,'2019-07-25 21:00:00.000000',NULL,NULL,356,NULL,NULL,87,NULL),
(84,'WLN20230401110906','5798ae68-12d9-4b18-8edd-9101e5841d97',150000.00,1,54000.00,3,4500.00,39895.00,208500.00,0,'Disbursed',36,'2022-08-25 21:00:00.000000',0,'2019-08-25 21:00:00.000000',NULL,NULL,356,NULL,NULL,88,NULL),
(85,'WLN20230401113522','87eccdc4-aa03-445b-943d-687c15925e2f',20000.00,1,2400.00,3,600.00,3250.00,23000.00,0,'Disbursed',12,'2022-07-30 21:00:00.000000',0,'2021-07-30 21:00:00.000000',NULL,NULL,356,NULL,NULL,89,NULL),
(86,'WLN20230401114830','7a88feb7-f2a0-4c2a-b4c6-e5aea05d3dd9',20000.00,1,2400.00,3,600.00,5570.00,23000.00,0,'Disbursed',12,'2022-06-09 21:00:00.000000',0,'2021-06-09 21:00:00.000000',NULL,NULL,356,NULL,NULL,90,NULL),
(87,'WLN20230401120319','1fcffa58-3224-49fe-a0fa-ce093ec401aa',60000.00,1,21600.00,3,1800.00,64980.00,83400.00,0,'Disbursed',36,'2024-11-01 21:00:00.000000',0,'2021-11-01 21:00:00.000000',NULL,NULL,356,NULL,NULL,91,0.00),
(88,'WLN20230401121730','017d4778-2fa1-44c1-9d32-a50679780dab',139000.00,1,50040.00,3,4170.00,78255.00,193210.00,0,'Disbursed',36,'2024-09-27 21:00:00.000000',0,'2021-09-27 21:00:00.000000',NULL,NULL,356,NULL,NULL,92,0.00),
(89,'WLN20230401122230','b8ee52f7-5fc4-42ba-8b9e-386ea0a700a9',150000.00,1,54000.00,3,4500.00,65660.00,208500.00,0,'Disbursed',36,'2024-05-26 21:00:00.000000',0,'2021-05-26 21:00:00.000000',NULL,NULL,356,NULL,NULL,93,0.00),
(90,'WLN20230401123006','644b2c94-076c-45e8-8003-98265d9730bd',100000.00,1,12000.00,3,3000.00,69660.00,115000.00,0,'Disbursed',12,'2024-02-17 21:00:00.000000',0,'2023-02-17 21:00:00.000000',NULL,NULL,356,NULL,NULL,94,0.00),
(91,'WLN20230401123411','03f1bf99-977a-471d-b61b-a822cf02ac63',50000.00,1,6000.00,3,1500.00,36740.00,57500.00,0,'Disbursed',12,'2023-11-30 21:00:00.000000',0,'2022-11-30 21:00:00.000000',NULL,NULL,356,NULL,NULL,95,0.00),
(92,'WLN20230403144129','8a4d23a9-ee04-4152-b3a9-263b7a395be9',20000.00,1,1200.00,3,600.00,0.00,21800.00,1,'Disbursed',6,'2023-04-13 21:00:00.000000',0,'2022-10-13 21:00:00.000000',NULL,NULL,356,NULL,NULL,96,0.00),
(93,'WLN20230403144921','24e77d06-7bf0-4281-aed6-bd4a3b9cb8d7',80000.00,1,9600.00,3,2400.00,23190.00,92000.00,0,'Disbursed',12,'2022-07-21 21:00:00.000000',0,'2021-07-21 21:00:00.000000',NULL,NULL,356,NULL,NULL,97,NULL),
(94,'WLN20230403145355','662fab71-751b-49d6-9746-3ab9d3502e0f',100000.00,1,36000.00,3,3000.00,75520.00,139000.00,0,'Disbursed',36,'2024-10-29 21:00:00.000000',0,'2021-10-29 21:00:00.000000',NULL,NULL,356,NULL,NULL,98,NULL),
(95,'WLN20230403151327','516f1226-a1b2-4c1b-9697-9a096677fa9e',70000.00,1,16800.00,3,2100.00,19500.00,88900.00,0,'Disbursed',24,'2022-11-02 21:00:00.000000',0,'2020-11-02 21:00:00.000000',NULL,NULL,356,NULL,NULL,99,0.00),
(96,'WLN20230403152157','85104ce1-efae-44c9-afbe-cb39523bf165',90000.00,1,32400.00,3,2700.00,71400.00,125100.00,0,'Disbursed',36,'2024-12-02 21:00:00.000000',0,'2021-12-02 21:00:00.000000',NULL,NULL,356,NULL,NULL,25,NULL),
(97,'WLN20230403152621','0c80b06a-e1f5-4f90-8966-f034d6cd637b',20000.00,1,2400.00,3,600.00,13230.00,23000.00,0,'Disbursed',12,'2024-01-29 21:00:00.000000',0,'2023-01-29 21:00:00.000000',NULL,NULL,356,NULL,NULL,100,0.00),
(98,'WLN20230403153020','40dcd299-6f5c-4029-8ab7-dfb4a2fea17f',60000.00,1,7200.00,3,1800.00,39100.00,69000.00,0,'Disbursed',12,'2024-01-17 21:00:00.000000',0,'2023-01-17 21:00:00.000000',NULL,NULL,356,NULL,NULL,101,0.00),
(99,'WLN20230403154111','1c16bef6-f020-4d30-9fbc-00cfac427266',35000.00,1,3150.00,3,1050.00,28150.00,39200.00,0,'Disbursed',9,'2023-10-16 21:00:00.000000',0,'2023-01-16 21:00:00.000000',NULL,NULL,356,NULL,NULL,102,NULL),
(100,'WLN20230403155817','6eca1294-984e-4946-ac82-ee967a0ad26e',50000.00,1,12000.00,3,1500.00,63500.00,63500.00,0,'Disbursed',24,'2024-11-22 21:00:00.000000',0,'2022-11-22 21:00:00.000000',NULL,NULL,356,NULL,NULL,31,NULL),
(101,'WLN20230403155949','bfef7f3d-5074-40af-851b-722a501194d0',50000.00,1,12000.00,3,1500.00,49075.00,63500.00,0,'Disbursed',24,'2024-11-22 21:00:00.000000',0,'2022-11-22 21:00:00.000000',NULL,NULL,356,NULL,NULL,103,0.00),
(102,'WLN20230403161138','89ca34ec-39ef-482b-baf8-7d97e17d7092',60000.00,1,21600.00,3,1800.00,64850.00,83400.00,0,'Disbursed',36,'2025-10-28 21:00:00.000000',0,'2022-10-28 21:00:00.000000',NULL,NULL,356,NULL,NULL,104,0.00),
(103,'WLN20230403162259','dbc6f566-1ca2-41ec-96ed-75342781152d',75000.00,1,18000.00,3,2250.00,4500.00,95250.00,0,'Disbursed',24,'2022-02-07 21:00:00.000000',0,'2020-02-07 21:00:00.000000',NULL,NULL,356,NULL,NULL,105,0.00),
(104,'WLN20230404113628','90d40e8b-f128-4f3a-9782-5a48dc8fa0a2',139700.00,1,50292.00,3,4191.00,147140.00,194183.00,0,'Disbursed',36,'2025-08-30 21:00:00.000000',0,'2022-08-30 21:00:00.000000',NULL,NULL,356,NULL,NULL,106,0.00),
(105,'WLN20230404114216','df50fc30-588f-4dbc-9a68-bace128dd7bd',195000.00,1,70200.00,3,5850.00,0.00,271050.00,1,'Disbursed',36,'2024-01-17 21:00:00.000000',0,'2021-01-17 21:00:00.000000',NULL,NULL,356,NULL,NULL,107,0.00),
(106,'WLN20230404120336','a4160913-4393-4c4d-b3a9-c125fbcbc58d',300000.00,1,108000.00,3,9000.00,85185.00,417000.00,0,'Disbursed',36,'2022-01-14 21:00:00.000000',0,'2019-01-14 21:00:00.000000',NULL,NULL,356,NULL,NULL,108,0.00),
(107,'WLN20230404155536','bbad71d1-d56a-47ea-a5b8-f3daf635fd48',37000.00,1,4440.00,3,1110.00,41440.00,42550.00,0,'Disbursed',12,'2024-03-12 21:00:00.000000',0,'2023-03-12 21:00:00.000000',NULL,NULL,356,NULL,NULL,109,NULL),
(108,'WLN20230404160139','af4fa8e2-0c7b-4b24-ba5e-7aee606037a2',50000.00,1,12000.00,3,1500.00,10300.00,63500.00,0,'Disbursed',24,'2023-07-09 21:00:00.000000',0,'2021-07-09 21:00:00.000000',NULL,NULL,356,NULL,NULL,110,NULL),
(109,'WLN20230404161623','13f6794b-8468-4865-99b4-633368084bc7',250000.00,1,90000.00,3,7500.00,292775.00,347500.00,0,'Disbursed',36,'2026-01-17 21:00:00.000000',0,'2023-01-17 21:00:00.000000',NULL,NULL,356,NULL,NULL,111,0.00),
(110,'WLN20230412115943','44cb9e69-c635-4d7a-94ab-1ab1253e91b8',40000.00,1,9600.00,3,1200.00,12710.00,50800.00,0,'Disbursed',24,'2024-03-20 21:00:00.000000',0,'2022-03-20 21:00:00.000000',NULL,NULL,356,NULL,NULL,112,0.00),
(111,'WLN20230412121339','2418c713-4c69-49ca-969f-563722cb930c',50000.00,1,6000.00,3,1500.00,32650.00,57500.00,0,'Disbursed',12,'2023-11-15 21:00:00.000000',0,'2022-11-15 21:00:00.000000',NULL,NULL,356,NULL,NULL,113,NULL),
(112,'WLN20230412122654','be0ce1dc-b15b-4e21-83da-500180186b17',50000.00,1,12000.00,3,1500.00,6310.00,63500.00,0,'Disbursed',24,'2022-09-27 21:00:00.000000',0,'2020-09-27 21:00:00.000000',NULL,NULL,356,NULL,NULL,114,NULL),
(113,'WLN20230412123159','3c1f5754-099d-4bed-8821-810457b4cfe4',30000.00,1,3600.00,3,900.00,20400.00,34500.00,0,'Disbursed',12,'2023-10-12 21:00:00.000000',0,'2022-10-12 21:00:00.000000',NULL,NULL,356,NULL,NULL,115,NULL),
(114,'WLN20230412123842','82574579-f79e-431a-8f32-3944c841dd43',50000.00,1,12000.00,3,1500.00,62000.00,63500.00,0,'Rejected',24,'2022-11-29 21:00:00.000000',0,'2020-11-29 21:00:00.000000',NULL,NULL,356,NULL,NULL,116,NULL),
(115,'WLN20230412125057','d7500976-2b12-4dec-9d60-fc4351f87dd0',50000.00,1,12000.00,3,1500.00,30075.00,63500.00,0,'Disbursed',24,'2023-05-10 21:00:00.000000',0,'2021-05-10 21:00:00.000000',NULL,NULL,356,NULL,NULL,117,NULL),
(116,'WLN20230412125841','b3d20c88-f307-44fc-9ca7-09df4cf0c8bb',35000.00,1,4200.00,3,1050.00,26090.00,40250.00,0,'Disbursed',12,'2023-05-03 21:00:00.000000',0,'2022-05-03 21:00:00.000000',NULL,NULL,356,NULL,NULL,118,NULL),
(117,'WLN20230706153441','eaba84a8-868b-45eb-9ac9-cf5dfc52fdcb',80000.00,1,14400.00,3,2400.00,83900.00,96800.00,0,'Approved',18,'2024-10-03 21:00:00.000000',0,'2023-04-03 21:00:00.000000',NULL,NULL,356,NULL,NULL,120,0.00),
(118,'WLN20230717130759','0e5f39ca-822f-489d-92e2-9775f765e170',120000.00,1,43200.00,3,3600.00,166800.00,166800.00,0,'Disbursed',36,'2024-03-07 21:00:00.000000',0,'2021-03-07 21:00:00.000000',NULL,NULL,356,NULL,NULL,121,NULL);

UNLOCK TABLES;

/*Table structure for table `api_loanfee` */

DROP TABLE IF EXISTS `api_loanfee`;

CREATE TABLE `api_loanfee` (
  `id` bigint NOT NULL AUTO_INCREMENT,
  `loan_fee_no` varchar(200) COLLATE utf8mb4_general_ci NOT NULL,
  `transaction_id` varchar(200) COLLATE utf8mb4_general_ci NOT NULL,
  `loan_fee` decimal(8,2) NOT NULL,
  `processing` decimal(8,2) NOT NULL,
  `is_deleted` tinyint(1) NOT NULL,
  `created_on` datetime(6) NOT NULL,
  `updated_on` datetime(6) DEFAULT NULL,
  `deleted_on` datetime(6) DEFAULT NULL,
  `created_by_id` int NOT NULL,
  `deleted_by_id` int DEFAULT NULL,
  `member_id` int NOT NULL,
  `updated_by_id` int DEFAULT NULL,
  `is_issued` tinyint(1) NOT NULL,
  PRIMARY KEY (`id`),
  UNIQUE KEY `loan_fee_no` (`loan_fee_no`),
  UNIQUE KEY `transaction_id` (`transaction_id`),
  KEY `api_loanfee_created_by_id_be3c4eda_fk_auth_user_id` (`created_by_id`),
  KEY `api_loanfee_deleted_by_id_64b8fcae_fk_auth_user_id` (`deleted_by_id`),
  KEY `api_loanfee_member_id_23ac5131_fk_auth_user_id` (`member_id`),
  KEY `api_loanfee_updated_by_id_e61f8b47_fk_auth_user_id` (`updated_by_id`),
  CONSTRAINT `api_loanfee_created_by_id_be3c4eda_fk_auth_user_id` FOREIGN KEY (`created_by_id`) REFERENCES `auth_user` (`id`) ON DELETE RESTRICT ON UPDATE RESTRICT,
  CONSTRAINT `api_loanfee_deleted_by_id_64b8fcae_fk_auth_user_id` FOREIGN KEY (`deleted_by_id`) REFERENCES `auth_user` (`id`) ON DELETE RESTRICT ON UPDATE RESTRICT,
  CONSTRAINT `api_loanfee_member_id_23ac5131_fk_auth_user_id` FOREIGN KEY (`member_id`) REFERENCES `auth_user` (`id`) ON DELETE RESTRICT ON UPDATE RESTRICT,
  CONSTRAINT `api_loanfee_updated_by_id_e61f8b47_fk_auth_user_id` FOREIGN KEY (`updated_by_id`) REFERENCES `auth_user` (`id`) ON DELETE RESTRICT ON UPDATE RESTRICT
) ENGINE=InnoDB AUTO_INCREMENT=122 DEFAULT CHARSET=utf8mb4 COLLATE=utf8mb4_general_ci;

/*Data for the table `api_loanfee` */

LOCK TABLES `api_loanfee` WRITE;

insert  into `api_loanfee`(`id`,`loan_fee_no`,`transaction_id`,`loan_fee`,`processing`,`is_deleted`,`created_on`,`updated_on`,`deleted_on`,`created_by_id`,`deleted_by_id`,`member_id`,`updated_by_id`,`is_issued`) values 
(11,'WLF20230228142846','6f4522fb-cd42-45ec-bb3c-fda42d2f2cd3',300.00,300.00,0,'2023-02-28 11:28:46.489285',NULL,NULL,356,NULL,327,NULL,1),
(12,'WLF20230307115156','b64ac37e-14d3-4435-b98e-ded5dc211c3f',250.00,300.00,0,'2023-03-07 08:51:56.707706',NULL,NULL,356,NULL,183,NULL,1),
(13,'WLF20230316153317','248479ed-4aec-4154-b23a-6076db0f9c13',200.00,300.00,0,'2023-03-16 12:33:17.496496',NULL,NULL,356,NULL,30,NULL,1),
(14,'WLF20230316155409','3f00663c-9e44-49be-b610-83d57644d2aa',250.00,300.00,0,'2023-03-16 12:54:09.718954',NULL,NULL,356,NULL,515,NULL,1),
(15,'WLF20230317113655','33beaf9e-ff6b-4518-8bf6-0e4d03d6086f',200.00,300.00,0,'2023-03-17 08:36:55.565969',NULL,NULL,356,NULL,452,NULL,1),
(16,'WLF20230317130643','93e38121-ce54-418c-ad32-7dc810c97ec5',250.00,300.00,0,'2023-03-17 10:06:43.191299',NULL,NULL,356,NULL,270,NULL,1),
(17,'WLF20230317142828','fd70415f-2daa-4074-b9a7-727877bdc38d',250.00,300.00,0,'2023-03-17 11:28:28.453348',NULL,NULL,356,NULL,206,NULL,0),
(18,'WLF20230317143305','e8b25998-87ea-4c1c-a496-8562a3b55e46',250.00,300.00,0,'2023-03-17 11:33:05.359949',NULL,NULL,356,NULL,225,NULL,1),
(19,'WLF20230317143920','3f1d8245-6455-4818-942b-f0c7c26be9fd',400.00,300.00,0,'2023-03-17 11:39:20.791821',NULL,NULL,356,NULL,636,NULL,1),
(20,'WLF20230317144152','154ba579-9f74-48df-a38e-39330662a97a',150.00,300.00,0,'2023-03-17 11:41:52.762761',NULL,NULL,356,NULL,111,NULL,1),
(21,'WLF20230317144446','3049aad3-0968-4f88-8eec-3d84f33aba50',250.00,300.00,0,'2023-03-17 11:44:46.356507',NULL,NULL,356,NULL,522,NULL,1),
(22,'WLF20230317144957','f6ddf1a5-c5a2-46a5-b64e-1107520574dc',250.00,300.00,0,'2023-03-17 11:49:57.794911',NULL,NULL,356,NULL,465,NULL,1),
(23,'WLF20230317150650','26a1e5fc-3377-48f1-95ae-4666355bd9a0',250.00,300.00,0,'2023-03-17 12:06:50.651870',NULL,NULL,356,NULL,493,NULL,0),
(24,'WLF20230317151013','07b9fd02-8d08-4d65-b41a-30f1d247c95d',200.00,300.00,0,'2023-03-17 12:10:13.027181',NULL,NULL,356,NULL,126,NULL,1),
(25,'WLF20230317151156','70ef7fd9-5e4f-4b33-b949-59fcc66d20b1',250.00,300.00,0,'2023-03-17 12:11:56.972845',NULL,NULL,356,NULL,13,NULL,1),
(26,'WLF20230317152129','ba0b8526-11ca-407e-8b89-67602e07bd50',250.00,300.00,0,'2023-03-17 12:21:29.307709',NULL,NULL,356,NULL,95,NULL,1),
(27,'WLF20230317152803','7c59a9aa-30e0-4801-9efa-e474bf74a155',250.00,300.00,0,'2023-03-17 12:28:03.498819',NULL,NULL,356,NULL,254,NULL,1),
(28,'WLF20230317153358','a83f2dfb-7f2e-48f9-b34e-d2d446fe3b4e',200.00,300.00,0,'2023-03-17 12:33:58.540162',NULL,NULL,356,NULL,128,NULL,1),
(29,'WLF20230317154225','1b428bc0-1b5b-468b-bdb6-e965bfd395ac',150.00,300.00,0,'2023-03-17 12:42:25.107455',NULL,NULL,356,NULL,557,NULL,1),
(30,'WLF20230317155332','afb51c2a-c661-49f8-879b-79dc28bdf272',150.00,300.00,0,'2023-03-17 12:53:32.706075',NULL,NULL,356,NULL,132,NULL,1),
(31,'WLF20230317155333','0ad1cbaa-832d-4a27-b99a-0819d675672d',150.00,300.00,0,'2023-03-17 12:53:33.416646',NULL,NULL,356,NULL,132,NULL,1),
(32,'WLF20230317155910','c8cb77c2-eb6a-48e1-9d1c-7d74886d7ffb',250.00,300.00,0,'2023-03-17 12:59:10.151486',NULL,NULL,356,NULL,187,NULL,1),
(33,'WLF20230317160609','6103f2f8-17c1-44f2-80fd-46b565053294',250.00,300.00,0,'2023-03-17 13:06:09.248444',NULL,NULL,356,NULL,518,NULL,1),
(34,'WLF20230317163340','443c6274-956b-4423-b044-759822c1a3a6',250.00,300.00,0,'2023-03-17 13:33:40.097827',NULL,NULL,356,NULL,320,NULL,1),
(35,'WLF20230318091708','30605ae1-95b8-4192-9254-18e7692c58fd',250.00,300.00,0,'2023-03-18 06:17:08.387251',NULL,NULL,356,NULL,355,NULL,1),
(36,'WLF20230318092401','f75c54bd-7b9c-4ba7-9e5e-a2a03b9247cf',450.00,300.00,0,'2023-03-18 06:24:01.423009',NULL,NULL,356,NULL,157,NULL,1),
(37,'WLF20230318104145','7b932b4a-3e79-4994-9e86-1d8e3c8b6987',250.00,300.00,0,'2023-03-18 07:41:45.648609',NULL,NULL,356,NULL,137,NULL,1),
(38,'WLF20230318105717','6cf9fe65-09d7-4703-8962-c732457cc632',250.00,300.00,0,'2023-03-18 07:57:17.906583',NULL,NULL,356,NULL,179,NULL,1),
(39,'WLF20230318113604','d86666d8-d0e2-4cdb-ab58-e6596fd853c4',450.00,300.00,0,'2023-03-18 08:36:04.412889',NULL,NULL,356,NULL,388,NULL,1),
(40,'WLF20230318114638','909a49cf-6149-4041-821e-1bddb89acf2b',350.00,300.00,0,'2023-03-18 08:46:38.751694',NULL,NULL,356,NULL,244,NULL,1),
(41,'WLF20230322145635','9e58e338-18e2-43d1-8ccf-8716bc73e43b',200.00,300.00,0,'2023-03-22 11:56:35.384421',NULL,NULL,356,NULL,43,NULL,1),
(42,'WLF20230322150307','4b39cadf-2cba-467d-a833-c5074e61ba20',400.00,300.00,0,'2023-03-22 12:03:07.756654',NULL,NULL,356,NULL,495,NULL,1),
(43,'WLF20230322153836','d7561b1c-ebb1-4fa7-ad78-fe6f773466be',350.00,300.00,0,'2023-03-22 12:38:36.822839',NULL,NULL,356,NULL,394,NULL,1),
(44,'WLF20230324111812','09847e5a-59bc-422e-b43d-54bd51c9b30d',400.00,300.00,0,'2023-03-24 08:18:12.045824',NULL,NULL,356,NULL,269,NULL,1),
(45,'WLF20230324113445','c1669e1c-b9a3-4f7a-813a-846c199b25d6',250.00,300.00,0,'2023-03-24 08:34:45.679597',NULL,NULL,356,NULL,175,NULL,1),
(46,'WLF20230324114121','5abee36f-df42-4d6b-aeb9-9d1f1064a159',400.00,300.00,0,'2023-03-24 08:41:21.988460',NULL,NULL,356,NULL,161,NULL,1),
(47,'WLF20230324114749','d9cac531-77c1-4380-8cab-f1e92c099fbf',250.00,300.00,0,'2023-03-24 08:47:49.032691',NULL,NULL,356,NULL,363,NULL,1),
(48,'WLF20230324120422','51ce60e5-28ad-47a9-8a50-1e953b37788b',200.00,300.00,0,'2023-03-24 09:04:22.659415',NULL,NULL,356,NULL,591,NULL,1),
(49,'WLF20230324121746','fac1da47-2d98-4091-9654-87f6a6cd3baf',200.00,300.00,0,'2023-03-24 09:17:46.043853',NULL,NULL,356,NULL,129,NULL,1),
(50,'WLF20230324122810','80982f9f-c0cf-44fb-91c3-2bd8fd28b0e6',300.00,300.00,0,'2023-03-24 09:28:10.974134',NULL,NULL,356,NULL,585,NULL,1),
(51,'WLF20230324123347','4d87b7a4-8217-4410-9c50-97ba08a43754',250.00,300.00,0,'2023-03-24 09:33:47.093873',NULL,NULL,356,NULL,101,NULL,1),
(52,'WLF20230324124843','e84b69e7-8d15-4fa1-bbc4-545c344bfef5',200.00,300.00,0,'2023-03-24 09:48:43.638721',NULL,NULL,356,NULL,416,NULL,1),
(53,'WLF20230324125428','3ba1a9ab-76b7-48c4-aa6a-ba3660a5a2bc',250.00,300.00,0,'2023-03-24 09:54:28.786135',NULL,NULL,356,NULL,135,NULL,1),
(54,'WLF20230324125919','8f7fc730-1543-4b32-8cf1-4d4beea0358f',450.00,300.00,0,'2023-03-24 09:59:19.886212',NULL,NULL,356,NULL,267,NULL,1),
(55,'WLF20230324130337','300a98f6-6d70-4782-a190-69ddfa6293e1',200.00,300.00,0,'2023-03-24 10:03:37.016952',NULL,NULL,356,NULL,419,NULL,1),
(56,'WLF20230324153043','b0d48a2d-a735-4bde-82ca-9688f8d655ed',150.00,300.00,0,'2023-03-24 12:30:43.373002',NULL,NULL,356,NULL,235,NULL,1),
(57,'WLF20230329122229','72bb3102-e1e2-4d58-8fa0-37e1d0f24262',200.00,300.00,0,'2023-03-29 09:22:29.740903',NULL,NULL,356,NULL,290,NULL,1),
(58,'WLF20230329122928','6d5ff6bb-fe43-488c-a2b5-3d1c1ee97b1e',200.00,300.00,0,'2023-03-29 09:29:28.125171',NULL,NULL,356,NULL,487,NULL,1),
(59,'WLF20230329123222','5684da04-1ecf-4953-a15a-4ab439c94127',350.00,300.00,0,'2023-03-29 09:32:22.712540',NULL,NULL,356,NULL,463,NULL,1),
(60,'WLF20230329142523','7b50f833-f2e8-4da0-82d2-20293ba96480',200.00,300.00,0,'2023-03-29 11:25:23.248553',NULL,NULL,356,NULL,371,NULL,1),
(61,'WLF20230329162048','392edb50-cf7f-4110-9d34-0f6cd906b3fe',250.00,300.00,0,'2023-03-29 13:20:48.198553',NULL,NULL,356,NULL,284,NULL,1),
(62,'WLF20230330101936','829707c3-18c3-4d73-980b-4f943633a540',150.00,300.00,0,'2023-03-30 07:19:36.420831',NULL,NULL,356,NULL,40,NULL,1),
(63,'WLF20230330110829','883ae02d-3551-4802-bd1a-232b12283fa6',300.00,300.00,0,'2023-03-30 08:08:29.848992',NULL,NULL,356,NULL,176,NULL,1),
(64,'WLF20230330111739','7cf9865c-4430-41c4-afee-d1cce310a324',250.00,300.00,0,'2023-03-30 08:17:39.029723',NULL,NULL,356,NULL,82,NULL,1),
(65,'WLF20230330112355','7c50af23-672c-4478-aeb2-946f560b22c4',200.00,300.00,0,'2023-03-30 08:23:55.631337',NULL,NULL,356,NULL,127,NULL,1),
(66,'WLF20230330113246','91d861ed-5549-452c-9d25-cea055b28e2a',200.00,300.00,0,'2023-03-30 08:32:46.273485',NULL,NULL,356,NULL,240,NULL,1),
(67,'WLF20230330121114','1fb4c6b5-13e8-494e-aa37-b4cd2c33d4bf',350.00,300.00,0,'2023-03-30 09:11:14.013282',NULL,NULL,356,NULL,50,NULL,1),
(68,'WLF20230330124333','3a9549d9-c49e-4fc4-87d7-7f547340de83',250.00,300.00,0,'2023-03-30 09:43:33.357128',NULL,NULL,356,NULL,366,NULL,1),
(69,'WLF20230330125904','c69ad21d-bde4-4d5b-b085-9033983de5c0',450.00,300.00,0,'2023-03-30 09:59:04.060293',NULL,NULL,356,NULL,193,NULL,1),
(70,'WLF20230330142823','148623f6-db3d-4780-962d-082b4f4cbb16',450.00,300.00,0,'2023-03-30 11:28:23.638186',NULL,NULL,356,NULL,480,NULL,1),
(71,'WLF20230330143757','f67b4977-eaaa-4e69-b20e-6e83e92df0f4',250.00,300.00,0,'2023-03-30 11:37:57.581811',NULL,NULL,356,NULL,418,NULL,1),
(72,'WLF20230330145204','27403518-95bf-4117-8def-486c16d2d820',150.00,300.00,0,'2023-03-30 11:52:04.124917',NULL,NULL,356,NULL,124,NULL,1),
(73,'WLF20230330145824','4072d64f-77b2-4f24-ad0a-9d39c980c842',200.00,300.00,0,'2023-03-30 11:58:24.007072',NULL,NULL,356,NULL,153,NULL,1),
(74,'WLF20230330151155','dda31768-9257-49d7-9754-78bc78443e98',200.00,300.00,0,'2023-03-30 12:11:55.129712',NULL,NULL,356,NULL,301,NULL,1),
(75,'WLF20230330153101','38daba55-e4dc-45cc-801d-739df5d79a2b',250.00,300.00,0,'2023-03-30 12:31:01.728690',NULL,NULL,356,NULL,584,NULL,1),
(76,'WLF20230330160845','ac1de290-4910-4abf-aad9-763f31ab91c5',300.00,300.00,0,'2023-03-30 13:08:45.804419',NULL,NULL,356,NULL,76,NULL,1),
(77,'WLF20230330162008','6c0c44dd-c646-48dc-af56-3ed764e23869',150.00,300.00,0,'2023-03-30 13:20:08.542528',NULL,NULL,356,NULL,404,NULL,1),
(78,'WLF20230330162712','7335c1ca-2269-4133-8c66-36fca6cc3893',300.00,300.00,0,'2023-03-30 13:27:12.622130',NULL,NULL,356,NULL,511,NULL,1),
(79,'WLF20230330163508','c1b34c2c-7c02-40aa-acc1-9cb998b7a55f',200.00,300.00,0,'2023-03-30 13:35:08.708050',NULL,NULL,356,NULL,396,NULL,1),
(80,'WLF20230330164350','ae03fa3d-faf0-4850-80a6-73202ad93c06',150.00,300.00,0,'2023-03-30 13:43:50.319236',NULL,NULL,356,NULL,227,NULL,1),
(81,'WLF20230330164859','ad4a5807-8686-4cfc-9233-71e241273b91',250.00,300.00,0,'2023-03-30 13:48:59.832301',NULL,NULL,356,NULL,387,NULL,1),
(82,'WLF20230401095920','6d91aedd-d9ba-42ad-85ec-2a6f228bf25d',300.00,300.00,0,'2023-04-01 06:59:20.879364',NULL,NULL,356,NULL,322,NULL,1),
(83,'WLF20230401100854','79f692a2-3b26-46b5-b85d-e460b54f7ee7',450.00,300.00,0,'2023-04-01 07:08:54.151185',NULL,NULL,356,NULL,158,NULL,1),
(84,'WLF20230401103120','ac851984-f3a3-44fa-8ab7-c3cb0c2d3c1c',300.00,300.00,0,'2023-04-01 07:31:20.982132',NULL,NULL,356,NULL,400,NULL,1),
(85,'WLF20230401103435','296404f7-16fd-488d-8959-ddcb9d50813e',200.00,300.00,0,'2023-04-01 07:34:35.418791',NULL,NULL,356,NULL,461,NULL,1),
(86,'WLF20230401104144','f8ea1769-618b-4661-aeee-26bfe8691efb',300.00,300.00,0,'2023-04-01 07:41:44.125964',NULL,NULL,356,NULL,523,NULL,1),
(87,'WLF20230401110201','3cbfbc0d-2eee-4b28-8390-17c895aed5b0',250.00,300.00,0,'2023-04-01 08:02:01.716377',NULL,NULL,356,NULL,251,NULL,1),
(88,'WLF20230401110803','b0e169d4-201b-4d69-a6fe-6b7215cbe8ee',300.00,300.00,0,'2023-04-01 08:08:03.872088',NULL,NULL,356,NULL,476,NULL,1),
(89,'WLF20230401111751','fa4f5aaf-d7fd-4eb0-86ca-f2999b0d2f29',150.00,300.00,0,'2023-04-01 08:17:51.966297',NULL,NULL,356,NULL,104,NULL,1),
(90,'WLF20230401114715','219c4932-12e9-462a-ad46-c33e70a0a57f',150.00,300.00,0,'2023-04-01 08:47:15.617171',NULL,NULL,356,NULL,342,NULL,1),
(91,'WLF20230401120125','1a61577c-0eae-4efa-ad02-e15125ce1c1f',250.00,300.00,0,'2023-04-01 09:01:25.669615',NULL,NULL,356,NULL,171,NULL,1),
(92,'WLF20230401121619','34dfb2d8-d311-40b9-8be9-ed21d5a32337',300.00,300.00,0,'2023-04-01 09:16:19.775401',NULL,NULL,356,NULL,579,NULL,1),
(93,'WLF20230401122116','d1f0eb8d-b429-40d1-81f9-8013ae30b144',300.00,300.00,0,'2023-04-01 09:21:16.797882',NULL,NULL,356,NULL,196,NULL,1),
(94,'WLF20230401122627','e5426c34-49df-412a-8ec3-f974be8461e9',250.00,300.00,0,'2023-04-01 09:26:27.423471',NULL,NULL,356,NULL,303,NULL,1),
(95,'WLF20230401123207','c69d31f9-048b-4bf3-b5a7-90c02872dadc',200.00,300.00,0,'2023-04-01 09:32:07.383987',NULL,NULL,356,NULL,49,NULL,1),
(96,'WLF20230403143956','08ad90af-ae47-4b4e-9df1-35642a552d6c',150.00,300.00,0,'2023-04-03 11:39:56.061509',NULL,NULL,356,NULL,232,NULL,1),
(97,'WLF20230403144607','dd78e275-b154-4496-b175-23c2c2fafad8',250.00,300.00,0,'2023-04-03 11:46:07.234662',NULL,NULL,356,NULL,481,NULL,1),
(98,'WLF20230403145231','8176cb83-554e-46d4-adb1-71a02b0c5ea5',250.00,300.00,0,'2023-04-03 11:52:31.652105',NULL,NULL,356,NULL,562,NULL,1),
(99,'WLF20230403151106','d74351f8-c36b-4bae-b649-ce2fca7b8687',250.00,300.00,0,'2023-04-03 12:11:06.833629',NULL,NULL,356,NULL,273,NULL,1),
(100,'WLF20230403152514','6fc7a369-b3d4-460a-be51-5c3a929d28f7',150.00,300.00,0,'2023-04-03 12:25:14.559656',NULL,NULL,356,NULL,528,NULL,1),
(101,'WLF20230403152758','c2de5008-1da1-45c1-a2dc-cf286f4dda43',250.00,300.00,0,'2023-04-03 12:27:58.358569',NULL,NULL,356,NULL,340,NULL,1),
(102,'WLF20230403153226','d83076c3-9895-48db-a622-0d810c0c5ffc',200.00,300.00,0,'2023-04-03 12:32:26.718237',NULL,NULL,356,NULL,369,NULL,1),
(103,'WLF20230403155608','40464b97-99c4-4ce3-bfca-fe842d86dad1',200.00,300.00,0,'2023-04-03 12:56:08.845960',NULL,NULL,356,NULL,167,NULL,1),
(104,'WLF20230403160245','1734ef52-5466-433c-8d54-c16783149aea',250.00,300.00,0,'2023-04-03 13:02:45.128677',NULL,NULL,356,NULL,276,NULL,1),
(105,'WLF20230403162152','cf3f9b3f-b92b-4d19-b7b7-caa4210ff69c',250.00,300.00,0,'2023-04-03 13:21:52.101458',NULL,NULL,356,NULL,578,NULL,1),
(106,'WLF20230404113451','ede65fa6-6df8-4b68-b5da-d433c0e1e566',300.00,300.00,0,'2023-04-04 08:34:51.800272',NULL,NULL,356,NULL,477,NULL,1),
(107,'WLF20230404114056','c84a94e3-2723-457b-9f1f-0440d81e282a',350.00,300.00,0,'2023-04-04 08:40:56.405386',NULL,NULL,356,NULL,70,NULL,1),
(108,'WLF20230404120234','bfb3f8ad-741e-4ffd-8b9d-ef9360c92291',450.00,300.00,0,'2023-04-04 09:02:34.451819',NULL,NULL,356,NULL,661,NULL,1),
(109,'WLF20230404155302','7e77768f-adea-4f88-9392-e2616f3135d1',200.00,300.00,0,'2023-04-04 12:53:02.818226',NULL,NULL,356,NULL,346,NULL,1),
(110,'WLF20230404160028','2f33844f-f945-4502-abf5-9cdc092797f6',200.00,300.00,0,'2023-04-04 13:00:28.387420',NULL,NULL,356,NULL,163,NULL,1),
(111,'WLF20230404161050','808387ad-4603-4780-a75c-7ecb0fc97c52',400.00,300.00,0,'2023-04-04 13:10:50.760448',NULL,NULL,356,NULL,625,NULL,1),
(112,'WLF20230404162028','9c553009-0f4d-4ba6-823a-1c82af411200',200.00,300.00,0,'2023-04-04 13:20:28.370214',NULL,NULL,356,NULL,84,NULL,1),
(113,'WLF20230412121221','621236c1-1c4d-4f64-9715-f9225061231d',200.00,300.00,0,'2023-04-12 09:12:21.848537',NULL,NULL,356,NULL,121,NULL,1),
(114,'WLF20230412122407','ff9790d6-c935-4fae-8c1f-4ff3f9fbd7e0',200.00,300.00,0,'2023-04-12 09:24:07.309990',NULL,NULL,356,NULL,92,NULL,1),
(115,'WLF20230412123113','77038f9f-9b29-4420-8848-f02adc44735b',200.00,300.00,0,'2023-04-12 09:31:13.476387',NULL,NULL,356,NULL,205,NULL,1),
(116,'WLF20230412123427','75f6d997-0314-4cff-b948-1a7ad86b8935',200.00,300.00,0,'2023-04-12 09:34:27.277681',NULL,NULL,356,NULL,457,NULL,1),
(117,'WLF20230412124429','2a6c3c12-c6bf-4b12-91b7-0d6dc2c4e961',200.00,300.00,0,'2023-04-12 09:44:29.055153',NULL,NULL,356,NULL,368,NULL,1),
(118,'WLF20230412125701','346f25fd-2174-40a2-9fc5-eea344418afe',200.00,300.00,0,'2023-04-12 09:57:01.377237',NULL,NULL,356,NULL,422,NULL,1),
(119,'WLF20230706125048','5d5f8ef0-9732-47f5-a059-7042073ab802',600.00,300.00,0,'2023-07-06 09:50:48.990638',NULL,NULL,356,NULL,81,NULL,0),
(120,'WLF20230706125838','a56c3604-770a-4be7-9aa8-c63e10701290',650.00,300.00,0,'2023-07-06 09:58:38.432116',NULL,NULL,356,NULL,29,NULL,1),
(121,'WLF20230717130530','4c203f1d-3305-45e4-a653-95a94f571d3d',400.00,350.00,0,'2023-07-17 10:05:30.042468',NULL,NULL,356,NULL,177,NULL,1);

UNLOCK TABLES;

/*Table structure for table `api_nhif` */

DROP TABLE IF EXISTS `api_nhif`;

CREATE TABLE `api_nhif` (
  `id` bigint NOT NULL AUTO_INCREMENT,
  `nhif_no` varchar(200) COLLATE utf8mb4_general_ci NOT NULL,
  `transaction_id` varchar(200) COLLATE utf8mb4_general_ci NOT NULL,
  `amount` decimal(8,2) NOT NULL,
  `commission` decimal(8,2) NOT NULL,
  `is_deleted` tinyint(1) NOT NULL,
  `created_on` datetime(6) NOT NULL,
  `updated_on` datetime(6) DEFAULT NULL,
  `deleted_on` datetime(6) DEFAULT NULL,
  `created_by_id` int NOT NULL,
  `deleted_by_id` int DEFAULT NULL,
  `member_id` int DEFAULT NULL,
  `updated_by_id` int DEFAULT NULL,
  PRIMARY KEY (`id`),
  UNIQUE KEY `nhif_no` (`nhif_no`),
  UNIQUE KEY `transaction_id` (`transaction_id`),
  KEY `api_nhif_created_by_id_49801899_fk_auth_user_id` (`created_by_id`),
  KEY `api_nhif_deleted_by_id_7777e52e_fk_auth_user_id` (`deleted_by_id`),
  KEY `api_nhif_member_id_79da46e9_fk_auth_user_id` (`member_id`),
  KEY `api_nhif_updated_by_id_a312cfde_fk_auth_user_id` (`updated_by_id`),
  CONSTRAINT `api_nhif_created_by_id_49801899_fk_auth_user_id` FOREIGN KEY (`created_by_id`) REFERENCES `auth_user` (`id`) ON DELETE RESTRICT ON UPDATE RESTRICT,
  CONSTRAINT `api_nhif_deleted_by_id_7777e52e_fk_auth_user_id` FOREIGN KEY (`deleted_by_id`) REFERENCES `auth_user` (`id`) ON DELETE RESTRICT ON UPDATE RESTRICT,
  CONSTRAINT `api_nhif_member_id_79da46e9_fk_auth_user_id` FOREIGN KEY (`member_id`) REFERENCES `auth_user` (`id`) ON DELETE RESTRICT ON UPDATE RESTRICT,
  CONSTRAINT `api_nhif_updated_by_id_a312cfde_fk_auth_user_id` FOREIGN KEY (`updated_by_id`) REFERENCES `auth_user` (`id`) ON DELETE RESTRICT ON UPDATE RESTRICT
) ENGINE=InnoDB AUTO_INCREMENT=7 DEFAULT CHARSET=utf8mb4 COLLATE=utf8mb4_general_ci;

/*Data for the table `api_nhif` */

LOCK TABLES `api_nhif` WRITE;

insert  into `api_nhif`(`id`,`nhif_no`,`transaction_id`,`amount`,`commission`,`is_deleted`,`created_on`,`updated_on`,`deleted_on`,`created_by_id`,`deleted_by_id`,`member_id`,`updated_by_id`) values 
(1,'WNH20230321103317','816453bf-ffa1-45b7-b04a-6cd8099e36ec',500.00,50.00,0,'2023-03-21 07:33:17.120822',NULL,NULL,356,NULL,687,NULL),
(2,'WNH20230323152402','7d4643d3-6ecc-43fe-aa5d-21baddd3f408',500.00,50.00,0,'2023-03-23 12:24:02.215875',NULL,NULL,356,NULL,688,NULL),
(3,'WNH20230426104604','87067767-6c5f-45ed-a7ce-bf3683f9a359',500.00,50.00,0,'2023-04-26 07:46:04.430351',NULL,NULL,356,NULL,692,NULL),
(4,'WNH20230708095441','fcab7250-20e7-4b29-b029-143974562524',1000.00,100.00,0,'2023-07-08 06:54:41.262636',NULL,NULL,356,NULL,411,NULL),
(5,'WNH20230708095553','1102943e-4611-4f74-8272-621f9063b37b',500.00,50.00,0,'2023-07-08 06:55:53.963538',NULL,NULL,356,NULL,692,NULL),
(6,'WNH20230708095628','f063e5da-7ac1-4e26-b9a1-d877488bc0f1',500.00,50.00,0,'2023-07-08 06:56:28.846345',NULL,NULL,356,NULL,691,NULL);

UNLOCK TABLES;

/*Table structure for table `api_passbook` */

DROP TABLE IF EXISTS `api_passbook`;

CREATE TABLE `api_passbook` (
  `id` bigint NOT NULL AUTO_INCREMENT,
  `passbook_no` varchar(200) COLLATE utf8mb4_general_ci NOT NULL,
  `transaction_id` varchar(200) COLLATE utf8mb4_general_ci NOT NULL,
  `amount` decimal(8,2) NOT NULL,
  `is_deleted` tinyint(1) NOT NULL,
  `created_on` datetime(6) NOT NULL,
  `updated_on` datetime(6) DEFAULT NULL,
  `deleted_on` datetime(6) DEFAULT NULL,
  `created_by_id` int NOT NULL,
  `deleted_by_id` int DEFAULT NULL,
  `member_id` int NOT NULL,
  `updated_by_id` int DEFAULT NULL,
  PRIMARY KEY (`id`),
  UNIQUE KEY `passbook_no` (`passbook_no`),
  UNIQUE KEY `transaction_id` (`transaction_id`),
  KEY `api_passbook_created_by_id_f92d926b_fk_auth_user_id` (`created_by_id`),
  KEY `api_passbook_deleted_by_id_f2fe0b4a_fk_auth_user_id` (`deleted_by_id`),
  KEY `api_passbook_member_id_ac4f88d4_fk_auth_user_id` (`member_id`),
  KEY `api_passbook_updated_by_id_b8ab1b73_fk_auth_user_id` (`updated_by_id`),
  CONSTRAINT `api_passbook_created_by_id_f92d926b_fk_auth_user_id` FOREIGN KEY (`created_by_id`) REFERENCES `auth_user` (`id`) ON DELETE RESTRICT ON UPDATE RESTRICT,
  CONSTRAINT `api_passbook_deleted_by_id_f2fe0b4a_fk_auth_user_id` FOREIGN KEY (`deleted_by_id`) REFERENCES `auth_user` (`id`) ON DELETE RESTRICT ON UPDATE RESTRICT,
  CONSTRAINT `api_passbook_member_id_ac4f88d4_fk_auth_user_id` FOREIGN KEY (`member_id`) REFERENCES `auth_user` (`id`) ON DELETE RESTRICT ON UPDATE RESTRICT,
  CONSTRAINT `api_passbook_updated_by_id_b8ab1b73_fk_auth_user_id` FOREIGN KEY (`updated_by_id`) REFERENCES `auth_user` (`id`) ON DELETE RESTRICT ON UPDATE RESTRICT
) ENGINE=InnoDB AUTO_INCREMENT=2 DEFAULT CHARSET=utf8mb4 COLLATE=utf8mb4_general_ci;

/*Data for the table `api_passbook` */

LOCK TABLES `api_passbook` WRITE;

insert  into `api_passbook`(`id`,`passbook_no`,`transaction_id`,`amount`,`is_deleted`,`created_on`,`updated_on`,`deleted_on`,`created_by_id`,`deleted_by_id`,`member_id`,`updated_by_id`) values 
(1,'WPB20230321105550','6d6d0644-e75d-4f05-9dc9-c909eae452d5',150.00,0,'2023-03-21 07:55:50.333317',NULL,NULL,356,NULL,18,NULL);

UNLOCK TABLES;

/*Table structure for table `api_payments` */

DROP TABLE IF EXISTS `api_payments`;

CREATE TABLE `api_payments` (
  `id` bigint NOT NULL AUTO_INCREMENT,
  `payment_no` varchar(200) COLLATE utf8mb4_general_ci NOT NULL,
  `transaction_id` varchar(200) COLLATE utf8mb4_general_ci NOT NULL,
  `total` decimal(8,2) NOT NULL,
  `balance` decimal(8,2) NOT NULL,
  `paid` decimal(8,2) NOT NULL,
  `unpaid` decimal(8,2) NOT NULL,
  `is_deleted` tinyint(1) NOT NULL,
  `created_on` datetime(6) NOT NULL,
  `updated_on` datetime(6) DEFAULT NULL,
  `deleted_on` datetime(6) DEFAULT NULL,
  `created_by_id` int DEFAULT NULL,
  `deleted_by_id` int DEFAULT NULL,
  `loan_id` bigint NOT NULL,
  `member_id` int NOT NULL,
  `updated_by_id` int DEFAULT NULL,
  PRIMARY KEY (`id`),
  UNIQUE KEY `payment_no` (`payment_no`),
  UNIQUE KEY `transaction_id` (`transaction_id`),
  KEY `api_payments_created_by_id_d7a3f05b_fk_auth_user_id` (`created_by_id`),
  KEY `api_payments_deleted_by_id_015062c2_fk_auth_user_id` (`deleted_by_id`),
  KEY `api_payments_loan_id_c7b7f234_fk_api_loan_id` (`loan_id`),
  KEY `api_payments_member_id_f6d32606_fk_auth_user_id` (`member_id`),
  KEY `api_payments_updated_by_id_cf1db7e8_fk_auth_user_id` (`updated_by_id`),
  CONSTRAINT `api_payments_created_by_id_d7a3f05b_fk_auth_user_id` FOREIGN KEY (`created_by_id`) REFERENCES `auth_user` (`id`) ON DELETE RESTRICT ON UPDATE RESTRICT,
  CONSTRAINT `api_payments_deleted_by_id_015062c2_fk_auth_user_id` FOREIGN KEY (`deleted_by_id`) REFERENCES `auth_user` (`id`) ON DELETE RESTRICT ON UPDATE RESTRICT,
  CONSTRAINT `api_payments_loan_id_c7b7f234_fk_api_loan_id` FOREIGN KEY (`loan_id`) REFERENCES `api_loan` (`id`) ON DELETE RESTRICT ON UPDATE RESTRICT,
  CONSTRAINT `api_payments_member_id_f6d32606_fk_auth_user_id` FOREIGN KEY (`member_id`) REFERENCES `auth_user` (`id`) ON DELETE RESTRICT ON UPDATE RESTRICT,
  CONSTRAINT `api_payments_updated_by_id_cf1db7e8_fk_auth_user_id` FOREIGN KEY (`updated_by_id`) REFERENCES `auth_user` (`id`) ON DELETE RESTRICT ON UPDATE RESTRICT
) ENGINE=InnoDB AUTO_INCREMENT=1757 DEFAULT CHARSET=utf8mb4 COLLATE=utf8mb4_general_ci;

/*Data for the table `api_payments` */

LOCK TABLES `api_payments` WRITE;

insert  into `api_payments`(`id`,`payment_no`,`transaction_id`,`total`,`balance`,`paid`,`unpaid`,`is_deleted`,`created_on`,`updated_on`,`deleted_on`,`created_by_id`,`deleted_by_id`,`loan_id`,`member_id`,`updated_by_id`) values 
(1,'WPY20230309124548','56eab478-11c5-4252-8957-a827441876b1',230000.00,230000.00,19000.00,211000.00,0,'2023-03-09 09:45:48.656314',NULL,NULL,356,NULL,11,327,NULL),
(2,'WPY20230310103508','5d2b899c-cbef-43a2-bb09-a98b2df19388',230000.00,211000.00,6000.00,205000.00,0,'2023-03-10 07:35:08.124623',NULL,NULL,356,NULL,11,327,NULL),
(3,'WPY20230316154626','cf0561c6-da37-488b-8304-c6d7c08c80e1',63500.00,63500.00,1500.00,62000.00,0,'2023-03-16 12:46:26.113841',NULL,NULL,356,NULL,13,30,NULL),
(4,'WPY20230316154752','57ed8c0d-c89c-462f-99f9-ae6eb6d8fd8d',63500.00,62000.00,12985.00,49015.00,0,'2023-03-16 12:47:52.857318',NULL,NULL,356,NULL,13,30,NULL),
(5,'WPY20230316155801','9b20dfa3-bca2-4f65-b023-60ffd58e52e1',92000.00,92000.00,61480.00,30520.00,0,'2023-03-16 12:58:01.937803',NULL,NULL,356,NULL,14,515,NULL),
(6,'WPY20230317114651','8a6f4661-5a0c-420c-bf51-3a472a84e0ab',57500.00,57500.00,44877.00,12623.00,0,'2023-03-17 08:46:51.453800',NULL,NULL,356,NULL,15,452,NULL),
(7,'WPY20230317131021','ecbfe6c9-c98d-4561-a375-54ce39ddd529',115000.00,115000.00,3000.00,112000.00,0,'2023-03-17 10:10:21.927248',NULL,NULL,356,NULL,16,270,NULL),
(8,'WPY20230317131131','78aa4ac3-570a-4ca9-bd04-c25966fe475b',115000.00,112000.00,37340.00,74660.00,0,'2023-03-17 10:11:31.831707',NULL,NULL,356,NULL,16,270,NULL),
(9,'WPY20230317143916','36def2c5-9394-4072-a246-ac99b67eb8bd',74758.55,74758.55,26085.00,48673.55,0,'2023-03-17 11:39:16.468821',NULL,NULL,356,NULL,17,225,NULL),
(10,'WPY20230317144425','c8a1d46f-3f9c-4fda-bad8-4da92c9c5589',417000.00,417000.00,43005.00,373995.00,0,'2023-03-17 11:44:25.998552',NULL,NULL,356,NULL,18,636,NULL),
(11,'WPY20230317144800','e76fad63-65ef-40e3-99cb-eec7d19bda31',127000.00,127000.00,8620.00,118380.00,0,'2023-03-17 11:48:00.156737',NULL,NULL,356,NULL,20,522,NULL),
(12,'WPY20230317150656','63638d60-4c0d-4d23-b9ec-5a7a9fc85634',76200.00,76200.00,33700.00,42500.00,0,'2023-03-17 12:06:56.230781',NULL,NULL,356,NULL,21,465,NULL),
(13,'WPY20230317151532','829e5e20-17b8-4602-af1e-2a58bd59ec0d',36800.00,36800.00,960.00,35840.00,0,'2023-03-17 12:15:32.617325',NULL,NULL,356,NULL,22,126,NULL),
(14,'WPY20230317151735','5c50931a-c2d9-4ba9-ae2f-fcb459505cb9',36800.00,35840.00,19580.00,16260.00,0,'2023-03-17 12:17:35.806157',NULL,NULL,356,NULL,22,126,NULL),
(15,'WPY20230317152421','c3687405-0a17-42c1-8fb8-3a332c3fe997',76200.00,76200.00,1800.00,74400.00,0,'2023-03-17 12:24:21.223873',NULL,NULL,356,NULL,23,95,NULL),
(16,'WPY20230317152559','b289380b-cd30-4889-8389-413ea5b98702',76200.00,74400.00,49128.00,25272.00,0,'2023-03-17 12:25:59.629545',NULL,NULL,356,NULL,23,95,NULL),
(17,'WPY20230317153900','edb830ca-b185-48ea-9cff-b48b2acbcd48',44770.00,44770.00,36155.00,8615.00,0,'2023-03-17 12:39:00.977747',NULL,NULL,356,NULL,25,128,NULL),
(18,'WPY20230317154100','c05ca932-9882-4f73-9f7a-4703ea2162fc',101600.00,101600.00,6550.00,95050.00,0,'2023-03-17 12:41:00.162097',NULL,NULL,356,NULL,24,254,NULL),
(19,'WPY20230317154547','9b925e9c-9127-4beb-8c77-97158c06c3d5',11500.00,11500.00,3885.00,7615.00,0,'2023-03-17 12:45:47.262232',NULL,NULL,356,NULL,26,557,NULL),
(20,'WPY20230317154725','0614c7ef-3475-42d3-978e-a21c0405d208',11500.00,7615.00,300.00,7315.00,0,'2023-03-17 12:47:25.544919',NULL,NULL,356,NULL,26,557,NULL),
(21,'WPY20230317155539','67f2dbd8-ebcb-40a8-b09f-afc9231b3fe9',17250.00,17250.00,8850.00,8400.00,0,'2023-03-17 12:55:39.929888',NULL,NULL,356,NULL,27,132,NULL),
(22,'WPY20230317160232','a6218e46-ee0d-4f07-94d1-227b3b0e5a32',114300.00,114300.00,35250.00,79050.00,0,'2023-03-17 13:02:32.347151',NULL,NULL,356,NULL,28,187,NULL),
(23,'WPY20230317161001','7687facc-72ce-4d14-9ef4-4d07141ef279',127000.00,127000.00,42820.00,84180.00,0,'2023-03-17 13:10:01.050817',NULL,NULL,356,NULL,29,518,NULL),
(24,'WPY20230317163741','16a4b6f2-caf0-4463-b2b5-18cdfc947dcb',88900.00,88900.00,16950.00,71950.00,0,'2023-03-17 13:37:41.212559',NULL,NULL,356,NULL,30,320,NULL),
(25,'WPY20230318092201','d7d84b78-c386-4e1a-862a-e7e419567b5e',83956.00,83956.00,6412.00,77544.00,0,'2023-03-18 06:22:01.243521',NULL,NULL,356,NULL,31,355,NULL),
(26,'WPY20230318092748','be25970a-e0bf-46fc-91d2-41bbec215eb8',625500.00,625500.00,47500.00,578000.00,0,'2023-03-18 06:27:48.806286',NULL,NULL,356,NULL,32,157,NULL),
(27,'WPY20230318105318','8903b806-28ab-452c-a1a8-82c954c85025',139000.00,139000.00,37240.00,101760.00,0,'2023-03-18 07:53:18.566192',NULL,NULL,356,NULL,33,137,NULL),
(28,'WPY20230318113129','f9cfd128-91fa-4f24-92db-ff8233923ba4',76200.00,76200.00,27500.00,48700.00,0,'2023-03-18 08:31:29.264576',NULL,NULL,356,NULL,34,179,NULL),
(29,'WPY20230318114300','f08e1cd3-3789-4e9b-9e49-9bda942a5e98',445960.65,445960.65,79125.00,366835.65,0,'2023-03-18 08:43:00.824641',NULL,NULL,356,NULL,35,388,NULL),
(30,'WPY20230318121441','8770c317-309b-451c-b829-931be8a295ea',278000.00,278000.00,161990.00,116010.00,0,'2023-03-18 09:14:41.498857',NULL,NULL,356,NULL,36,244,NULL),
(31,'WPY20230321110720','790aea54-26c2-4c6b-86e9-08ecaf18abad',23000.00,23000.00,1870.00,21130.00,0,'2023-03-21 08:07:20.623004',NULL,NULL,356,NULL,19,111,NULL),
(32,'WPY20230322091927','df14d87b-26a3-4549-aa9e-9d46e9db987c',23000.00,21130.00,600.00,20530.00,0,'2023-03-22 06:19:27.609799',NULL,NULL,356,NULL,19,111,NULL),
(33,'WPY20230322150021','4ab71280-17c6-42d0-bef1-e5e0472bd611',63500.00,63500.00,1500.00,62000.00,0,'2023-03-22 12:00:21.477050',NULL,NULL,356,NULL,37,43,NULL),
(34,'WPY20230322150130','8a6cc835-26dd-4367-b837-823388234dea',63500.00,62000.00,35690.00,26310.00,0,'2023-03-22 12:01:30.799483',NULL,NULL,356,NULL,37,43,NULL),
(35,'WPY20230322151028','9c97bf06-4c66-485c-a12a-6c2df83860c4',253000.00,253000.00,6600.00,246400.00,0,'2023-03-22 12:10:28.195155',NULL,NULL,356,NULL,38,495,NULL),
(36,'WPY20230322151159','8324a037-e167-4f87-b3e6-6fff4e2da30e',253000.00,246400.00,225885.00,20515.00,0,'2023-03-22 12:11:59.286743',NULL,NULL,356,NULL,38,495,NULL),
(37,'WPY20230322154025','562232b1-10d6-4d54-ae00-08088fcee343',250200.00,250200.00,5400.00,244800.00,0,'2023-03-22 12:40:25.669185',NULL,NULL,356,NULL,39,394,NULL),
(38,'WPY20230323104415','f05e6cf4-0451-41e7-854b-e646b2496082',250200.00,244800.00,136000.00,108800.00,0,'2023-03-23 07:44:15.992386',NULL,NULL,356,NULL,39,394,NULL),
(39,'WPY20230323104446','c87d6a0c-2d9e-456f-89cb-940628588c82',57500.00,12623.00,12623.00,0.00,0,'2023-03-23 07:44:46.802406',NULL,NULL,356,NULL,15,452,NULL),
(40,'WPY20230324112152','61d6c6a3-7777-4ab2-bc45-80ad0c49a990',367571.60,367571.60,7933.00,359638.60,0,'2023-03-24 08:21:52.722099',NULL,NULL,356,NULL,40,269,NULL),
(41,'WPY20230324112415','3b17ba74-4df5-4eb8-a847-6be4fac3fd66',367571.60,359638.60,132890.00,226748.60,0,'2023-03-24 08:24:15.008947',NULL,NULL,356,NULL,40,269,NULL),
(42,'WPY20230324113931','6164480c-152c-49aa-9925-4a34bfa360ba',83400.00,83400.00,22450.00,60950.00,0,'2023-03-24 08:39:31.868335',NULL,NULL,356,NULL,41,175,NULL),
(43,'WPY20230324114433','b9ddd1c5-b73c-4468-ae9b-84f83db0f1c8',342900.00,342900.00,8100.00,334800.00,0,'2023-03-24 08:44:33.362533',NULL,NULL,356,NULL,42,161,NULL),
(44,'WPY20230324114535','4dfa3064-c9be-4f5f-ab7b-bd0180c5b698',342900.00,334800.00,83900.00,250900.00,0,'2023-03-24 08:45:35.281062',NULL,NULL,356,NULL,42,161,NULL),
(45,'WPY20230324115115','9529ced6-25a3-4b72-85ea-d1e14cc13935',103500.00,103500.00,2700.00,100800.00,0,'2023-03-24 08:51:15.332043',NULL,NULL,356,NULL,43,363,NULL),
(46,'WPY20230324120052','bfac7dae-fbce-4c24-b1e6-a1f5ea1aead1',103500.00,100800.00,89500.00,11300.00,0,'2023-03-24 09:00:52.982749',NULL,NULL,356,NULL,43,363,NULL),
(47,'WPY20230324120829','d4214da6-84a4-41bb-a6af-ed36b78f271c',58380.00,58380.00,1260.00,57120.00,0,'2023-03-24 09:08:29.406112',NULL,NULL,356,NULL,44,591,NULL),
(48,'WPY20230324121018','f7496862-5256-4743-914b-e9ad44f84d5d',58380.00,57120.00,21610.00,35510.00,0,'2023-03-24 09:10:18.761331',NULL,NULL,356,NULL,44,591,NULL),
(49,'WPY20230324122135','ca7dd1c5-4b4b-413f-87d9-ee82c355d170',63500.00,63500.00,6670.00,56830.00,0,'2023-03-24 09:21:35.925155',NULL,NULL,356,NULL,45,129,NULL),
(50,'WPY20230324123016','a577ed3d-b0b5-4ccb-aef3-27f385942bf5',172500.00,172500.00,4500.00,168000.00,0,'2023-03-24 09:30:16.967811',NULL,NULL,356,NULL,46,585,NULL),
(51,'WPY20230324123627','425ec4c3-adf6-4ba5-acb1-b58bd3e451e3',102870.00,102870.00,2430.00,100440.00,0,'2023-03-24 09:36:27.021758',NULL,NULL,356,NULL,47,101,NULL),
(52,'WPY20230324124033','b13ea2d9-41a7-4a53-95dc-1651b69972b9',102870.00,100440.00,50710.00,49730.00,0,'2023-03-24 09:40:33.162574',NULL,NULL,356,NULL,47,101,NULL),
(53,'WPY20230324125250','cb1dd7b9-fa80-4896-9439-907a63996c35',34500.00,34500.00,12100.00,22400.00,0,'2023-03-24 09:52:50.649058',NULL,NULL,356,NULL,48,416,NULL),
(54,'WPY20230324125548','a3d61086-c80a-40ed-935f-c37795acb260',92000.00,92000.00,2400.00,89600.00,0,'2023-03-24 09:55:48.819960',NULL,NULL,356,NULL,49,135,NULL),
(55,'WPY20230324125654','b695d98b-9cb1-455d-a994-f2fc4b896ace',92000.00,89600.00,52320.00,37280.00,0,'2023-03-24 09:56:54.200648',NULL,NULL,356,NULL,49,135,NULL),
(56,'WPY20230324130147','7340bcf4-1cca-4bf3-8b96-8cf8295e5d16',625500.00,625500.00,31500.00,594000.00,0,'2023-03-24 10:01:47.681360',NULL,NULL,356,NULL,50,267,NULL),
(57,'WPY20230324130558','4cb049ea-afa5-45bf-9ac5-b91eff2a18fa',50800.00,50800.00,1200.00,49600.00,0,'2023-03-24 10:05:58.652798',NULL,NULL,356,NULL,51,419,NULL),
(58,'WPY20230324130720','93b2b123-0d26-4d65-a561-5f9619d082f7',50800.00,49600.00,38910.00,10690.00,0,'2023-03-24 10:07:20.075352',NULL,NULL,356,NULL,51,419,NULL),
(59,'WPY20230324155108','3ee903e5-6084-42e5-b1e0-f3d8e53ec7b6',23000.00,23000.00,18460.00,4540.00,0,'2023-03-24 12:51:08.734292',NULL,NULL,356,NULL,52,235,NULL),
(60,'WPY20230324155202','ee645852-5b95-498c-a9f5-a4e27fc13d5b',23000.00,4540.00,600.00,3940.00,0,'2023-03-24 12:52:02.365720',NULL,NULL,356,NULL,52,235,NULL),
(61,'WPY20230329122544','3c02bd41-4202-4894-aac8-217df16bbeb5',63500.00,63500.00,1500.00,62000.00,0,'2023-03-29 09:25:44.871458',NULL,NULL,356,NULL,53,290,NULL),
(62,'WPY20230329122801','8cfdbf85-8d57-45b6-b04d-10cf1219b8a1',63500.00,62000.00,39020.00,22980.00,0,'2023-03-29 09:28:01.351060',NULL,NULL,356,NULL,53,290,NULL),
(63,'WPY20230329123043','de8a5435-5f2c-4756-826b-31d37a06f7b1',63500.00,63500.00,1500.00,62000.00,0,'2023-03-29 09:30:43.873107',NULL,NULL,356,NULL,54,487,NULL),
(64,'WPY20230329123453','52bd469c-ae89-4f3d-be9f-3ebf11ee2fc4',278000.00,278000.00,6000.00,272000.00,0,'2023-03-29 09:34:53.313478',NULL,NULL,356,NULL,55,463,NULL),
(65,'WPY20230329142240','a69422aa-4e6b-4cfc-a238-e0597d306d6b',278000.00,272000.00,234360.00,37640.00,0,'2023-03-29 11:22:40.892125',NULL,NULL,356,NULL,55,463,NULL),
(66,'WPY20230329161329','17408ad8-f86e-4088-8ae7-b2139d8caefb',57475.00,57475.00,20470.00,37005.00,0,'2023-03-29 13:13:29.060285',NULL,NULL,356,NULL,56,371,NULL),
(67,'WPY20230329162644','ccc1f879-abae-4472-ad9a-ac1a475d8b90',101600.00,101600.00,2400.00,99200.00,0,'2023-03-29 13:26:44.264461',NULL,NULL,356,NULL,57,284,NULL),
(68,'WPY20230329162805','700dcf10-5622-4083-8104-9e95ac57da11',101600.00,99200.00,45485.00,53715.00,0,'2023-03-29 13:28:05.402775',NULL,NULL,356,NULL,57,284,NULL),
(69,'WPY20230330102245','79fb3055-ebb2-43c4-9bcd-94002f0443de',21800.00,21800.00,17140.00,4660.00,0,'2023-03-30 07:22:45.753432',NULL,NULL,356,NULL,58,40,NULL),
(70,'WPY20230330111106','a6cab1ce-a6e5-4aad-8313-fa657bb381c9',148257.40,148257.40,3200.00,145057.40,0,'2023-03-30 08:11:06.607063',NULL,NULL,356,NULL,59,176,NULL),
(71,'WPY20230330111255','c95b31e1-110b-44a4-82fc-a390ef9485a7',148257.40,145057.40,63614.00,81443.40,0,'2023-03-30 08:12:55.493294',NULL,NULL,356,NULL,59,176,NULL),
(72,'WPY20230330111942','0c7c5251-32d3-4fac-b777-0408084c4698',80500.00,80500.00,2100.00,78400.00,0,'2023-03-30 08:19:42.551974',NULL,NULL,356,NULL,60,82,NULL),
(73,'WPY20230330112047','694c1194-35c4-43b8-b9aa-1be249e5e368',80500.00,78400.00,69465.00,8935.00,0,'2023-03-30 08:20:47.660043',NULL,NULL,356,NULL,60,82,NULL),
(74,'WPY20230330113011','6f2eb06f-c587-47a6-a94f-0ba4b9eeaf4f',34500.00,34500.00,900.00,33600.00,0,'2023-03-30 08:30:11.364438',NULL,NULL,356,NULL,61,127,NULL),
(75,'WPY20230330113121','ebc03845-b124-4eea-90bd-086253c7456a',34500.00,33600.00,28770.00,4830.00,0,'2023-03-30 08:31:21.355661',NULL,NULL,356,NULL,61,127,NULL),
(76,'WPY20230330113455','4d520ff7-4927-43d2-bb7b-0cb04d3804bb',57500.00,57500.00,1500.00,56000.00,0,'2023-03-30 08:34:55.524059',NULL,NULL,356,NULL,62,240,NULL),
(77,'WPY20230330113859','6566cabe-ccc1-4776-971c-0697ebf9fbcc',57500.00,56000.00,55500.00,500.00,0,'2023-03-30 08:38:59.390460',NULL,NULL,356,NULL,62,240,NULL),
(78,'WPY20230330122453','0fbc69cf-7fd7-4aab-b955-d5d5afe1a1fd',218500.00,218500.00,144460.00,74040.00,0,'2023-03-30 09:24:53.393639',NULL,NULL,356,NULL,63,50,NULL),
(79,'WPY20230330125722','a6b725b1-e0c8-4ea8-af72-c128015c2617',92130.00,92130.00,2490.00,89640.00,0,'2023-03-30 09:57:22.385005',NULL,NULL,356,NULL,64,366,NULL),
(80,'WPY20230330125802','277169b6-b9cb-4ff5-9ec8-5fd571729f1c',92130.00,89640.00,56025.00,33615.00,0,'2023-03-30 09:58:02.911659',NULL,NULL,356,NULL,64,366,NULL),
(81,'WPY20230330130133','4ee4e951-9a08-48ad-ac52-67f647530f48',614998.55,614998.55,13273.35,601725.20,0,'2023-03-30 10:01:33.921582',NULL,NULL,356,NULL,65,193,NULL),
(82,'WPY20230330130257','8d815f26-a27a-465a-94c8-d514fea18818',614998.55,601725.20,220000.00,381725.20,0,'2023-03-30 10:02:57.779849',NULL,NULL,356,NULL,65,193,NULL),
(83,'WPY20230330143531','73785858-f947-4caa-aba9-1266d382ffd7',463370.40,463370.40,10000.80,453369.60,0,'2023-03-30 11:35:31.047329',NULL,NULL,356,NULL,66,480,NULL),
(84,'WPY20230330143703','ec48f904-3fc8-4325-a8ac-5d95e6e80905',463370.40,453369.60,113400.00,339969.60,0,'2023-03-30 11:37:03.998107',NULL,NULL,356,NULL,66,480,NULL),
(85,'WPY20230330143951','2487920d-c5ec-4fd1-b316-1fde68a085d4',115000.00,115000.00,3000.00,112000.00,0,'2023-03-30 11:39:51.226178',NULL,NULL,356,NULL,67,418,NULL),
(86,'WPY20230330144051','ec874e78-4cdf-4e68-8fdb-f1b2e4774e6d',115000.00,112000.00,65375.00,46625.00,0,'2023-03-30 11:40:51.726425',NULL,NULL,356,NULL,67,418,NULL),
(87,'WPY20230330145539','9b881448-4347-4c72-aa2f-838bdfa22041',23000.00,23000.00,600.00,22400.00,0,'2023-03-30 11:55:39.927874',NULL,NULL,356,NULL,68,124,NULL),
(88,'WPY20230330145730','47d55dc2-3db0-4e96-8228-3f53641fed69',23000.00,22400.00,20040.00,2360.00,0,'2023-03-30 11:57:30.525643',NULL,NULL,356,NULL,68,124,NULL),
(89,'WPY20230330145959','c032028d-3d1e-4bf2-8c35-36d830d686c5',57150.00,57150.00,1350.00,55800.00,0,'2023-03-30 11:59:59.323212',NULL,NULL,356,NULL,69,153,NULL),
(90,'WPY20230330151459','e9f90293-0e68-473c-97d9-aae032717b73',63500.00,63500.00,1500.00,62000.00,0,'2023-03-30 12:14:59.658375',NULL,NULL,356,NULL,70,301,NULL),
(91,'WPY20230330151615','33c6c6f9-feb1-4b1d-adcf-7ebf33eb1cf0',63500.00,62000.00,24425.00,37575.00,0,'2023-03-30 12:16:15.896959',NULL,NULL,356,NULL,70,301,NULL),
(92,'WPY20230330160336','d5250d5f-c8b6-4c70-8024-c89b3a1574d0',76200.00,76200.00,54730.00,21470.00,0,'2023-03-30 13:03:36.970012',NULL,NULL,356,NULL,71,584,NULL),
(93,'WPY20230330160414','4db8aaec-62d0-42d2-accd-8d8f9a1631a7',76200.00,21470.00,1800.00,19670.00,0,'2023-03-30 13:04:14.903725',NULL,NULL,356,NULL,71,584,NULL),
(94,'WPY20230330161604','4660ea88-cd5b-408a-afbf-eae566680a29',208500.00,208500.00,4500.00,204000.00,0,'2023-03-30 13:16:04.410038',NULL,NULL,356,NULL,72,76,NULL),
(95,'WPY20230330161904','4b1a2462-2dc1-4319-8409-80b70dc47729',208500.00,204000.00,68040.00,135960.00,0,'2023-03-30 13:19:04.209003',NULL,NULL,356,NULL,72,76,NULL),
(96,'WPY20230330162224','65579efa-0af4-4e65-afca-85a9f3c50a67',23000.00,23000.00,10600.00,12400.00,0,'2023-03-30 13:22:24.967388',NULL,NULL,356,NULL,73,404,NULL),
(97,'WPY20230330163025','117d287b-cd55-4769-a8e5-7ac0c2b8b679',190500.00,190500.00,4500.00,186000.00,0,'2023-03-30 13:30:25.118137',NULL,NULL,356,NULL,74,511,NULL),
(98,'WPY20230330163252','25d4a8e1-51a1-4760-bbc3-97bcf909b128',190500.00,186000.00,31000.00,155000.00,0,'2023-03-30 13:32:52.517260',NULL,NULL,356,NULL,74,511,NULL),
(99,'WPY20230330164044','d386b59f-4694-43e2-8547-27b927123bbc',38100.00,38100.00,900.00,37200.00,0,'2023-03-30 13:40:44.049096',NULL,NULL,356,NULL,75,396,NULL),
(100,'WPY20230330164133','38452298-901d-42b1-88ee-b578116ad407',38100.00,37200.00,6400.00,30800.00,0,'2023-03-30 13:41:33.098082',NULL,NULL,356,NULL,75,396,NULL),
(101,'WPY20230330164509','98a4cc7c-5bf5-40ac-bdc2-de1da4eb544b',23000.00,23000.00,600.00,22400.00,0,'2023-03-30 13:45:09.219464',NULL,NULL,356,NULL,76,227,NULL),
(102,'WPY20230330164547','daf72719-fede-42af-aeeb-b64fd4d5546f',23000.00,22400.00,11200.00,11200.00,0,'2023-03-30 13:45:47.243436',NULL,NULL,356,NULL,76,227,NULL),
(103,'WPY20230330165200','e9666c59-eb17-406d-8c76-09ae3d25cee5',97300.00,97300.00,44965.00,52335.00,0,'2023-03-30 13:52:00.878906',NULL,NULL,356,NULL,77,387,NULL),
(104,'WPY20230401095753','da3fd7a0-046f-4a9c-a0fa-8b0ce9e7ad2e',97300.00,52335.00,2100.00,50235.00,0,'2023-04-01 06:57:53.061771',NULL,NULL,356,NULL,77,387,NULL),
(105,'WPY20230401100707','a38f1ed2-450a-4696-a380-108f196f453b',172500.00,172500.00,4500.00,168000.00,0,'2023-04-01 07:07:07.114587',NULL,NULL,356,NULL,78,322,NULL),
(106,'WPY20230401100759','9bad6498-6078-4ebb-a984-e784a920f823',172500.00,168000.00,112000.00,56000.00,0,'2023-04-01 07:07:59.246497',NULL,NULL,356,NULL,78,322,NULL),
(107,'WPY20230401101329','eda6e581-2d29-46d3-87ac-98386a143312',498857.10,498857.10,10766.70,488090.40,0,'2023-04-01 07:13:29.644088',NULL,NULL,356,NULL,79,158,NULL),
(108,'WPY20230401102045','716f3f08-f69f-4257-8fe6-5eefe6286d20',498857.10,488090.40,339545.00,148545.40,0,'2023-04-01 07:20:45.297846',NULL,NULL,356,NULL,79,158,NULL),
(109,'WPY20230401103253','d7164244-a6cc-467d-8726-aa06f18d0dc6',138000.00,138000.00,3600.00,134400.00,0,'2023-04-01 07:32:53.023366',NULL,NULL,356,NULL,80,400,NULL),
(110,'WPY20230401103329','57c9e077-bee8-4256-b7f9-c0c20388386d',138000.00,134400.00,134400.00,0.00,0,'2023-04-01 07:33:29.922333',NULL,NULL,356,NULL,80,400,NULL),
(111,'WPY20230401103657','8fa523d3-3383-4aaf-a943-3bae2a3b3d52',52980.50,52980.50,1382.10,51598.40,0,'2023-04-01 07:36:57.205824',NULL,NULL,356,NULL,81,461,NULL),
(112,'WPY20230401103739','c7ef647f-8081-43ad-b725-f48bef6cfc20',52980.50,51598.40,36000.00,15598.40,0,'2023-04-01 07:37:39.767116',NULL,NULL,356,NULL,81,461,NULL),
(113,'WPY20230401104458','af42ee4b-7aa7-45c1-a78b-61ae3e8922e0',180700.00,180700.00,3900.00,176800.00,0,'2023-04-01 07:44:58.184543',NULL,NULL,356,NULL,82,523,NULL),
(114,'WPY20230401104743','d8ab928e-41ff-41c8-89ba-051e7a156244',180700.00,176800.00,154145.00,22655.00,0,'2023-04-01 07:47:43.962067',NULL,NULL,356,NULL,82,523,NULL),
(115,'WPY20230401110524','3923ad51-d081-4552-87b1-08e09c2059a5',127000.00,127000.00,3000.00,124000.00,0,'2023-04-01 08:05:24.970531',NULL,NULL,356,NULL,83,251,NULL),
(116,'WPY20230401110621','33c35162-b238-4aff-aee6-3f6d00a31298',127000.00,124000.00,93390.00,30610.00,0,'2023-04-01 08:06:21.155521',NULL,NULL,356,NULL,83,251,NULL),
(117,'WPY20230401110956','432cdae9-eae7-48d8-b619-d402b5f98ce9',208500.00,208500.00,4500.00,204000.00,0,'2023-04-01 08:09:56.696094',NULL,NULL,356,NULL,84,476,NULL),
(118,'WPY20230401111329','89a9cc1e-f55c-473a-98ae-ecf728a36a6f',208500.00,204000.00,164105.00,39895.00,0,'2023-04-01 08:13:29.875269',NULL,NULL,356,NULL,84,476,NULL),
(119,'WPY20230401113547','cb9aafb7-0ca6-46b1-9d5d-38f77bfbf0eb',23000.00,23000.00,600.00,22400.00,0,'2023-04-01 08:35:47.291443',NULL,NULL,356,NULL,85,104,NULL),
(120,'WPY20230401113643','17c3b871-61a1-4ff1-9b90-e0539d388513',23000.00,22400.00,18700.00,3700.00,0,'2023-04-01 08:36:43.605143',NULL,NULL,356,NULL,85,104,NULL),
(121,'WPY20230401113708','f3894743-0a76-4121-b1c8-2acc116eac3c',23000.00,3700.00,450.00,3250.00,0,'2023-04-01 08:37:08.558543',NULL,NULL,356,NULL,85,104,NULL),
(122,'WPY20230401114851','9406afc5-50e2-403c-8a5e-6c1547175a9f',23000.00,23000.00,600.00,22400.00,0,'2023-04-01 08:48:51.568632',NULL,NULL,356,NULL,86,342,NULL),
(123,'WPY20230401114956','a0829a6d-5d99-4eb2-b7df-b070a937106e',23000.00,22400.00,16830.00,5570.00,0,'2023-04-01 08:49:56.033600',NULL,NULL,356,NULL,86,342,NULL),
(124,'WPY20230401120349','96f7777e-a262-4ea6-a810-28982551dc6d',83400.00,83400.00,1800.00,81600.00,0,'2023-04-01 09:03:49.404521',NULL,NULL,356,NULL,87,171,NULL),
(125,'WPY20230401120550','4abd99f3-65d1-4779-bcdc-7a4918ff0f98',83400.00,81600.00,13620.00,67980.00,0,'2023-04-01 09:05:50.323108',NULL,NULL,356,NULL,87,171,NULL),
(126,'WPY20230401121802','10b3d680-078d-46d6-9672-97338de55589',193210.00,193210.00,4170.00,189040.00,0,'2023-04-01 09:18:02.323057',NULL,NULL,356,NULL,88,579,NULL),
(127,'WPY20230401122008','64665629-3de4-4070-aad4-5c4d135674ca',193210.00,189040.00,94590.00,94450.00,0,'2023-04-01 09:20:08.442309',NULL,NULL,356,NULL,88,579,NULL),
(128,'WPY20230401122326','6c96438f-f8ae-4617-a1e0-3069267613b5',208500.00,208500.00,4500.00,204000.00,0,'2023-04-01 09:23:26.093527',NULL,NULL,356,NULL,89,196,NULL),
(129,'WPY20230401122550','bee29047-1f93-4463-aeee-8f00cb813848',208500.00,204000.00,53060.00,150940.00,0,'2023-04-01 09:25:50.812486',NULL,NULL,356,NULL,89,196,NULL),
(130,'WPY20230401123044','67439e5d-e9fc-4bb0-9599-e9da91f794fc',115000.00,115000.00,3000.00,112000.00,0,'2023-04-01 09:30:44.731294',NULL,NULL,356,NULL,90,303,NULL),
(131,'WPY20230401123133','303e7175-4113-4f5c-930e-58802d369d87',115000.00,112000.00,9335.00,102665.00,0,'2023-04-01 09:31:33.506057',NULL,NULL,356,NULL,90,303,NULL),
(132,'WPY20230401123500','c4fe02f0-1420-492e-a78d-13f1b57fdb1f',57500.00,57500.00,1500.00,56000.00,0,'2023-04-01 09:35:00.079921',NULL,NULL,356,NULL,91,49,NULL),
(133,'WPY20230401123657','90ce7768-b6c7-4f53-8e3e-87c5158dc1cc',57500.00,56000.00,8600.00,47400.00,0,'2023-04-01 09:36:57.044963',NULL,NULL,356,NULL,91,49,NULL),
(134,'WPY20230403144156','b8c1aba9-bf97-439a-bfe9-f6c3c31dfdbe',21800.00,21800.00,600.00,21200.00,0,'2023-04-03 11:41:56.129188',NULL,NULL,356,NULL,92,232,NULL),
(135,'WPY20230403144230','0ed9e61d-4cce-4cb9-ad77-23ea778cf522',21800.00,21200.00,17715.00,3485.00,0,'2023-04-03 11:42:30.219706',NULL,NULL,356,NULL,92,232,NULL),
(136,'WPY20230403144952','ba7d1989-2844-4004-ae6c-9422d88e3e35',92000.00,92000.00,2400.00,89600.00,0,'2023-04-03 11:49:52.553527',NULL,NULL,356,NULL,93,481,NULL),
(137,'WPY20230403145116','60518db5-ab5b-4974-a432-5c8ed07589ae',92000.00,89600.00,66410.00,23190.00,0,'2023-04-03 11:51:16.566102',NULL,NULL,356,NULL,93,481,NULL),
(138,'WPY20230403145419','8afe4473-1ebd-422d-8d84-2a0793d81b17',139000.00,139000.00,3000.00,136000.00,0,'2023-04-03 11:54:19.618623',NULL,NULL,356,NULL,94,562,NULL),
(139,'WPY20230403145612','9a9cff3e-2bb0-4d85-90f0-8b4615009d62',139000.00,136000.00,60480.00,75520.00,0,'2023-04-03 11:56:12.475782',NULL,NULL,356,NULL,94,562,NULL),
(140,'WPY20230403151349','065b505c-9ae2-40bb-9a5b-cdafb5430c56',88900.00,88900.00,2100.00,86800.00,0,'2023-04-03 12:13:49.932247',NULL,NULL,356,NULL,95,273,NULL),
(141,'WPY20230403151509','d949be21-ab2f-4bce-868b-3113b2d71890',88900.00,86800.00,56460.00,30340.00,0,'2023-04-03 12:15:09.775806',NULL,NULL,356,NULL,95,273,NULL),
(142,'WPY20230403152228','59c6d504-d75b-48a1-a6e3-03405ccd1707',125100.00,125100.00,2700.00,122400.00,0,'2023-04-03 12:22:28.403534',NULL,NULL,356,NULL,96,13,NULL),
(143,'WPY20230403152412','05b58cf3-a227-497b-98f3-e6d1f9e478e9',125100.00,122400.00,51000.00,71400.00,0,'2023-04-03 12:24:12.807687',NULL,NULL,356,NULL,96,13,NULL),
(144,'WPY20230403152636','f45eb83b-af19-4929-b16b-53191fbdf52f',23000.00,23000.00,600.00,22400.00,0,'2023-04-03 12:26:36.545986',NULL,NULL,356,NULL,97,528,NULL),
(145,'WPY20230403152713','b7b4b469-ee3e-4af0-80da-8c02846518ec',23000.00,22400.00,1870.00,20530.00,0,'2023-04-03 12:27:13.397060',NULL,NULL,356,NULL,97,528,NULL),
(146,'WPY20230403153037','a65cfa58-3fcc-427b-84c0-459010eb8429',69000.00,69000.00,1800.00,67200.00,0,'2023-04-03 12:30:37.737758',NULL,NULL,356,NULL,98,340,NULL),
(147,'WPY20230403153120','9d41d1a8-29b1-47b4-8a57-a97baf9e8de5',69000.00,67200.00,11200.00,56000.00,0,'2023-04-03 12:31:20.637790',NULL,NULL,356,NULL,98,340,NULL),
(148,'WPY20230403154134','9af03041-c73e-4f5f-973b-da327dcc8fdc',39200.00,39200.00,1050.00,38150.00,0,'2023-04-03 12:41:34.741243',NULL,NULL,356,NULL,99,369,NULL),
(149,'WPY20230403154214','c9a8d517-9ddd-47f0-995b-3ea2e123d135',39200.00,38150.00,10000.00,28150.00,0,'2023-04-03 12:42:14.462475',NULL,NULL,356,NULL,99,369,NULL),
(150,'WPY20230403160038','57183020-da93-4f38-bb90-2b666e157419',63500.00,63500.00,1500.00,62000.00,0,'2023-04-03 13:00:38.413720',NULL,NULL,356,NULL,101,167,NULL),
(151,'WPY20230403160114','3c0fece2-bda5-42af-9cab-84ffc9c53093',63500.00,62000.00,7755.00,54245.00,0,'2023-04-03 13:01:14.016316',NULL,NULL,356,NULL,101,167,NULL),
(152,'WPY20230403161248','d86c4a81-21a6-44d9-b599-70ee16c63dc7',83400.00,83400.00,1800.00,81600.00,0,'2023-04-03 13:12:48.802671',NULL,NULL,356,NULL,102,276,NULL),
(153,'WPY20230403161330','aebe8e9f-bf67-43d1-90fc-01aaa843d51c',83400.00,81600.00,9080.00,72520.00,0,'2023-04-03 13:13:30.605492',NULL,NULL,356,NULL,102,276,NULL),
(154,'WPY20230403162345','4ad9f8d8-7d5e-4062-85f0-7c79f92a2bf6',95250.00,95250.00,2250.00,93000.00,0,'2023-04-03 13:23:45.567809',NULL,NULL,356,NULL,103,578,NULL),
(155,'WPY20230403163944','b96b7b96-7061-4c04-bad3-70ebaed4bc88',95250.00,93000.00,83000.00,10000.00,0,'2023-04-03 13:39:44.589651',NULL,NULL,356,NULL,103,578,NULL),
(156,'WPY20230404113840','5a774678-1fbe-45f9-8e62-05679d9bb509',194183.00,194183.00,4191.00,189992.00,0,'2023-04-04 08:38:40.826401',NULL,NULL,356,NULL,104,477,NULL),
(157,'WPY20230404114008','fb062539-1488-47f4-9ae4-81a4142f8346',194183.00,189992.00,32980.00,157012.00,0,'2023-04-04 08:40:08.153424',NULL,NULL,356,NULL,104,477,NULL),
(158,'WPY20230404114435','37ea7a98-b73e-4930-9be8-6dc21a31ab1e',271050.00,271050.00,91170.00,179880.00,0,'2023-04-04 08:44:35.236756',NULL,NULL,356,NULL,105,70,NULL),
(159,'WPY20230404114622','639b3e1e-5bb8-4d0b-9370-86082acb8948',271050.00,179880.00,5850.00,174030.00,0,'2023-04-04 08:46:22.679714',NULL,NULL,356,NULL,105,70,NULL),
(160,'WPY20230404120409','768067dc-164f-4223-b8d0-b21932068fe9',417000.00,417000.00,9000.00,408000.00,0,'2023-04-04 09:04:09.189147',NULL,NULL,356,NULL,106,661,NULL),
(161,'WPY20230404120634','1569d64f-aac1-433d-92e3-16f1d48aca6f',417000.00,408000.00,304540.00,103460.00,0,'2023-04-04 09:06:34.873911',NULL,NULL,356,NULL,106,661,NULL),
(162,'WPY20230404155652','b59d969a-c212-448a-9a4d-8057bcd3e37c',42550.00,42550.00,1110.00,41440.00,0,'2023-04-04 12:56:52.492805',NULL,NULL,356,NULL,107,346,NULL),
(163,'WPY20230404160200','e95f84f9-86a4-4564-a47b-b2c1eb4a7427',63500.00,63500.00,1500.00,62000.00,0,'2023-04-04 13:02:00.314286',NULL,NULL,356,NULL,108,163,NULL),
(164,'WPY20230404160413','0756cbe6-35a1-4405-9e66-610bc77a78aa',127000.00,127000.00,3000.00,124000.00,0,'2023-04-04 13:04:13.287633',NULL,NULL,356,NULL,12,183,NULL),
(165,'WPY20230404160438','7797d865-85c4-4360-b941-99d71eeafcef',127000.00,124000.00,5170.00,118830.00,0,'2023-04-04 13:04:38.263140',NULL,NULL,356,NULL,12,183,NULL),
(166,'WPY20230404161646','cbb63fbb-23be-4fc4-8b3b-c37ae6ec9206',347500.00,347500.00,7500.00,340000.00,0,'2023-04-04 13:16:46.799383',NULL,NULL,356,NULL,109,625,NULL),
(167,'WPY20230404161747','a5b6c354-79f7-4997-a02a-e65fd583ca14',347500.00,340000.00,18890.00,321110.00,0,'2023-04-04 13:17:47.380266',NULL,NULL,356,NULL,109,625,NULL),
(168,'WPY20230405124316','e6cb7944-736a-4a12-ac38-eab793a1c3a8',23000.00,20530.00,1870.00,18660.00,0,'2023-04-05 09:43:16.071790',NULL,NULL,356,NULL,97,528,NULL),
(169,'WPY20230405153319','b0ca92cc-d241-41d2-9923-71477c878a09',34500.00,22400.00,4400.00,18000.00,0,'2023-04-05 12:33:19.610460',NULL,NULL,356,NULL,48,416,NULL),
(170,'WPY20230412113305','04c7d2b8-fade-4289-a481-dd99cd5b7c72',230000.00,205000.00,18670.00,186330.00,0,'2023-04-12 08:33:05.416136',NULL,NULL,356,NULL,11,327,NULL),
(171,'WPY20230412114347','e31fdcc1-e32e-450c-9eac-81598ac87a13',63500.00,62000.00,51700.00,10300.00,0,'2023-04-12 08:43:47.399338',NULL,NULL,356,NULL,108,163,NULL),
(172,'WPY20230412120149','590cee96-0d5e-44c1-8666-34e6bc45bc33',50800.00,50800.00,24840.00,25960.00,0,'2023-04-12 09:01:49.313085',NULL,NULL,356,NULL,110,84,NULL),
(173,'WPY20230412120217','7a0bcf1b-2970-4692-b365-e45d01abf378',50800.00,25960.00,1200.00,24760.00,0,'2023-04-12 09:02:17.918678',NULL,NULL,356,NULL,110,84,NULL),
(174,'WPY20230412121428','01de5917-d8b2-4fec-b001-03b5ca25a39d',57500.00,57500.00,1500.00,56000.00,0,'2023-04-12 09:14:28.295206',NULL,NULL,356,NULL,111,121,NULL),
(175,'WPY20230412121558','3a53fcc3-51df-449f-832a-d607f648adf1',57500.00,56000.00,23350.00,32650.00,0,'2023-04-12 09:15:58.568243',NULL,NULL,356,NULL,111,121,NULL),
(176,'WPY20230412122715','3d8d2f1f-df1a-4e8f-83df-f8ccf0373049',63500.00,63500.00,1500.00,62000.00,0,'2023-04-12 09:27:15.255450',NULL,NULL,356,NULL,112,92,NULL),
(177,'WPY20230412123018','632b636a-f835-4173-91fe-0d8a4b0135a6',63500.00,62000.00,55690.00,6310.00,0,'2023-04-12 09:30:18.550694',NULL,NULL,356,NULL,112,92,NULL),
(178,'WPY20230412123222','0bef8f7a-b15d-4574-97d1-ab8074cd9843',34500.00,34500.00,900.00,33600.00,0,'2023-04-12 09:32:22.413387',NULL,NULL,356,NULL,113,205,NULL),
(179,'WPY20230412123320','d98dbba8-5037-443d-a690-ec4b96171de9',34500.00,33600.00,13200.00,20400.00,0,'2023-04-12 09:33:20.716272',NULL,NULL,356,NULL,113,205,NULL),
(180,'WPY20230412123905','7968d6b1-a8e6-46f7-89f9-09b0bf59d477',63500.00,63500.00,1500.00,62000.00,0,'2023-04-12 09:39:05.659416',NULL,NULL,356,NULL,114,457,NULL),
(181,'WPY20230412125121','13edf6a1-3cd2-4b8a-87e7-6d60d7f2e50a',63500.00,63500.00,1500.00,62000.00,0,'2023-04-12 09:51:21.804679',NULL,NULL,356,NULL,115,368,NULL),
(182,'WPY20230412125258','e939bace-75ad-43c1-b6f4-561170b552e6',63500.00,62000.00,31925.00,30075.00,0,'2023-04-12 09:52:58.611783',NULL,NULL,356,NULL,115,368,NULL),
(183,'WPY20230412125901','0bf8e7b6-8697-44d0-8e51-2e8c2c69eecc',40250.00,40250.00,1050.00,39200.00,0,'2023-04-12 09:59:01.823198',NULL,NULL,356,NULL,116,422,NULL),
(184,'WPY20230412130333','a80b59d0-590e-4ee9-a1d6-808f8af5ff9e',40250.00,39200.00,13110.00,26090.00,0,'2023-04-12 10:03:33.374917',NULL,NULL,356,NULL,116,422,NULL),
(185,'WPY20230417100611','54d6f0aa-462d-4385-9f6c-9bbe3c6e21db',342900.00,250900.00,140000.00,110900.00,0,'2023-04-17 07:06:11.662664',NULL,NULL,356,NULL,42,161,NULL),
(1701,'WPY20230612153433','ced78bdf-b1a0-44b4-a9c6-57924164d34b',230000.00,186330.00,18670.00,167660.00,0,'2023-06-12 12:34:33.549090',NULL,NULL,356,NULL,11,327,NULL),
(1702,'WPY20230612153502','91187c7c-e90b-4fa1-82c4-7e3fcffdca6e',230000.00,167660.00,18670.00,148990.00,0,'2023-06-12 12:35:02.977031',NULL,NULL,356,NULL,11,327,NULL),
(1703,'WPY20230612154253','65a79165-a157-42fa-9484-d1abcefc31ea',367571.60,226748.60,46908.60,179840.00,0,'2023-06-12 12:42:53.588104',NULL,NULL,356,NULL,40,269,NULL),
(1704,'WPY20230620124528','0b76a6ab-fb27-4a08-84eb-63eb71d75c91',253000.00,20515.00,20515.00,0.00,0,'2023-06-20 09:45:28.208405',NULL,NULL,356,NULL,38,495,NULL),
(1705,'WPY20230705111314','2037275a-fc17-4f98-8df2-55c5b77ac30b',58380.00,35510.00,3822.00,31688.00,0,'2023-07-05 08:13:14.263387',NULL,NULL,356,NULL,44,591,NULL),
(1706,'WPY20230705111818','938edc0f-3d75-4327-988a-0e19a2181ef6',625500.00,578000.00,51000.00,527000.00,0,'2023-07-05 08:18:18.246857',NULL,NULL,356,NULL,32,157,NULL),
(1707,'WPY20230705112605','adba845c-5453-4394-8c4e-7ba9e771564f',83956.00,77544.00,5294.00,72250.00,0,'2023-07-05 08:26:05.929710',NULL,NULL,356,NULL,31,355,NULL),
(1708,'WPY20230706124729','3a9d9513-2572-4e1b-9cff-590f453bfc33',83400.00,60950.00,2400.00,58550.00,0,'2023-07-06 09:47:29.253677',NULL,NULL,356,NULL,41,175,NULL),
(1709,'WPY20230706153517','e31acd2e-fcf5-4f2d-9c00-f6182de22944',96800.00,96800.00,2400.00,94400.00,0,'2023-07-06 12:35:17.555614',NULL,NULL,356,NULL,117,29,NULL),
(1710,'WPY20230706155641','d7f8b4bc-b777-444b-8b64-dd06fe81ee82',96800.00,94400.00,10500.00,83900.00,0,'2023-07-06 12:56:41.758820',NULL,NULL,356,NULL,117,29,NULL),
(1711,'WPY20230706155741','e8ccfb26-9c8b-40bd-b61f-a2d0a9dbceea',347500.00,321110.00,28335.00,292775.00,0,'2023-07-06 12:57:41.029622',NULL,NULL,356,NULL,109,625,NULL),
(1712,'WPY20230706155957','ad8df5b9-8975-4d0b-b2cf-a01cc208b866',417000.00,103460.00,18275.00,85185.00,0,'2023-07-06 12:59:57.418132',NULL,NULL,356,NULL,106,661,NULL),
(1713,'WPY20230706160223','9abc2e5a-3c70-40c8-b6a3-bcd407308df0',69000.00,56000.00,16900.00,39100.00,0,'2023-07-06 13:02:23.227034',NULL,NULL,356,NULL,98,340,NULL),
(1714,'WPY20230706160351','b38abe23-d3a5-4b7f-8c65-f1bec76c46b1',63500.00,54245.00,5170.00,49075.00,0,'2023-07-06 13:03:51.444099',NULL,NULL,356,NULL,101,167,NULL),
(1715,'WPY20230706160542','06b3bb8c-2428-4cb9-9b45-079a6b511047',95250.00,10000.00,5500.00,4500.00,0,'2023-07-06 13:05:42.240244',NULL,NULL,356,NULL,103,578,NULL),
(1716,'WPY20230706160613','ed41c526-25b2-45e6-b240-75181aff1391',271050.00,174030.00,174030.00,0.00,0,'2023-07-06 13:06:13.660514',NULL,NULL,356,NULL,105,70,NULL),
(1717,'WPY20230706160803','4a3fe0d0-a318-45fb-a1c9-dcd33149966d',83400.00,72520.00,4270.00,68250.00,0,'2023-07-06 13:08:03.691560',NULL,NULL,356,NULL,102,276,NULL),
(1718,'WPY20230706161218','ad75f793-2be1-49fc-8dfc-61e8c7204075',50800.00,24760.00,12050.00,12710.00,0,'2023-07-06 13:12:18.275151',NULL,NULL,356,NULL,110,84,NULL),
(1719,'WPY20230706161329','182cbf0f-1369-4169-aeb3-b849490b9873',194183.00,157012.00,9872.00,147140.00,0,'2023-07-06 13:13:29.160337',NULL,NULL,356,NULL,104,477,NULL),
(1720,'WPY20230706162627','66ad4c5a-0471-4a68-8cf2-8e1aad74c829',23000.00,18660.00,5430.00,13230.00,0,'2023-07-06 13:26:27.624592',NULL,NULL,356,NULL,97,528,NULL),
(1721,'WPY20230706163502','98b02775-dbee-4c25-92c3-a02c4130d955',21800.00,3485.00,3485.00,0.00,0,'2023-07-06 13:35:02.529391',NULL,NULL,356,NULL,92,232,NULL),
(1722,'WPY20230706163605','01bfcf36-c437-4df6-b3ed-0da0b612e9f7',57500.00,47400.00,10660.00,36740.00,0,'2023-07-06 13:36:05.972885',NULL,NULL,356,NULL,91,49,NULL),
(1723,'WPY20230706163715','1f02b845-3f64-41a7-8762-d9f8bcf9e90a',193210.00,94450.00,16195.00,78255.00,0,'2023-07-06 13:37:15.268665',NULL,NULL,356,NULL,88,579,NULL),
(1724,'WPY20230706163819','d5f5b70f-f95e-4b24-ba5b-b1464a7f83ad',208500.00,150940.00,85280.00,65660.00,0,'2023-07-06 13:38:19.214794',NULL,NULL,356,NULL,89,196,NULL),
(1725,'WPY20230706163916','68e5d3f7-339c-4b4b-a305-36a0e31a3449',115000.00,102665.00,33005.00,69660.00,0,'2023-07-06 13:39:16.626234',NULL,NULL,356,NULL,90,303,NULL),
(1726,'WPY20230706164013','2d05b7e6-5b45-4f82-9faf-ca0208f9724a',88900.00,30340.00,10840.00,19500.00,0,'2023-07-06 13:40:13.416134',NULL,NULL,356,NULL,95,273,NULL),
(1727,'WPY20230707102313','73a44af5-61db-4cb6-8888-11e9662a8996',172500.00,56000.00,42000.00,14000.00,0,'2023-07-07 07:23:13.329393',NULL,NULL,356,NULL,78,322,NULL),
(1728,'WPY20230707102527','74b723c6-ddaf-42a4-afdb-4621c1dca26c',38100.00,30800.00,3050.00,27750.00,0,'2023-07-07 07:25:27.241613',NULL,NULL,356,NULL,75,396,NULL),
(1729,'WPY20230707102601','33aa33ec-431f-40e2-8f5b-105b867645ed',38100.00,27750.00,850.00,26900.00,0,'2023-07-07 07:26:01.585909',NULL,NULL,356,NULL,75,396,NULL),
(1730,'WPY20230707125936','4e1a202d-472d-40ef-be38-8ebb9665a437',625500.00,594000.00,48000.00,546000.00,0,'2023-07-07 09:59:36.123241',NULL,NULL,356,NULL,50,267,NULL),
(1731,'WPY20230707130056','1cd73dee-e150-4203-b8eb-b7ec8c874699',102870.00,49730.00,11500.00,38230.00,0,'2023-07-07 10:00:56.050915',NULL,NULL,356,NULL,47,101,NULL),
(1732,'WPY20230707130214','2638696d-5494-4fd2-bdca-bae87ae3f4df',34500.00,18000.00,2700.00,15300.00,0,'2023-07-07 10:02:14.277603',NULL,NULL,356,NULL,48,416,NULL),
(1733,'WPY20230707130316','512f6cee-dd6d-4958-877f-e7fa8ae1accc',92000.00,37280.00,29810.00,7470.00,0,'2023-07-07 10:03:16.726237',NULL,NULL,356,NULL,49,135,NULL),
(1734,'WPY20230707144247','870c60fd-53f5-403d-999d-94481a2ed2b3',127000.00,118380.00,15060.00,103320.00,0,'2023-07-07 11:42:47.777589',NULL,NULL,356,NULL,20,522,NULL),
(1735,'WPY20230707144352','a16eaf68-7403-4a8d-ab14-73ce4a764ccb',23000.00,20530.00,5610.00,14920.00,0,'2023-07-07 11:43:52.914293',NULL,NULL,356,NULL,19,111,NULL),
(1736,'WPY20230707144553','c33f878a-2408-48ac-af29-ddb37e64f7d2',74758.55,48673.55,14156.55,34517.00,0,'2023-07-07 11:45:53.052655',NULL,NULL,356,NULL,17,225,NULL),
(1737,'WPY20230707144708','af67ecf2-4bc2-4008-9a3b-6aa5ac23c62d',88900.00,71950.00,10490.00,61460.00,0,'2023-07-07 11:47:08.662339',NULL,NULL,356,NULL,30,320,NULL),
(1738,'WPY20230707144809','38514e54-0b65-4d83-8c53-ca893c0ce899',63500.00,49015.00,2000.00,47015.00,0,'2023-07-07 11:48:09.265198',NULL,NULL,356,NULL,13,30,NULL),
(1739,'WPY20230707144912','47c7b17c-66ae-4cef-8fb0-18c4d1721315',139000.00,101760.00,11860.00,89900.00,0,'2023-07-07 11:49:12.792199',NULL,NULL,356,NULL,33,137,NULL),
(1740,'WPY20230707145034','3a9e6ff2-16fd-4a9d-a11f-28254fcaa6af',11500.00,7315.00,1920.00,5395.00,0,'2023-07-07 11:50:34.658231',NULL,NULL,356,NULL,26,557,NULL),
(1741,'WPY20230707145138','eb9d0aea-9904-4a2c-ae5d-849c2e103fef',76200.00,42500.00,14600.00,27900.00,0,'2023-07-07 11:51:38.853798',NULL,NULL,356,NULL,21,465,NULL),
(1742,'WPY20230707151153','9b3181f2-b1e8-4184-b702-943ca6c47dc3',101600.00,53715.00,12470.00,41245.00,0,'2023-07-07 12:11:53.697035',NULL,NULL,356,NULL,57,284,NULL),
(1743,'WPY20230707151358','a331ff4c-c8e1-4edd-9980-a55be17e4323',63500.00,62000.00,7755.00,54245.00,0,'2023-07-07 12:13:58.563998',NULL,NULL,356,NULL,54,487,NULL),
(1744,'WPY20230707151551','2378f3fc-dd82-400b-a60b-2bd8c07e88fa',63500.00,22980.00,2160.00,20820.00,0,'2023-07-07 12:15:51.221661',NULL,NULL,356,NULL,53,290,NULL),
(1745,'WPY20230707152938','3cf8ec73-b633-446a-ac02-5a22049ec0b6',52980.50,15598.40,11308.40,4290.00,0,'2023-07-07 12:29:38.514044',NULL,NULL,356,NULL,81,461,NULL),
(1746,'WPY20230707153025','f4eed443-2fa0-4c4f-9237-f42098d517c3',97300.00,50235.00,7805.00,42430.00,0,'2023-07-07 12:30:25.546552',NULL,NULL,356,NULL,77,387,NULL),
(1747,'WPY20230707153146','c239f50c-6c07-46a6-8ca6-eaae18758b7c',180700.00,22655.00,7960.00,14695.00,0,'2023-07-07 12:31:46.889013',NULL,NULL,356,NULL,82,523,NULL),
(1748,'WPY20230707153234','7e626217-66b3-4e50-b412-848b9581824e',83400.00,67980.00,3000.00,64980.00,0,'2023-07-07 12:32:34.899696',NULL,NULL,356,NULL,87,171,NULL),
(1749,'WPY20230707153506','b35b120b-2eca-48ea-90d5-6d3f3199cd40',148257.40,81443.40,3997.00,77446.40,0,'2023-07-07 12:35:06.410229',NULL,NULL,356,NULL,59,176,NULL),
(1750,'WPY20230707153558','7a3a647b-db2d-438e-bcca-25418c7a1664',57475.00,37005.00,5285.00,31720.00,0,'2023-07-07 12:35:58.794692',NULL,NULL,356,NULL,56,371,NULL),
(1751,'WPY20230707153650','0b6833c8-3a8f-4064-a1f4-dc5ee2d94de4',278000.00,37640.00,7640.00,30000.00,0,'2023-07-07 12:36:50.461866',NULL,NULL,356,NULL,55,463,NULL),
(1752,'WPY20230707154515','ed7c3a9b-54cf-4e49-8a22-549b8ddeadca',21800.00,4660.00,4660.00,0.00,0,'2023-07-07 12:45:15.217974',NULL,NULL,356,NULL,58,40,NULL),
(1753,'WPY20230707154707','aa33ec90-6820-4e5b-b50c-fe8da43cf622',57150.00,55800.00,46550.00,9250.00,0,'2023-07-07 12:47:07.324298',NULL,NULL,356,NULL,69,153,NULL),
(1754,'WPY20230707154815','f5bf1ec3-764f-4248-bad9-6793a02a5721',614998.55,381725.20,223840.20,157885.00,0,'2023-07-07 12:48:15.659677',NULL,NULL,356,NULL,65,193,NULL),
(1755,'WPY20230707155427','7f9c46fc-ab4e-4eb7-9969-7328de63dbc7',83400.00,68250.00,3400.00,64850.00,0,'2023-07-07 12:54:27.747455',NULL,NULL,356,NULL,102,276,NULL),
(1756,'WPY20230711110847','ddc36b2a-1854-476f-9579-0d258e50cd56',625500.00,546000.00,15500.00,530500.00,0,'2023-07-11 08:08:47.984311',NULL,NULL,356,NULL,50,267,NULL);

UNLOCK TABLES;

/*Table structure for table `api_processing` */

DROP TABLE IF EXISTS `api_processing`;

CREATE TABLE `api_processing` (
  `id` bigint NOT NULL AUTO_INCREMENT,
  `processing_no` varchar(200) COLLATE utf8mb4_general_ci NOT NULL,
  `transaction_id` varchar(200) COLLATE utf8mb4_general_ci NOT NULL,
  `amount` decimal(8,2) NOT NULL,
  `is_deleted` tinyint(1) NOT NULL,
  `created_on` datetime(6) NOT NULL,
  `updated_on` datetime(6) DEFAULT NULL,
  `deleted_on` datetime(6) DEFAULT NULL,
  `created_by_id` int NOT NULL,
  `deleted_by_id` int DEFAULT NULL,
  `member_id` int NOT NULL,
  `updated_by_id` int DEFAULT NULL,
  PRIMARY KEY (`id`),
  UNIQUE KEY `processing_no` (`processing_no`),
  UNIQUE KEY `transaction_id` (`transaction_id`),
  KEY `api_processing_created_by_id_f3bd9b57_fk_auth_user_id` (`created_by_id`),
  KEY `api_processing_deleted_by_id_e56ed007_fk_auth_user_id` (`deleted_by_id`),
  KEY `api_processing_member_id_4a6f3e33_fk_auth_user_id` (`member_id`),
  KEY `api_processing_updated_by_id_380e024e_fk_auth_user_id` (`updated_by_id`),
  CONSTRAINT `api_processing_created_by_id_f3bd9b57_fk_auth_user_id` FOREIGN KEY (`created_by_id`) REFERENCES `auth_user` (`id`) ON DELETE RESTRICT ON UPDATE RESTRICT,
  CONSTRAINT `api_processing_deleted_by_id_e56ed007_fk_auth_user_id` FOREIGN KEY (`deleted_by_id`) REFERENCES `auth_user` (`id`) ON DELETE RESTRICT ON UPDATE RESTRICT,
  CONSTRAINT `api_processing_member_id_4a6f3e33_fk_auth_user_id` FOREIGN KEY (`member_id`) REFERENCES `auth_user` (`id`) ON DELETE RESTRICT ON UPDATE RESTRICT,
  CONSTRAINT `api_processing_updated_by_id_380e024e_fk_auth_user_id` FOREIGN KEY (`updated_by_id`) REFERENCES `auth_user` (`id`) ON DELETE RESTRICT ON UPDATE RESTRICT
) ENGINE=InnoDB DEFAULT CHARSET=utf8mb4 COLLATE=utf8mb4_general_ci;

/*Data for the table `api_processing` */

LOCK TABLES `api_processing` WRITE;

UNLOCK TABLES;

/*Table structure for table `api_registration` */

DROP TABLE IF EXISTS `api_registration`;

CREATE TABLE `api_registration` (
  `id` bigint NOT NULL AUTO_INCREMENT,
  `reg_no` varchar(200) COLLATE utf8mb4_general_ci NOT NULL,
  `transaction_id` varchar(200) COLLATE utf8mb4_general_ci NOT NULL,
  `savings_entrance_fee` decimal(8,2) NOT NULL,
  `is_deleted` tinyint(1) NOT NULL,
  `created_on` datetime(6) NOT NULL,
  `updated_on` datetime(6) DEFAULT NULL,
  `deleted_on` datetime(6) DEFAULT NULL,
  `created_by_id` int NOT NULL,
  `deleted_by_id` int DEFAULT NULL,
  `member_id` int NOT NULL,
  `updated_by_id` int DEFAULT NULL,
  `shares_application_fee` decimal(8,2) NOT NULL,
  `shares_entrance_fee` decimal(8,2) NOT NULL,
  PRIMARY KEY (`id`),
  UNIQUE KEY `reg_no` (`reg_no`),
  UNIQUE KEY `transaction_id` (`transaction_id`),
  KEY `api_registration_created_by_id_43688e38_fk_auth_user_id` (`created_by_id`),
  KEY `api_registration_deleted_by_id_31bb783f_fk_auth_user_id` (`deleted_by_id`),
  KEY `api_registration_member_id_f38006be_fk_auth_user_id` (`member_id`),
  KEY `api_registration_updated_by_id_8eefb0d0_fk_auth_user_id` (`updated_by_id`),
  CONSTRAINT `api_registration_created_by_id_43688e38_fk_auth_user_id` FOREIGN KEY (`created_by_id`) REFERENCES `auth_user` (`id`) ON DELETE RESTRICT ON UPDATE RESTRICT,
  CONSTRAINT `api_registration_deleted_by_id_31bb783f_fk_auth_user_id` FOREIGN KEY (`deleted_by_id`) REFERENCES `auth_user` (`id`) ON DELETE RESTRICT ON UPDATE RESTRICT,
  CONSTRAINT `api_registration_member_id_f38006be_fk_auth_user_id` FOREIGN KEY (`member_id`) REFERENCES `auth_user` (`id`) ON DELETE RESTRICT ON UPDATE RESTRICT,
  CONSTRAINT `api_registration_updated_by_id_8eefb0d0_fk_auth_user_id` FOREIGN KEY (`updated_by_id`) REFERENCES `auth_user` (`id`) ON DELETE RESTRICT ON UPDATE RESTRICT
) ENGINE=InnoDB AUTO_INCREMENT=7 DEFAULT CHARSET=utf8mb4 COLLATE=utf8mb4_general_ci;

/*Data for the table `api_registration` */

LOCK TABLES `api_registration` WRITE;

insert  into `api_registration`(`id`,`reg_no`,`transaction_id`,`savings_entrance_fee`,`is_deleted`,`created_on`,`updated_on`,`deleted_on`,`created_by_id`,`deleted_by_id`,`member_id`,`updated_by_id`,`shares_application_fee`,`shares_entrance_fee`) values 
(1,'WRG20230321102508','7e599dd9-18f5-4a01-b45a-fb457930994f',200.00,0,'2023-03-21 07:25:08.448001',NULL,NULL,356,NULL,183,NULL,0.00,0.00),
(2,'WRG20230403143446','abfcb9e4-b245-464e-bada-a15b55f7a29a',0.00,0,'2023-04-03 11:34:46.794901',NULL,NULL,356,NULL,690,NULL,200.00,1000.00),
(3,'WRG20230517103647','2b27a31f-4072-4e9f-8822-3a450be93e83',0.00,0,'2023-05-17 07:36:47.244694',NULL,NULL,356,NULL,693,NULL,200.00,1000.00),
(4,'WRG20230622130052','2ceba725-8f72-476b-8a3a-83524c9b36f0',200.00,0,'2023-06-22 10:00:52.485027',NULL,NULL,356,NULL,698,NULL,0.00,0.00),
(5,'WRG20230704094424','49a6970d-76ca-4f85-ba02-47f3914b4423',200.00,0,'2023-07-04 06:44:24.907851',NULL,NULL,356,NULL,713,NULL,0.00,0.00),
(6,'WRG20230812100922','6aa8a790-ce37-4c90-8619-65a85c3e9bfd',0.00,0,'2023-08-12 07:09:22.113533',NULL,NULL,356,NULL,721,NULL,200.00,0.00);

UNLOCK TABLES;

/*Table structure for table `api_settings` */

DROP TABLE IF EXISTS `api_settings`;

CREATE TABLE `api_settings` (
  `id` bigint NOT NULL AUTO_INCREMENT,
  `SHARES_ENTRANCE_FEE` int DEFAULT NULL,
  `SHARES_APPLICATION_FEE` int DEFAULT NULL,
  `SAVINGS_ENTRANCE_FEE` int DEFAULT NULL,
  `MIN_LOAN` int DEFAULT NULL,
  `MAX_LOAN` int DEFAULT NULL,
  `CAPITAL_SHARE` int DEFAULT NULL,
  `SHARES_MIN` int DEFAULT NULL,
  `ACCOUNT` int DEFAULT NULL,
  `ACCOUNT_WITHDRAWAL` int DEFAULT NULL,
  `PROCESSING_FEE` int DEFAULT NULL,
  `PASSBOOK` int DEFAULT NULL,
  `INTEREST` int DEFAULT NULL,
  `INSUARANCE` int DEFAULT NULL,
  `PHONE_NUMBER` int DEFAULT NULL,
  `created_on` datetime(6) NOT NULL,
  `updated_on` datetime(6) DEFAULT NULL,
  `deleted_on` datetime(6) DEFAULT NULL,
  `created_by_id` int NOT NULL,
  `deleted_by_id` int DEFAULT NULL,
  `updated_by_id` int DEFAULT NULL,
  PRIMARY KEY (`id`),
  KEY `api_settings_created_by_id_1fe65087_fk_auth_user_id` (`created_by_id`),
  KEY `api_settings_deleted_by_id_29263e9e_fk_auth_user_id` (`deleted_by_id`),
  KEY `api_settings_updated_by_id_34b98340_fk_auth_user_id` (`updated_by_id`),
  CONSTRAINT `api_settings_created_by_id_1fe65087_fk_auth_user_id` FOREIGN KEY (`created_by_id`) REFERENCES `auth_user` (`id`) ON DELETE RESTRICT ON UPDATE RESTRICT,
  CONSTRAINT `api_settings_deleted_by_id_29263e9e_fk_auth_user_id` FOREIGN KEY (`deleted_by_id`) REFERENCES `auth_user` (`id`) ON DELETE RESTRICT ON UPDATE RESTRICT,
  CONSTRAINT `api_settings_updated_by_id_34b98340_fk_auth_user_id` FOREIGN KEY (`updated_by_id`) REFERENCES `auth_user` (`id`) ON DELETE RESTRICT ON UPDATE RESTRICT
) ENGINE=InnoDB AUTO_INCREMENT=2 DEFAULT CHARSET=utf8mb4 COLLATE=utf8mb4_general_ci;

/*Data for the table `api_settings` */

LOCK TABLES `api_settings` WRITE;

insert  into `api_settings`(`id`,`SHARES_ENTRANCE_FEE`,`SHARES_APPLICATION_FEE`,`SAVINGS_ENTRANCE_FEE`,`MIN_LOAN`,`MAX_LOAN`,`CAPITAL_SHARE`,`SHARES_MIN`,`ACCOUNT`,`ACCOUNT_WITHDRAWAL`,`PROCESSING_FEE`,`PASSBOOK`,`INTEREST`,`INSUARANCE`,`PHONE_NUMBER`,`created_on`,`updated_on`,`deleted_on`,`created_by_id`,`deleted_by_id`,`updated_by_id`) values 
(1,1000,200,200,1000,500000,2400,200,200,50,300,150,1,3,10,'2023-02-03 10:23:34.392567',NULL,NULL,1,NULL,NULL);

UNLOCK TABLES;

/*Table structure for table `api_shares` */

DROP TABLE IF EXISTS `api_shares`;

CREATE TABLE `api_shares` (
  `id` bigint NOT NULL AUTO_INCREMENT,
  `share_no` varchar(200) COLLATE utf8mb4_general_ci NOT NULL,
  `transaction_id` varchar(200) COLLATE utf8mb4_general_ci NOT NULL,
  `amount` decimal(8,2) NOT NULL,
  `is_deleted` tinyint(1) NOT NULL,
  `created_on` datetime(6) NOT NULL,
  `updated_on` datetime(6) DEFAULT NULL,
  `deleted_on` datetime(6) DEFAULT NULL,
  `created_by_id` int DEFAULT NULL,
  `deleted_by_id` int DEFAULT NULL,
  `member_id` int NOT NULL,
  `updated_by_id` int DEFAULT NULL,
  PRIMARY KEY (`id`),
  UNIQUE KEY `share_no` (`share_no`),
  UNIQUE KEY `transaction_id` (`transaction_id`),
  KEY `api_shares_created_by_id_2cfc90fb_fk_auth_user_id` (`created_by_id`),
  KEY `api_shares_deleted_by_id_a8e5c0bf_fk_auth_user_id` (`deleted_by_id`),
  KEY `api_shares_member_id_02f2cca3_fk_auth_user_id` (`member_id`),
  KEY `api_shares_updated_by_id_a9346a0a_fk_auth_user_id` (`updated_by_id`),
  CONSTRAINT `api_shares_created_by_id_2cfc90fb_fk_auth_user_id` FOREIGN KEY (`created_by_id`) REFERENCES `auth_user` (`id`) ON DELETE RESTRICT ON UPDATE RESTRICT,
  CONSTRAINT `api_shares_deleted_by_id_a8e5c0bf_fk_auth_user_id` FOREIGN KEY (`deleted_by_id`) REFERENCES `auth_user` (`id`) ON DELETE RESTRICT ON UPDATE RESTRICT,
  CONSTRAINT `api_shares_member_id_02f2cca3_fk_auth_user_id` FOREIGN KEY (`member_id`) REFERENCES `auth_user` (`id`) ON DELETE RESTRICT ON UPDATE RESTRICT,
  CONSTRAINT `api_shares_updated_by_id_a9346a0a_fk_auth_user_id` FOREIGN KEY (`updated_by_id`) REFERENCES `auth_user` (`id`) ON DELETE RESTRICT ON UPDATE RESTRICT
) ENGINE=InnoDB AUTO_INCREMENT=601 DEFAULT CHARSET=utf8mb4 COLLATE=utf8mb4_general_ci;

/*Data for the table `api_shares` */

LOCK TABLES `api_shares` WRITE;

insert  into `api_shares`(`id`,`share_no`,`transaction_id`,`amount`,`is_deleted`,`created_on`,`updated_on`,`deleted_on`,`created_by_id`,`deleted_by_id`,`member_id`,`updated_by_id`) values 
(1,'WSH20230216160712','2a8055a2-cc21-46cb-bb76-0c1e4c954ee6',48781.00,0,'2023-02-16 13:07:12.747243',NULL,NULL,1,NULL,12,NULL),
(2,'WSH20230216161319','289d764a-d1e0-4703-b7eb-ccde65b2d8e3',52144.00,0,'2023-02-16 13:13:19.665929',NULL,NULL,1,NULL,13,NULL),
(3,'WSH20230217093803','8ea05d1a-413d-49ef-8704-a92921e3e85e',6600.00,0,'2023-02-17 06:38:03.470323',NULL,NULL,1,NULL,14,NULL),
(4,'WSH20230217094639','21a91c1e-3fbe-4bfe-a7a3-dc6271a7fa2d',34913.00,0,'2023-02-17 06:46:39.821366','2023-02-17 08:18:23.555405',NULL,1,NULL,15,1),
(5,'WSH20230217095952','8b8b7b73-4866-4953-a242-e6017195c87e',400.00,0,'2023-02-17 06:59:52.101606',NULL,NULL,1,NULL,16,NULL),
(6,'WSH20230217100303','98bb9640-f3e7-420a-9a96-7180c460210a',200.00,0,'2023-02-17 07:03:03.552954','2023-04-04 09:26:24.930658',NULL,1,NULL,17,356),
(7,'WSH20230217100534','801ae871-5fb3-4332-ad39-8010b10d5444',9200.00,0,'2023-02-17 07:05:34.929757','2023-03-22 07:11:56.526164',NULL,1,NULL,18,356),
(8,'WSH20230217100901','39308f9e-f870-4fa0-b0b6-34970a30ef42',300.00,0,'2023-02-17 07:09:01.375481',NULL,NULL,1,NULL,19,NULL),
(9,'WSH20230217101243','ffa28eed-bc52-48bb-8b4e-73b841a8dae0',4700.00,0,'2023-02-17 07:12:43.883111',NULL,NULL,1,NULL,20,NULL),
(10,'WSH20230217101505','ad712891-742c-4ac0-938b-3dd1eafc9483',21600.00,0,'2023-02-17 07:15:05.452753',NULL,NULL,1,NULL,21,NULL),
(11,'WSH20230217102102','625cfedd-2506-40f1-a13b-50fdfc9159dc',50999.00,0,'2023-02-17 07:21:02.882774',NULL,NULL,1,NULL,22,NULL),
(12,'WSH20230217102439','7ef83bb3-0ab4-48d3-be54-9d87cb1ecb16',450.00,0,'2023-02-17 07:24:39.501859',NULL,NULL,1,NULL,23,NULL),
(13,'WSH20230217102811','81c1ddf3-2912-454f-8d26-3ef0d8c8951a',6600.00,0,'2023-02-17 07:28:11.163369',NULL,NULL,1,NULL,24,NULL),
(14,'WSH20230217103129','e7b72239-820e-4999-a375-265b8993e4d2',10000.00,0,'2023-02-17 07:31:29.538890',NULL,NULL,1,NULL,25,NULL),
(15,'WSH20230217104252','549ba8c9-2195-48cf-ba39-92e57b203771',800.00,0,'2023-02-17 07:42:52.421249',NULL,NULL,1,NULL,26,NULL),
(16,'WSH20230217104709','d7155b36-4add-44dc-ad23-647bb9942fdb',1000.00,0,'2023-02-17 07:47:09.891182',NULL,NULL,1,NULL,27,NULL),
(17,'WSH20230217105003','d8c454dd-cc21-4737-9711-f025715dd060',1500.00,0,'2023-02-17 07:50:03.188397',NULL,NULL,1,NULL,28,NULL),
(18,'WSH20230217105440','84767359-a982-4578-9088-bcc98c48238c',43380.00,0,'2023-02-17 07:54:40.041016',NULL,NULL,1,NULL,29,NULL),
(19,'WSH20230217105823','43d4a021-190d-4cb8-8c60-1655e2009b89',32774.00,0,'2023-02-17 07:58:23.334141',NULL,NULL,1,NULL,30,NULL),
(20,'WSH20230217110622','c721480d-8cd8-4066-8a1c-e4387dfa46fa',480.00,0,'2023-02-17 08:06:22.134747',NULL,NULL,1,NULL,31,NULL),
(21,'WSH20230217110833','4621aff4-7ec9-47a9-967d-4f5670aa8428',300.00,0,'2023-02-17 08:08:33.282392',NULL,NULL,1,NULL,32,NULL),
(22,'WSH20230217111024','759399e9-3be2-48a8-8432-0efaf0df1f60',600.00,0,'2023-02-17 08:10:24.588192',NULL,NULL,1,NULL,33,NULL),
(23,'WSH20230217111218','97439040-c980-47bf-9260-e8e6588064fd',7200.00,0,'2023-02-17 08:12:18.888598',NULL,NULL,1,NULL,34,NULL),
(24,'WSH20230217111336','eb697d71-29cf-4b73-9d9e-b892bfbaac04',700.00,0,'2023-02-17 08:13:36.986833',NULL,NULL,1,NULL,35,NULL),
(25,'WSH20230217111553','4b06edf1-9dfb-4e7a-a0cb-4ab0811453b0',630.00,0,'2023-02-17 08:15:53.676928',NULL,NULL,1,NULL,36,NULL),
(26,'WSH20230217111801','3e788a0a-8c12-4570-9e9f-43de9e22bfe7',300.00,0,'2023-02-17 08:18:01.864456',NULL,NULL,1,NULL,37,NULL),
(27,'WSH20230217112258','eb1fd0eb-bca8-464c-81e5-751351cacf64',6785.00,0,'2023-02-17 08:22:58.900016',NULL,NULL,1,NULL,39,NULL),
(28,'WSH20230217112426','9a37009d-0021-4a3d-b0e8-e352e69cab61',11100.00,0,'2023-02-17 08:24:26.860413',NULL,NULL,1,NULL,40,NULL),
(29,'WSH20230217112613','b185a6d4-e880-4d56-8fb2-17e2d74b57a8',7135.00,0,'2023-02-17 08:26:13.838901',NULL,NULL,1,NULL,41,NULL),
(30,'WSH20230217112830','7d2e91ae-3439-47a7-be0f-4521809be8f9',300.00,0,'2023-02-17 08:28:30.664622',NULL,NULL,1,NULL,42,NULL),
(31,'WSH20230217113402','95f0fe1e-36e7-457a-8f8c-321f18c1c520',24145.00,0,'2023-02-17 08:34:02.634993',NULL,NULL,1,NULL,43,NULL),
(32,'WSH20230217113543','bf1ec22d-52c1-4086-9fe5-566a4efdef57',9400.00,0,'2023-02-17 08:35:43.355298',NULL,NULL,1,NULL,44,NULL),
(33,'WSH20230217113711','8510f20e-98c6-4f8f-b090-ce32cb3a9dcd',38680.00,0,'2023-02-17 08:37:11.466067',NULL,NULL,1,NULL,45,NULL),
(34,'WSH20230217113838','06f81804-1f32-4c69-973d-786eeb2218a1',46210.00,0,'2023-02-17 08:38:38.747796',NULL,NULL,1,NULL,46,NULL),
(35,'WSH20230217114006','f3366ac7-0a6b-41c1-a9bf-049b65296393',13805.00,0,'2023-02-17 08:40:06.388477',NULL,NULL,1,NULL,47,NULL),
(36,'WSH20230217115233','8e8a6695-a674-431d-b992-47c9571e1961',11615.00,0,'2023-02-17 08:52:33.918450',NULL,NULL,1,NULL,48,NULL),
(37,'WSH20230217115539','3dcc7a0b-9515-45f3-bc6f-e69d2be65b81',52525.00,0,'2023-02-17 08:55:39.234207',NULL,NULL,1,NULL,49,NULL),
(38,'WSH20230217115845','a146c9b7-d3df-44ad-bd09-ca4ac215e559',1500.00,0,'2023-02-17 08:58:45.352725',NULL,NULL,1,NULL,50,NULL),
(39,'WSH20230217120830','6948a059-cb5e-403c-b1a8-789dfdcffd3c',30780.00,0,'2023-02-17 09:08:30.321620',NULL,NULL,1,NULL,51,NULL),
(40,'WSH20230217121001','edae3d1c-f8ea-4d8d-88a5-887d378cae9b',7110.00,0,'2023-02-17 09:10:01.933700',NULL,NULL,1,NULL,52,NULL),
(41,'WSH20230217121333','e376e12a-cd7b-4d9f-acc0-f5a738068d9b',22620.00,0,'2023-02-17 09:13:33.792954',NULL,NULL,1,NULL,53,NULL),
(42,'WSH20230217121920','c2f6bd1c-8150-4e8a-a678-90ca8041ce5d',700.00,0,'2023-02-17 09:19:20.278917',NULL,NULL,1,NULL,55,NULL),
(43,'WSH20230217122049','dfbed33c-bea9-4617-80ca-28e4577e5af0',1200.00,0,'2023-02-17 09:20:49.557681',NULL,NULL,1,NULL,56,NULL),
(44,'WSH20230217122202','8a4ab125-fcdf-4b54-8016-8c0bce2f9ff6',12360.00,0,'2023-02-17 09:22:02.457272',NULL,NULL,1,NULL,57,NULL),
(45,'WSH20230217122350','d3a4330b-5ae9-4d91-9bdf-348bc763417f',19570.00,0,'2023-02-17 09:23:50.482520',NULL,NULL,1,NULL,58,NULL),
(46,'WSH20230217122542','fcf779e3-8a99-4df0-aa58-28b5b39e537f',9055.00,0,'2023-02-17 09:25:42.656851',NULL,NULL,1,NULL,59,NULL),
(47,'WSH20230217122846','a5c63128-14cc-4a68-b11a-4fe3d9872efd',600.00,0,'2023-02-17 09:28:46.645145',NULL,NULL,1,NULL,60,NULL),
(48,'WSH20230217124308','7f9be3af-e4fd-45c9-a280-bfe5f4bc682c',600.00,0,'2023-02-17 09:43:08.639188','2023-02-17 09:47:01.175228',NULL,1,NULL,60,1),
(49,'WSH20230217124453','6ce00c9b-6ae5-4b4f-8ca9-622be8038ce3',14851.00,0,'2023-02-17 09:44:53.956583',NULL,NULL,1,NULL,61,NULL),
(50,'WSH20230217125228','3464a8b1-00a1-450b-9a43-4b12b33a98dd',1000.00,0,'2023-02-17 09:52:28.855249',NULL,NULL,1,NULL,62,NULL),
(51,'WSH20230217125439','69692b97-23c5-4f2a-b880-379f5c218380',36925.00,0,'2023-02-17 09:54:39.855922',NULL,NULL,1,NULL,64,NULL),
(52,'WSH20230217125703','391e4540-823b-40c4-9574-f4dc8982070a',21530.00,0,'2023-02-17 09:57:03.413550',NULL,NULL,1,NULL,65,NULL),
(53,'WSH20230217125939','9d920c6d-c767-4a27-883c-2d1579a6c175',47893.00,0,'2023-02-17 09:59:39.422303',NULL,NULL,1,NULL,66,NULL),
(54,'WSH20230217130355','44e12b2f-f3d6-419c-9009-ec3d4ba5e470',14310.00,0,'2023-02-17 10:03:55.638028',NULL,NULL,1,NULL,68,NULL),
(55,'WSH20230217130951','1732579f-5e73-418f-8ff8-7c522917b070',71522.00,0,'2023-02-17 10:09:51.905669',NULL,NULL,1,NULL,69,NULL),
(56,'WSH20230217131608','03a4268c-8835-4be6-8ebe-8607edacc51c',14109.00,0,'2023-02-17 10:16:08.567548',NULL,NULL,1,NULL,71,NULL),
(57,'WSH20230217131757','c9fcf674-c64a-431c-9ad4-9abc731e9166',4090.00,0,'2023-02-17 10:17:57.461601',NULL,NULL,1,NULL,72,NULL),
(58,'WSH20230217131938','4d39dc9f-1b94-4db4-adab-7b72601a9db9',3930.00,0,'2023-02-17 10:19:38.195984',NULL,NULL,1,NULL,73,NULL),
(59,'WSH20230217132103','2cfb5f1f-28c1-43e3-bda8-6fb216c534e6',16826.00,0,'2023-02-17 10:21:03.499545',NULL,NULL,1,NULL,74,NULL),
(60,'WSH20230217132248','ff89275b-a3bf-4596-84c3-9c76ea06a5cc',4015.00,0,'2023-02-17 10:22:48.888021',NULL,NULL,1,NULL,75,NULL),
(61,'WSH20230217132358','15a57698-bca4-4b47-9b15-09c2f9e5768d',51275.00,0,'2023-02-17 10:23:58.650945',NULL,NULL,1,NULL,76,NULL),
(62,'WSH20230217132537','f910b973-96ca-4289-be66-5ea4667d5971',5350.00,0,'2023-02-17 10:25:37.893618',NULL,NULL,1,NULL,77,NULL),
(63,'WSH20230217132730','cf0a54b0-0ca6-47ce-bc85-822d74e6f8d2',124146.00,0,'2023-02-17 10:27:30.180531',NULL,NULL,1,NULL,78,NULL),
(64,'WSH20230217133020','828f0c65-317c-40bb-bca2-e9ce537e64ff',168308.00,0,'2023-02-17 10:30:20.388405',NULL,NULL,1,NULL,79,NULL),
(65,'WSH20230217133339','1dd24203-d988-4235-8029-04760258614c',90952.00,0,'2023-02-17 10:33:39.942414',NULL,NULL,1,NULL,80,NULL),
(66,'WSH20230217133522','5d56f61e-cafd-4619-b00e-1e09cde76ca5',151361.00,0,'2023-02-17 10:35:22.616973',NULL,NULL,1,NULL,81,NULL),
(67,'WSH20230217133640','90d5591a-4523-4b40-9863-0d43c9e5f329',26261.00,0,'2023-02-17 10:36:40.970615',NULL,NULL,1,NULL,82,NULL),
(68,'WSH20230217133755','d8ce360d-86ad-445e-abae-0a6ccf1d8ccf',60538.00,0,'2023-02-17 10:37:55.718359',NULL,NULL,1,NULL,83,NULL),
(69,'WSH20230217133941','a786f8f7-c877-472f-85aa-9e4088cdcaf9',29906.00,0,'2023-02-17 10:39:41.301524',NULL,NULL,1,NULL,84,NULL),
(70,'WSH20230217134238','db0ba5da-f11d-49ad-96ef-96b73c810521',11432.00,0,'2023-02-17 10:42:38.424622',NULL,NULL,1,NULL,85,NULL),
(71,'WSH20230217134405','9ebd82c1-d2ce-4ef5-849d-b5b8add4df1b',27461.00,0,'2023-02-17 10:44:05.457987',NULL,NULL,1,NULL,86,NULL),
(72,'WSH20230217134850','4b7561c1-8264-4c77-b19c-49c227a6430b',49152.00,0,'2023-02-17 10:48:50.369545',NULL,NULL,1,NULL,87,NULL),
(73,'WSH20230217135018','0dc4f8b2-a49e-4d89-997b-c4dee7ded803',29570.00,0,'2023-02-17 10:50:18.609577',NULL,NULL,1,NULL,88,NULL),
(74,'WSH20230217135131','f0cbde7e-43cc-4322-8964-f41bbd54ffed',6280.00,0,'2023-02-17 10:51:31.517674',NULL,NULL,1,NULL,89,NULL),
(75,'WSH20230217135325','8ee5de7b-b01e-4da2-a530-7bff04bcba4d',33404.00,0,'2023-02-17 10:53:25.940462',NULL,NULL,1,NULL,90,NULL),
(76,'WSH20230217135453','2c6831e9-d0bf-4d6d-a1d8-f4c9a13c1a03',72495.00,0,'2023-02-17 10:54:53.165360',NULL,NULL,1,NULL,91,NULL),
(77,'WSH20230217135601','d411f3d3-247e-43a6-8a0c-a7768143c23c',86976.00,0,'2023-02-17 10:56:01.067411',NULL,NULL,1,NULL,92,NULL),
(78,'WSH20230217135738','dd474bf8-06f1-4fe9-86d3-55c28fd90e38',7645.00,0,'2023-02-17 10:57:38.318809',NULL,NULL,1,NULL,93,NULL),
(79,'WSH20230217135854','105a5a63-8b37-40b2-aa10-f1f66f260720',47438.00,0,'2023-02-17 10:58:54.190148',NULL,NULL,1,NULL,94,NULL),
(80,'WSH20230217140030','24440101-8245-4569-94b3-dfe062a62dbc',11974.00,0,'2023-02-17 11:00:30.305706',NULL,NULL,1,NULL,95,NULL),
(81,'WSH20230217140221','aa4933d8-aa9b-4e85-8814-8264b2c93282',14270.00,0,'2023-02-17 11:02:21.728662',NULL,NULL,1,NULL,96,NULL),
(82,'WSH20230217140354','84e8ca95-2cc2-4a8a-aa4f-45c02adc3833',62345.00,0,'2023-02-17 11:03:54.461743',NULL,NULL,1,NULL,97,NULL),
(83,'WSH20230217140529','0f359788-20e1-4678-9ff0-63165d47d5cc',54090.00,0,'2023-02-17 11:05:29.673052',NULL,NULL,1,NULL,98,NULL),
(84,'WSH20230217140654','1671c30a-5caa-47cc-8e26-4b1870d45411',22351.00,0,'2023-02-17 11:06:54.769037',NULL,NULL,1,NULL,99,NULL),
(85,'WSH20230217141719','4c0c9f02-5a72-4501-827e-70333787af45',200.00,0,'2023-02-17 11:17:19.225661',NULL,NULL,1,NULL,16,NULL),
(86,'WSH20230217141959','606b9b8c-a2f6-40cf-80b3-4157dbc5180c',9785.00,0,'2023-02-17 11:19:59.548933',NULL,NULL,1,NULL,100,NULL),
(87,'WSH20230217142121','5b950d84-bec6-4aa3-8e9c-3aa255f3e767',30870.00,0,'2023-02-17 11:21:21.156056',NULL,NULL,1,NULL,101,NULL),
(88,'WSH20230217142252','224e3c27-5736-4c11-996c-e9485e69235d',13636.00,0,'2023-02-17 11:22:52.338887',NULL,NULL,1,NULL,102,NULL),
(89,'WSH20230217142420','0f2f9275-0c17-4bfe-9e3a-424e07478fa8',26442.00,0,'2023-02-17 11:24:20.470167',NULL,NULL,1,NULL,103,NULL),
(90,'WSH20230217142608','03c5e6f1-a032-47e6-a187-7b55499f8546',49134.00,0,'2023-02-17 11:26:08.674243',NULL,NULL,1,NULL,104,NULL),
(91,'WSH20230217143310','e745cfa4-23da-4a37-8d31-c4e3350417b8',150297.00,0,'2023-02-17 11:33:10.001254',NULL,NULL,1,NULL,105,NULL),
(92,'WSH20230217143438','46bf8a73-5dcf-46fe-a186-19f615e5489f',9226.00,0,'2023-02-17 11:34:38.332605',NULL,NULL,1,NULL,106,NULL),
(93,'WSH20230217143721','da2cbd1a-68d4-4b0a-a83d-6eccc22883b7',500.00,0,'2023-02-17 11:37:21.192797',NULL,NULL,1,NULL,107,NULL),
(94,'WSH20230217143843','842cc041-1e01-4db0-9a14-1d695e61cf02',62926.00,0,'2023-02-17 11:38:43.683285',NULL,NULL,1,NULL,108,NULL),
(95,'WSH20230217144036','b8bd1c75-7792-4c05-962b-36c61c924e00',252697.00,0,'2023-02-17 11:40:36.826178',NULL,NULL,1,NULL,109,NULL),
(96,'WSH20230217144235','3494ed39-79ae-4f42-a82f-9eee42ea1a9a',49691.00,0,'2023-02-17 11:42:35.364699',NULL,NULL,1,NULL,110,NULL),
(97,'WSH20230217144615','6133edf8-935a-41ad-888f-5ffe0a23d199',21498.00,0,'2023-02-17 11:46:15.934191',NULL,NULL,1,NULL,111,NULL),
(98,'WSH20230217144840','47668160-5e23-48ae-b8f2-e6df3780f265',4788.00,0,'2023-02-17 11:48:40.669526',NULL,NULL,1,NULL,112,NULL),
(99,'WSH20230217145919','4102b4e3-6c22-44e3-969a-33f1a98eca5a',5394.00,0,'2023-02-17 11:59:19.712958',NULL,NULL,1,NULL,113,NULL),
(100,'WSH20230217150100','b8141e60-71da-4cd0-b80f-fcfc12d750c5',3605.00,0,'2023-02-17 12:01:00.124628',NULL,NULL,1,NULL,114,NULL),
(101,'WSH20230217150425','dcac9fb6-047f-494e-b7ad-1debd84224c4',65642.00,0,'2023-02-17 12:04:25.245304',NULL,NULL,1,NULL,115,NULL),
(102,'WSH20230217150534','2e6ebbb9-e97a-4b9e-ba1b-a5ea05098b58',24570.00,0,'2023-02-17 12:05:34.796576',NULL,NULL,1,NULL,116,NULL),
(103,'WSH20230217150656','8495e828-678a-4adf-8509-88c5e833e40b',51233.00,0,'2023-02-17 12:06:56.808026',NULL,NULL,1,NULL,117,NULL),
(104,'WSH20230217150808','9fda9d57-b08e-4f4f-ac75-109d0cacd9ed',9185.00,0,'2023-02-17 12:08:08.755523',NULL,NULL,1,NULL,118,NULL),
(105,'WSH20230217150923','cbaca26a-f4fe-47a9-b0dc-bb54aa08c283',6727.00,0,'2023-02-17 12:09:23.856930',NULL,NULL,1,NULL,119,NULL),
(106,'WSH20230217151207','f3727ff6-9dcd-4db5-a527-4c08e7cdfb51',96300.00,0,'2023-02-17 12:12:07.877496',NULL,NULL,1,NULL,120,NULL),
(107,'WSH20230217151404','a1c525cf-99d5-4a02-8089-d15269ec9f1e',38692.00,0,'2023-02-17 12:14:04.557144',NULL,NULL,1,NULL,121,NULL),
(108,'WSH20230217152049','9eb7a3a3-9584-4394-87d8-0224bde70d6a',99586.00,0,'2023-02-17 12:20:49.935571',NULL,NULL,1,NULL,122,NULL),
(109,'WSH20230217152529','02d68ab0-f18f-4bcc-9932-0cc3fb87284c',4725.00,0,'2023-02-17 12:25:29.778341',NULL,NULL,1,NULL,123,NULL),
(110,'WSH20230217152731','4a38a10e-4ff8-4572-b892-1a25c6154603',8905.00,0,'2023-02-17 12:27:31.999803',NULL,NULL,1,NULL,124,NULL),
(111,'WSH20230217152856','54cfc9f0-df3e-4ee2-96b9-30439fbb65f9',21050.00,0,'2023-02-17 12:28:56.302575',NULL,NULL,1,NULL,125,NULL),
(112,'WSH20230217153117','3683bf07-c396-4f9e-9148-297fddd3cc0f',19285.00,0,'2023-02-17 12:31:17.024388',NULL,NULL,1,NULL,126,NULL),
(113,'WSH20230217153303','789f1dfd-e168-4cf8-88f4-fea46c2dd926',23006.00,0,'2023-02-17 12:33:03.805882',NULL,NULL,1,NULL,127,NULL),
(114,'WSH20230217153630','0d5c1669-f15b-4576-9ca9-68f0de452bdb',21115.00,0,'2023-02-17 12:36:30.743283',NULL,NULL,1,NULL,128,NULL),
(115,'WSH20230217153752','4482dc0a-3595-4a14-b929-6c4a66766495',17035.00,0,'2023-02-17 12:37:52.724532',NULL,NULL,1,NULL,129,NULL),
(116,'WSH20230217153928','057bcccc-1172-4bf7-b65a-076f5bff88b4',19680.00,0,'2023-02-17 12:39:28.736103',NULL,NULL,1,NULL,130,NULL),
(117,'WSH20230217154051','5cc52692-8ebd-4b33-93d7-9ee1bbaf11e3',2575.00,0,'2023-02-17 12:40:51.749601',NULL,NULL,1,NULL,131,NULL),
(118,'WSH20230217154328','4fb9db8e-76fd-422f-9d6e-660588d1f5ca',9300.00,0,'2023-02-17 12:43:28.897565','2023-02-17 12:50:44.082806',NULL,1,NULL,132,1),
(119,'WSH20230217154455','27be084e-7d6e-4110-bac1-4bff1e87b6ee',14205.00,0,'2023-02-17 12:44:55.792730',NULL,NULL,1,NULL,133,NULL),
(120,'WSH20230217154611','6cbcba84-985d-4a8c-a42f-c65c3d9d040b',11256.00,0,'2023-02-17 12:46:11.159856',NULL,NULL,1,NULL,134,NULL),
(121,'WSH20230217154843','6f5bf609-c2d2-483e-8c12-9cc1996cd898',31140.00,0,'2023-02-17 12:48:43.626156',NULL,NULL,1,NULL,135,NULL),
(122,'WSH20230217155322','1cb480ce-e05f-496a-975b-a4cc18104064',36808.00,0,'2023-02-17 12:53:22.892750',NULL,NULL,1,NULL,137,NULL),
(123,'WSH20230217155521','b19a6c6a-4a2b-42d3-8517-c6c36b774963',15590.00,0,'2023-02-17 12:55:21.329763',NULL,NULL,1,NULL,138,NULL),
(124,'WSH20230217155706','9957bbda-dd7f-4902-93a8-ceedc37859a4',19670.00,0,'2023-02-17 12:57:06.423157',NULL,NULL,1,NULL,139,NULL),
(125,'WSH20230217155927','5606bafe-1aad-46cc-a929-c13b3fa3e8fd',8505.00,0,'2023-02-17 12:59:27.341532',NULL,NULL,1,NULL,140,NULL),
(126,'WSH20230217160053','623150a8-fab5-47bd-9b26-992b734095f6',4190.00,0,'2023-02-17 13:00:53.778271',NULL,NULL,1,NULL,141,NULL),
(127,'WSH20230217160216','d1dd44bf-d1f9-490e-91c6-a1716ccc6cab',9876.00,0,'2023-02-17 13:02:16.362016',NULL,NULL,1,NULL,142,NULL),
(128,'WSH20230217160423','3374c2e4-38b4-4a36-84b8-1c0a24f0062f',16835.00,0,'2023-02-17 13:04:23.362143',NULL,NULL,1,NULL,143,NULL),
(129,'WSH20230217160612','26f8787d-927a-40e6-9d19-7e626f38fc71',58045.00,0,'2023-02-17 13:06:12.593998',NULL,NULL,1,NULL,144,NULL),
(130,'WSH20230217160852','885c5b83-382a-450a-92fb-a5ac6d78caee',69300.00,0,'2023-02-17 13:08:52.931878',NULL,NULL,1,NULL,145,NULL),
(131,'WSH20230217161040','96018de1-c015-438a-a4f5-b9eafcf45f76',8100.00,0,'2023-02-17 13:10:40.608923',NULL,NULL,1,NULL,146,NULL),
(132,'WSH20230217161834','2d2f2fd7-d61d-46eb-a66e-714f831d0ee1',5770.00,0,'2023-02-17 13:18:34.682997',NULL,NULL,1,NULL,147,NULL),
(133,'WSH20230217162110','348b445f-81ae-44bc-a376-29e9a3e85149',6362.00,0,'2023-02-17 13:21:10.511778',NULL,NULL,1,NULL,148,NULL),
(134,'WSH20230217162305','b1f5b650-8111-4b03-85e7-68767730d572',3307.00,0,'2023-02-17 13:23:05.231806',NULL,NULL,1,NULL,149,NULL),
(135,'WSH20230217163036','7faf9cf7-b85a-4e81-a9bb-1ba200dc7837',30501.00,0,'2023-02-17 13:30:36.902574',NULL,NULL,1,NULL,150,NULL),
(136,'WSH20230217163230','92250311-0d29-4222-9e2f-01720d3a7def',24248.00,0,'2023-02-17 13:32:30.962591',NULL,NULL,1,NULL,151,NULL),
(137,'WSH20230217163410','41bace51-ed50-4d3f-9a56-653ccaf40e52',6364.00,0,'2023-02-17 13:34:10.273905',NULL,NULL,1,NULL,152,NULL),
(138,'WSH20230217163603','cfbfd5a3-37a3-440f-b274-6cee1290ca62',31685.00,0,'2023-02-17 13:36:03.255434',NULL,NULL,1,NULL,153,NULL),
(139,'WSH20230217163722','f226ca2e-fb77-4cd4-b993-8c0ba896877e',68500.00,0,'2023-02-17 13:37:22.357527',NULL,NULL,1,NULL,154,NULL),
(140,'WSH20230217163852','a4b9fa5d-10fa-448f-804b-4dcad45aab8a',13675.00,0,'2023-02-17 13:38:52.087807',NULL,NULL,1,NULL,155,NULL),
(141,'WSH20230218093535','32127a44-d604-4158-b93e-5290bcf782a6',11215.00,0,'2023-02-18 06:35:35.839937',NULL,NULL,1,NULL,156,NULL),
(142,'WSH20230218095913','40fe42f8-c94f-45f5-a8a3-8ec54484784b',155072.00,0,'2023-02-18 06:59:13.180004',NULL,NULL,1,NULL,157,NULL),
(143,'WSH20230218100039','8dd4c691-949f-4649-bd6a-712650c128f5',135025.00,0,'2023-02-18 07:00:39.016653',NULL,NULL,1,NULL,158,NULL),
(144,'WSH20230218100306','5ed4403b-1d7e-4666-b2c6-1484d7e9bb78',38772.00,0,'2023-02-18 07:03:06.082359',NULL,NULL,1,NULL,159,NULL),
(145,'WSH20230218100607','2fd43eb3-f976-4533-a826-e6d2d66cc15a',3452.00,0,'2023-02-18 07:06:07.035901',NULL,NULL,1,NULL,160,NULL),
(146,'WSH20230218100732','008d3d45-fe0e-4134-8ed8-35234e1bb9c8',98296.00,0,'2023-02-18 07:07:32.119707',NULL,NULL,1,NULL,161,NULL),
(147,'WSH20230218100913','0e0b569e-6c63-4b9c-9218-387998495617',26155.00,0,'2023-02-18 07:09:13.867195',NULL,NULL,1,NULL,162,NULL),
(148,'WSH20230218101453','1a22a5e2-3001-4bdf-8db9-7a62ac87022a',10763.00,0,'2023-02-18 07:14:53.146928',NULL,NULL,1,NULL,165,NULL),
(149,'WSH20230218101734','317e8c2f-999f-4bd6-84c3-365d44861c23',4530.00,0,'2023-02-18 07:17:34.861585',NULL,NULL,1,NULL,166,NULL),
(150,'WSH20230218102134','035f275c-f2f6-4dda-97e0-ec6c8b111273',131038.00,0,'2023-02-18 07:21:34.160414',NULL,NULL,1,NULL,167,NULL),
(151,'WSH20230218102249','27137d3e-d2c7-48c0-b421-f7477ac042c4',41099.00,0,'2023-02-18 07:22:49.092797',NULL,NULL,1,NULL,168,NULL),
(152,'WSH20230218102410','0a4d3748-600d-48d3-a67a-414d668f738d',8087.00,0,'2023-02-18 07:24:10.541673',NULL,NULL,1,NULL,169,NULL),
(153,'WSH20230218102539','d96b1b7b-24b4-4f87-8012-342a07de6ca6',27995.00,0,'2023-02-18 07:25:39.040813',NULL,NULL,1,NULL,170,NULL),
(154,'WSH20230218102657','00534576-03df-4a5a-a2b4-3217dcc2b7d6',24200.00,0,'2023-02-18 07:26:57.798249',NULL,NULL,1,NULL,171,NULL),
(155,'WSH20230218102845','b899ea9b-7e05-453a-8d83-c1f13eb25df7',192237.00,0,'2023-02-18 07:28:45.968947',NULL,NULL,1,NULL,172,NULL),
(156,'WSH20230218103011','5c9b1f41-06e0-4d3b-b9e9-3dcf223f225d',5782.00,0,'2023-02-18 07:30:11.427317',NULL,NULL,1,NULL,173,NULL),
(157,'WSH20230218103127','df6642e5-79d6-4c9f-a31d-b8d09326383b',125200.00,0,'2023-02-18 07:31:27.810738',NULL,NULL,1,NULL,174,NULL),
(158,'WSH20230218103310','4c4d5dd2-d1a0-4fcf-94a7-419e9db665a2',47750.00,0,'2023-02-18 07:33:10.044316',NULL,NULL,1,NULL,175,NULL),
(159,'WSH20230218103434','0f920e2a-4d70-49f4-8ee1-aea9a6598bbb',53523.00,0,'2023-02-18 07:34:34.414754',NULL,NULL,1,NULL,176,NULL),
(160,'WSH20230218103801','43063d0a-dfe5-410f-8abd-f795112b7c84',42514.00,0,'2023-02-18 07:38:01.937088',NULL,NULL,1,NULL,178,NULL),
(161,'WSH20230218103953','1ee473a4-ccf9-4079-91e3-3872cc5d5f48',48873.00,0,'2023-02-18 07:39:53.527598',NULL,NULL,1,NULL,178,NULL),
(162,'WSH20230218104118','37a3ba33-f2a8-4f7a-bb0f-86047cf5d46c',93871.00,0,'2023-02-18 07:41:18.767329',NULL,NULL,1,NULL,180,NULL),
(163,'WSH20230218104245','aaee4829-02b9-4feb-b306-09c69f071ba2',4038.00,0,'2023-02-18 07:42:45.687669',NULL,NULL,1,NULL,181,NULL),
(164,'WSH20230218104422','2b72092d-7834-417b-9789-81839a3426de',22038.00,0,'2023-02-18 07:44:22.192054',NULL,NULL,1,NULL,182,NULL),
(165,'WSH20230218104543','2bf7a1bf-7311-4ab1-be0e-a4f502a4d608',52104.00,0,'2023-02-18 07:45:43.367349',NULL,NULL,1,NULL,183,NULL),
(166,'WSH20230218104931','2ed3b853-cd15-4494-a00e-51d4bcf4c4a1',14538.00,0,'2023-02-18 07:49:31.179232',NULL,NULL,1,NULL,184,NULL),
(167,'WSH20230218105102','afc700ef-9ab9-4efd-bee4-c5d626329b63',20101.00,0,'2023-02-18 07:51:02.542969',NULL,NULL,1,NULL,185,NULL),
(168,'WSH20230218105218','12f915cc-b07c-4b3b-9588-d087b6df1965',9654.00,0,'2023-02-18 07:52:18.094724',NULL,NULL,1,NULL,186,NULL),
(169,'WSH20230218105340','837e3a75-9883-4a8a-8f26-42a370a29f81',33034.00,0,'2023-02-18 07:53:40.955412',NULL,NULL,1,NULL,187,NULL),
(170,'WSH20230218105506','15163dee-400c-4bdc-95c9-6bef419cc85b',17107.00,0,'2023-02-18 07:55:06.638751',NULL,NULL,1,NULL,188,NULL),
(171,'WSH20230218105635','e0e6dae2-563f-465d-a587-dc9568399935',107493.00,0,'2023-02-18 07:56:35.446234',NULL,NULL,1,NULL,189,NULL),
(172,'WSH20230218105816','20dd4e4f-0609-4aa2-b595-b474ed1e8b76',13612.00,0,'2023-02-18 07:58:16.127581',NULL,NULL,1,NULL,190,NULL),
(173,'WSH20230218105929','d82e0e4d-fc87-4574-b91b-32fc689b1abe',38700.00,0,'2023-02-18 07:59:29.829126',NULL,NULL,1,NULL,191,NULL),
(174,'WSH20230218110044','877f056b-dcaf-4da5-bdf1-3c759641aec8',65140.00,0,'2023-02-18 08:00:44.251646',NULL,NULL,1,NULL,192,NULL),
(175,'WSH20230218110255','6c636335-7088-4191-b14a-0f4bb3caf87a',157885.00,0,'2023-02-18 08:02:55.112004',NULL,NULL,1,NULL,193,NULL),
(176,'WSH20230218110530','ee882a63-3007-411a-a7db-3f971e4ec6eb',144868.00,0,'2023-02-18 08:05:30.823673',NULL,NULL,1,NULL,194,NULL),
(177,'WSH20230218113240','cc522481-d0fc-4e5f-874a-df7c4e854879',54417.00,0,'2023-02-18 08:32:40.266553',NULL,NULL,1,NULL,195,NULL),
(178,'WSH20230218113414','01656601-5498-4621-9109-de0b5e5562d8',56287.00,0,'2023-02-18 08:34:14.216796',NULL,NULL,1,NULL,196,NULL),
(179,'WSH20230218113705','66b99098-95e1-46d7-a9a4-6892032b5aaa',68048.00,0,'2023-02-18 08:37:05.187700',NULL,NULL,1,NULL,197,NULL),
(180,'WSH20230218113907','d8c145f0-71bf-423d-834d-b69de8204e6c',39445.00,0,'2023-02-18 08:39:07.372675',NULL,NULL,1,NULL,198,NULL),
(181,'WSH20230218114026','8ad9e7f6-bd37-4254-bed3-c53e208b2911',63860.00,0,'2023-02-18 08:40:26.915587',NULL,NULL,1,NULL,199,NULL),
(182,'WSH20230218114155','db314bc6-c5ab-4863-9d1d-6f0f80cb0c56',59230.00,0,'2023-02-18 08:41:55.594152',NULL,NULL,1,NULL,200,NULL),
(183,'WSH20230218114429','db61ab37-730a-4180-ba95-9b84c2f61978',21253.00,0,'2023-02-18 08:44:29.241868',NULL,NULL,1,NULL,201,NULL),
(184,'WSH20230218114551','ba5414f9-8f38-4ab1-bc52-d1defe46d9b1',69700.00,0,'2023-02-18 08:45:51.658886',NULL,NULL,1,NULL,202,NULL),
(185,'WSH20230218114752','29cfc329-1b4f-476a-ae80-f2ecb66688e9',28170.00,0,'2023-02-18 08:47:52.598893',NULL,NULL,1,NULL,203,NULL),
(186,'WSH20230218114921','76f5e748-c0e5-47b2-949c-ddbdf3e9f41f',39970.00,0,'2023-02-18 08:49:21.004344',NULL,NULL,1,NULL,204,NULL),
(187,'WSH20230218115026','67d2f17a-c64d-494c-872b-a829cc5f2ca3',33095.00,0,'2023-02-18 08:50:26.521618',NULL,NULL,1,NULL,205,NULL),
(188,'WSH20230218115151','3cc38ad5-4148-4c11-ab3e-c2050761cfe2',31915.00,0,'2023-02-18 08:51:51.740337',NULL,NULL,1,NULL,206,NULL),
(189,'WSH20230218115409','c3053ffe-f0a3-4a4a-aa7d-a5a27720d0d6',57400.00,0,'2023-02-18 08:54:09.579386',NULL,NULL,1,NULL,207,NULL),
(190,'WSH20230218115522','13a47f30-311c-4a3a-bebc-b8af5bab7de0',72610.00,0,'2023-02-18 08:55:22.916506',NULL,NULL,1,NULL,208,NULL),
(191,'WSH20230218115546','4285fa9a-ec28-4f80-899f-5c07ad49c759',300.00,0,'2023-02-18 08:55:46.888075',NULL,NULL,1,NULL,207,NULL),
(192,'WSH20230218115818','8485b847-9134-43da-880c-59cbcdd64ed4',95950.00,0,'2023-02-18 08:58:18.789268',NULL,NULL,1,NULL,209,NULL),
(193,'WSH20230218115950','9c7724b0-161e-469f-8fdd-2b1e6a2c7f52',8435.00,0,'2023-02-18 08:59:50.926600',NULL,NULL,1,NULL,210,NULL),
(194,'WSH20230218120153','e130a7d5-9012-4b3a-a056-398faadfe9f7',14335.00,0,'2023-02-18 09:01:53.469980',NULL,NULL,1,NULL,211,NULL),
(195,'WSH20230218120325','d9f9a101-6455-47d7-a4e7-b421f45ead02',33607.00,0,'2023-02-18 09:03:25.645736',NULL,NULL,1,NULL,212,NULL),
(196,'WSH20230218120341','6f9cad22-8ea5-4471-8b50-22f9402ca33a',1000.00,0,'2023-02-18 09:03:41.675046',NULL,NULL,1,NULL,212,NULL),
(197,'WSH20230218120500','af5a440e-4fe5-4fba-a85f-58b31fe0d81c',800.00,0,'2023-02-18 09:05:00.129210',NULL,NULL,1,NULL,213,NULL),
(198,'WSH20230218120614','635e1b74-91fd-4537-b5aa-18b22c1e439a',53545.00,0,'2023-02-18 09:06:14.022297',NULL,NULL,1,NULL,214,NULL),
(199,'WSH20230218120742','edbb8018-2c74-4a8f-896c-f1be9b730952',74640.00,0,'2023-02-18 09:07:42.359168',NULL,NULL,1,NULL,215,NULL),
(200,'WSH20230218120933','384832e2-6923-4747-b389-7badd0f48fdb',27860.00,0,'2023-02-18 09:09:33.795189',NULL,NULL,1,NULL,216,NULL),
(201,'WSH20230218121040','6a8de5b7-7e18-4aab-acaf-7d7572177663',3527.00,0,'2023-02-18 09:10:40.009407',NULL,NULL,1,NULL,217,NULL),
(202,'WSH20230218121151','9d0fea63-c507-4768-b671-dbc0793104d7',13600.00,0,'2023-02-18 09:11:51.889134',NULL,NULL,1,NULL,218,NULL),
(203,'WSH20230218121257','7ff4110f-3b16-4db4-aa23-54f4503fc67f',3537.00,0,'2023-02-18 09:12:57.907873',NULL,NULL,1,NULL,219,NULL),
(204,'WSH20230218121419','2bf5d832-bb29-45f4-8f29-5dfc6e26bf29',7440.00,0,'2023-02-18 09:14:19.837740',NULL,NULL,1,NULL,220,NULL),
(205,'WSH20230218121511','824ac624-f86a-441e-9220-e63fd5d5ee93',9486.00,0,'2023-02-18 09:15:11.270589',NULL,NULL,1,NULL,221,NULL),
(206,'WSH20230218121646','59a492e8-fab3-47c1-8753-8907859fbb11',20229.00,0,'2023-02-18 09:16:46.806941',NULL,NULL,1,NULL,222,NULL),
(207,'WSH20230218121827','5259ec38-4316-4c5b-b29e-8a6dca8fbb53',5367.00,0,'2023-02-18 09:18:27.093711',NULL,NULL,1,NULL,223,NULL),
(208,'WSH20230218121948','6d4e5b20-d3b1-457b-a0e8-068a3f3579a5',12495.00,0,'2023-02-18 09:19:48.575593',NULL,NULL,1,NULL,224,NULL),
(209,'WSH20230218122113','7bceb500-c5ff-4183-b3b9-2792555fdd9b',54448.00,0,'2023-02-18 09:21:13.743772',NULL,NULL,1,NULL,225,NULL),
(210,'WSH20230218122228','d16dba58-37ea-452b-89c8-b086601ddcbe',17784.00,0,'2023-02-18 09:22:28.397282',NULL,NULL,1,NULL,226,NULL),
(211,'WSH20230218122329','a35a2a72-29cd-42e4-bde5-e1d4598763a9',41928.00,0,'2023-02-18 09:23:29.112930',NULL,NULL,1,NULL,227,NULL),
(212,'WSH20230218122436','a0744c60-4036-4a67-b7ca-2e34d0c78824',40026.00,0,'2023-02-18 09:24:36.254463',NULL,NULL,1,NULL,228,NULL),
(213,'WSH20230218122541','31e126e8-6c88-46d7-be13-1a02f36b03ae',7820.00,0,'2023-02-18 09:25:41.065047',NULL,NULL,1,NULL,229,NULL),
(214,'WSH20230218122710','8f8ceeb5-e030-4125-a503-2872630255f7',64155.00,0,'2023-02-18 09:27:10.567583',NULL,NULL,1,NULL,230,NULL),
(215,'WSH20230218122827','ecfc2909-40a5-4b1b-963d-e718d5f347cc',53055.00,0,'2023-02-18 09:28:27.308030',NULL,NULL,1,NULL,231,NULL),
(216,'WSH20230218122958','ed133e7a-aec6-412d-8544-e7289daf01b9',50460.00,0,'2023-02-18 09:29:58.655979',NULL,NULL,1,NULL,232,NULL),
(217,'WSH20230218123105','fab4b325-4ed9-47d4-8c21-25607479aaf8',12417.00,0,'2023-02-18 09:31:05.249499',NULL,NULL,1,NULL,233,NULL),
(218,'WSH20230220095118','6fabe537-e918-406b-b319-5e4a02af4274',87024.00,0,'2023-02-20 06:51:18.573938',NULL,NULL,1,NULL,234,NULL),
(219,'WSH20230220095240','008f8889-0a98-4650-b2dd-d22fe2008776',10291.00,0,'2023-02-20 06:52:40.471177',NULL,NULL,1,NULL,235,NULL),
(220,'WSH20230220095416','fc140716-840f-4b47-a2f0-a7065609d24f',3925.00,0,'2023-02-20 06:54:16.108988',NULL,NULL,1,NULL,236,NULL),
(221,'WSH20230220095531','6c80782c-5567-45f1-9003-64019a37168e',10924.00,0,'2023-02-20 06:55:31.688114',NULL,NULL,1,NULL,237,NULL),
(222,'WSH20230220095655','5222e7d9-2751-48c7-9c16-07d1744203c2',8516.00,0,'2023-02-20 06:56:55.209401',NULL,NULL,1,NULL,238,NULL),
(223,'WSH20230220095810','a3543ef6-415b-4f51-99f8-fb20bd57f963',76900.00,0,'2023-02-20 06:58:10.626917',NULL,NULL,1,NULL,239,NULL),
(224,'WSH20230220095939','8a784b22-3a27-42c2-9f14-65134fc81ef5',41412.00,0,'2023-02-20 06:59:39.321971',NULL,NULL,1,NULL,240,NULL),
(225,'WSH20230220100053','875776d9-d28d-4590-a7d4-32a8a85e20c6',14710.00,0,'2023-02-20 07:00:53.352020',NULL,NULL,1,NULL,241,NULL),
(226,'WSH20230220100107','fc61293b-71ee-474f-a6b0-7f5f89f08fd1',400.00,0,'2023-02-20 07:01:07.012388',NULL,NULL,1,NULL,241,NULL),
(227,'WSH20230220100403','8fa4ed0c-b0b5-422c-9e00-dfe90158574a',36677.00,0,'2023-02-20 07:04:03.241377',NULL,NULL,1,NULL,242,NULL),
(228,'WSH20230220100650','8212cf2f-93ce-4623-ad52-87bfdcab3643',3894.00,0,'2023-02-20 07:06:50.691232',NULL,NULL,1,NULL,243,NULL),
(229,'WSH20230220100852','5e72dfd2-e7bc-4593-b26a-5d9505abf7e8',73246.00,0,'2023-02-20 07:08:52.159454',NULL,NULL,1,NULL,244,NULL),
(230,'WSH20230220101059','a6935898-7bf2-4f33-adbc-c89a0b274251',15744.00,0,'2023-02-20 07:10:59.384851',NULL,NULL,1,NULL,245,NULL),
(231,'WSH20230220101217','f8fa8212-a764-4b6e-b4f6-01ac84b2cd92',16370.00,0,'2023-02-20 07:12:17.396669',NULL,NULL,1,NULL,246,NULL),
(232,'WSH20230220101746','264c1646-5a88-40ef-b509-a6df88cfb217',2860.00,0,'2023-02-20 07:17:46.410445',NULL,NULL,1,NULL,247,NULL),
(233,'WSH20230220101842','64e9f551-3888-43f4-bcce-55dd24d3a7ae',5837.00,0,'2023-02-20 07:18:42.410950',NULL,NULL,1,NULL,248,NULL),
(234,'WSH20230220102152','ba7f2ecd-b84e-4231-9488-577e81d34330',5010.00,0,'2023-02-20 07:21:52.048333',NULL,NULL,1,NULL,249,NULL),
(235,'WSH20230220102324','4b2c55cc-00bb-4ad1-b546-904f9e8e83c2',53255.00,0,'2023-02-20 07:23:24.606466',NULL,NULL,1,NULL,251,NULL),
(236,'WSH20230220102434','79c32854-777f-4842-87b0-aa8b4c1628a2',3502.00,0,'2023-02-20 07:24:34.833898',NULL,NULL,1,NULL,252,NULL),
(237,'WSH20230220102618','7bbc3955-facb-4e44-a01d-30a3bb361185',15125.00,0,'2023-02-20 07:26:18.190041',NULL,NULL,1,NULL,253,NULL),
(238,'WSH20230220102732','9c762c76-b0cb-48b0-b818-7dfa0d7daac6',29494.00,0,'2023-02-20 07:27:32.012541',NULL,NULL,1,NULL,254,NULL),
(239,'WSH20230220102905','93972146-ab04-4479-964b-4161d63bec56',19890.00,0,'2023-02-20 07:29:05.137309',NULL,NULL,1,NULL,255,NULL),
(240,'WSH20230220103028','2e54b2f6-ac28-41b8-83b5-5ff183b18b87',41630.00,0,'2023-02-20 07:30:28.233527',NULL,NULL,1,NULL,256,NULL),
(241,'WSH20230220103114','264833c1-4c63-417f-bb7c-488dbd872828',41630.00,0,'2023-02-20 07:31:14.952081','2023-02-20 07:53:56.501630',NULL,1,NULL,256,1),
(242,'WSH20230220105757','081fb6bc-a93c-4531-9a5d-95cef08c5f42',96427.00,0,'2023-02-20 07:57:57.666819','2023-02-24 13:34:18.480211',NULL,1,NULL,257,356),
(243,'WSH20230220105917','0179bd9e-1476-4aa7-8337-a32ee6e6d5e8',7884.00,0,'2023-02-20 07:59:17.891511',NULL,NULL,1,NULL,258,NULL),
(244,'WSH20230220115954','43c92097-90f4-450c-b779-462c04347f74',26430.00,0,'2023-02-20 08:59:54.419898',NULL,NULL,1,NULL,259,NULL),
(245,'WSH20230220120131','3351e2d4-daed-41cb-ba0d-6d44a3675ccf',18615.00,0,'2023-02-20 09:01:31.193105',NULL,NULL,1,NULL,260,NULL),
(246,'WSH20230220120326','f9e158cf-bc5e-41ed-959c-48b874aad12e',12030.00,0,'2023-02-20 09:03:26.493827',NULL,NULL,1,NULL,261,NULL),
(247,'WSH20230220120436','9d93d709-bdbc-4cb5-9ac5-51bbf9a471cc',114000.00,0,'2023-02-20 09:04:36.249236',NULL,NULL,1,NULL,262,NULL),
(248,'WSH20230220120542','76490cdf-4fdf-4726-aeff-3bafc7d7d3c8',8830.00,0,'2023-02-20 09:05:42.511348',NULL,NULL,1,NULL,263,NULL),
(249,'WSH20230220120806','553b4211-195d-4a0d-9519-d621c8190e8a',20700.00,0,'2023-02-20 09:08:06.977320',NULL,NULL,1,NULL,264,NULL),
(250,'WSH20230220121006','06c1a2cb-1414-4b88-8825-295ce4845fa4',5896.00,0,'2023-02-20 09:10:06.098707',NULL,NULL,1,NULL,265,NULL),
(251,'WSH20230220121211','61f09c01-1874-424d-b7be-0e82f3d8d111',35000.00,0,'2023-02-20 09:12:11.512987',NULL,NULL,1,NULL,266,NULL),
(252,'WSH20230220121453','2c3449e5-a000-4617-bf36-426362523ee3',165644.00,0,'2023-02-20 09:14:53.399198',NULL,NULL,1,NULL,267,NULL),
(253,'WSH20230220121739','ae265567-0672-4d4b-a799-0c8bae759ca7',83325.00,0,'2023-02-20 09:17:39.678162',NULL,NULL,1,NULL,268,NULL),
(254,'WSH20230220121809','7d5a2748-934e-487b-bb89-2ac355725cb8',1500.00,0,'2023-02-20 09:18:09.000691',NULL,NULL,1,NULL,266,NULL),
(255,'WSH20230220122005','c5c088a0-bc83-4fbf-ac74-6591a7972947',93525.00,0,'2023-02-20 09:20:05.114819',NULL,NULL,1,NULL,269,NULL),
(256,'WSH20230220122113','dcde777f-5278-4675-844f-29f87f9a4fb2',40763.00,0,'2023-02-20 09:21:13.986828',NULL,NULL,1,NULL,270,NULL),
(257,'WSH20230220122329','dded6a44-f138-4051-81dc-cf9eeb7bc999',143154.00,0,'2023-02-20 09:23:29.174357',NULL,NULL,1,NULL,271,NULL),
(258,'WSH20230220122515','d4be9e47-9a36-4300-bec6-5451b4e7164b',30717.00,0,'2023-02-20 09:25:15.632703',NULL,NULL,1,NULL,272,NULL),
(259,'WSH20230220122656','1b95c56a-22c8-404f-a20c-b360a0ce9fea',31997.00,0,'2023-02-20 09:26:56.650363',NULL,NULL,1,NULL,273,NULL),
(260,'WSH20230220122816','67c3f44a-40ba-4020-b5fd-0091c1927870',21935.00,0,'2023-02-20 09:28:16.498455',NULL,NULL,1,NULL,274,NULL),
(261,'WSH20230220122952','e48df009-dffb-48a7-aa44-b6fd85147133',64309.00,0,'2023-02-20 09:29:52.984692',NULL,NULL,1,NULL,275,NULL),
(262,'WSH20230220123340','a5fe526f-5d41-40d1-8bd8-827672007fb9',32510.00,0,'2023-02-20 09:33:40.047158',NULL,NULL,1,NULL,276,NULL),
(264,'WSH20230220124059','6e480a82-3928-4edd-b939-71e44f6b626f',35506.00,0,'2023-02-20 09:40:59.697480',NULL,NULL,1,NULL,277,NULL),
(265,'WSH20230220124204','6eb825ac-67ce-4b4e-a199-26b53bf2aeb3',6881.00,0,'2023-02-20 09:42:04.945832',NULL,NULL,1,NULL,278,NULL),
(266,'WSH20230220124321','dfc4f936-0baa-46df-8560-2674260bea5a',12851.00,0,'2023-02-20 09:43:21.880821',NULL,NULL,1,NULL,279,NULL),
(267,'WSH20230220124532','8c97553d-073f-493f-858a-294075c11c25',16994.00,0,'2023-02-20 09:45:32.448151',NULL,NULL,1,NULL,280,NULL),
(268,'WSH20230220124647','b1f34614-0139-4ba9-ad55-fc8c40f07026',15350.00,0,'2023-02-20 09:46:47.331371',NULL,NULL,1,NULL,281,NULL),
(269,'WSH20230220124807','85f40c4d-4978-45e3-83e9-2cc0c2be0f91',3167.00,0,'2023-02-20 09:48:07.460856',NULL,NULL,1,NULL,282,NULL),
(270,'WSH20230220124938','09570a75-0b45-4e89-8a03-4c249826ce57',52809.00,0,'2023-02-20 09:49:38.687416',NULL,NULL,1,NULL,283,NULL),
(271,'WSH20230220125244','d5bc21e5-7dd6-4ac8-b545-440563f1bedd',28733.00,0,'2023-02-20 09:52:44.390964',NULL,NULL,1,NULL,284,NULL),
(272,'WSH20230220125510','a5b22f54-11c5-49fe-aa44-c1aff6936eca',200.00,0,'2023-02-20 09:55:10.872091',NULL,NULL,1,NULL,276,NULL),
(273,'WSH20230220125915','5c1089b5-56b2-434e-a9ac-033f3a9c35f3',37050.00,0,'2023-02-20 09:59:15.268417',NULL,NULL,1,NULL,285,NULL),
(274,'WSH20230220130132','048d7761-ba68-488b-b49e-b64b05418e3b',40382.00,0,'2023-02-20 10:01:32.246634',NULL,NULL,1,NULL,286,NULL),
(275,'WSH20230220130300','c932a379-c8e3-42c8-8303-7bd2dc50108b',2885.00,0,'2023-02-20 10:03:00.619380',NULL,NULL,1,NULL,287,NULL),
(276,'WSH20230220130444','2e357bef-65dd-4cb1-b428-882850afd205',4220.00,0,'2023-02-20 10:04:44.251562',NULL,NULL,1,NULL,288,NULL),
(277,'WSH20230220130636','20649cca-d5d8-46f1-a152-2933ad42b6d1',40917.00,0,'2023-02-20 10:06:36.028376',NULL,NULL,1,NULL,289,NULL),
(278,'WSH20230220133031','1ed63ef7-a936-43bb-97bf-d2625dcfb0bd',23600.00,0,'2023-02-20 10:30:31.090032',NULL,NULL,1,NULL,290,NULL),
(279,'WSH20230220133207','92fedf33-caa9-4002-98dc-a176accd2601',15475.00,0,'2023-02-20 10:32:07.840773',NULL,NULL,1,NULL,291,NULL),
(280,'WSH20230220133337','19ad55f1-6853-48be-b44f-e0a9b9a5d9bf',6680.00,0,'2023-02-20 10:33:37.465015',NULL,NULL,1,NULL,292,NULL),
(281,'WSH20230220133540','438d844a-f311-4f9d-bad1-d80ecc29e3a6',8981.00,0,'2023-02-20 10:35:40.806740',NULL,NULL,1,NULL,293,NULL),
(282,'WSH20230220133754','ebf0cef8-94ec-4e26-86fb-cd8bf22098eb',30771.00,0,'2023-02-20 10:37:54.281984',NULL,NULL,1,NULL,294,NULL),
(283,'WSH20230220133922','372f058e-3e9d-4baa-93c7-6f85163de607',179011.00,0,'2023-02-20 10:39:22.866596',NULL,NULL,1,NULL,295,NULL),
(284,'WSH20230220134047','7d5e0d27-3f19-4a75-8cb3-5cd972469e7e',6414.00,0,'2023-02-20 10:40:47.124608',NULL,NULL,1,NULL,296,NULL),
(285,'WSH20230220134238','04ce0f81-7a95-424c-beec-b63f3911478c',21507.00,0,'2023-02-20 10:42:38.348493',NULL,NULL,1,NULL,297,NULL),
(286,'WSH20230220134435','b96e65f5-bde3-4e06-8773-3b57fd380c27',44665.00,0,'2023-02-20 10:44:35.597525',NULL,NULL,1,NULL,298,NULL),
(287,'WSH20230220140639','2a66f777-37c2-4bc2-9cd9-a8c3ee065c97',12246.00,0,'2023-02-20 11:06:39.230214',NULL,NULL,1,NULL,299,NULL),
(288,'WSH20230220143903','e81ed5df-1d1f-4c29-928f-10be7061d265',4840.00,0,'2023-02-20 11:39:03.279021',NULL,NULL,1,NULL,300,NULL),
(289,'WSH20230220144516','a5ea3618-8d05-4c50-acb2-a3076f1ad099',31699.00,0,'2023-02-20 11:45:16.889449',NULL,NULL,1,NULL,301,NULL),
(290,'WSH20230220144708','7504185b-254b-43b2-9bc9-0bb0261cd6f4',14187.00,0,'2023-02-20 11:47:08.142504',NULL,NULL,1,NULL,302,NULL),
(291,'WSH20230220144823','d8891e78-3c38-4fe9-a3ac-b16246f17264',37559.00,0,'2023-02-20 11:48:23.300998',NULL,NULL,1,NULL,303,NULL),
(292,'WSH20230220145007','9625232d-0ab1-4a98-86d7-05dd1fb5a6ea',14879.00,0,'2023-02-20 11:50:07.986038',NULL,NULL,1,NULL,304,NULL),
(293,'WSH20230220145240','ced09a5c-08b4-44ac-9873-02766876ea59',3347.00,0,'2023-02-20 11:52:40.346607',NULL,NULL,1,NULL,305,NULL),
(294,'WSH20230220145351','65e0a43b-5c97-42df-a189-45a897f0f007',8492.00,0,'2023-02-20 11:53:51.959179',NULL,NULL,1,NULL,306,NULL),
(295,'WSH20230220145725','3e63f923-52d2-458b-a09e-5acc3853b583',109905.00,0,'2023-02-20 11:57:25.019117',NULL,NULL,1,NULL,307,NULL),
(296,'WSH20230220145849','1e44fcbd-a474-48fb-9fdc-a9fef2f1a75f',3846.00,0,'2023-02-20 11:58:49.473564',NULL,NULL,1,NULL,308,NULL),
(297,'WSH20230220150017','ea1af4c5-746a-4114-b49a-db3caf1d219a',32799.00,0,'2023-02-20 12:00:17.952613',NULL,NULL,1,NULL,309,NULL),
(298,'WSH20230220150215','162f5f88-4f1c-4b2c-b792-aae32c6a3632',5039.00,0,'2023-02-20 12:02:15.145115',NULL,NULL,1,NULL,310,NULL),
(299,'WSH20230220150752','869e153e-ec66-4a4d-8242-f7c29fec825d',85165.00,0,'2023-02-20 12:07:52.128884',NULL,NULL,1,NULL,311,NULL),
(300,'WSH20230220150947','01b7fb21-b31f-49f8-a62e-637af2c33273',25858.00,0,'2023-02-20 12:09:47.096064',NULL,NULL,1,NULL,312,NULL),
(301,'WSH20230220151221','ff8328e7-c377-4b56-9606-6579d712df85',18019.00,0,'2023-02-20 12:12:21.663489',NULL,NULL,1,NULL,313,NULL),
(302,'WSH20230220151331','e665cc84-1f77-495a-a765-eb24585e6985',25979.00,0,'2023-02-20 12:13:31.009916',NULL,NULL,1,NULL,314,NULL),
(303,'WSH20230220151700','f866a324-6dde-4331-a766-f05d8c1e07a3',16630.00,0,'2023-02-20 12:17:00.143111',NULL,NULL,1,NULL,316,NULL),
(304,'WSH20230220151817','b727a203-26e6-4354-a869-1724ddaa5f02',143281.00,0,'2023-02-20 12:18:17.997440',NULL,NULL,1,NULL,317,NULL),
(305,'WSH20230220152104','d12f3f8f-5e31-4bda-8c28-4f76d2e03cac',15091.00,0,'2023-02-20 12:21:04.319352',NULL,NULL,1,NULL,318,NULL),
(306,'WSH20230220152319','975c4776-eda4-472b-a29d-cc1a2fce39cc',16333.00,0,'2023-02-20 12:23:19.082340',NULL,NULL,1,NULL,319,NULL),
(307,'WSH20230220152439','47131652-42c2-470e-b8bb-ec3ba3567c8d',25513.00,0,'2023-02-20 12:24:39.996070',NULL,NULL,1,NULL,320,NULL),
(308,'WSH20230220152601','cb0bd2ab-a974-4e5d-878e-a94727cbc1f8',7982.00,0,'2023-02-20 12:26:01.434016',NULL,NULL,1,NULL,321,NULL),
(309,'WSH20230220152736','8986a12d-1081-4946-90c9-d84835307e99',152621.00,0,'2023-02-20 12:27:36.013307',NULL,NULL,1,NULL,322,NULL),
(310,'WSH20230220152917','fe0c1676-ede9-4d93-ac4d-85b28d5e28c9',7391.00,0,'2023-02-20 12:29:17.341687',NULL,NULL,1,NULL,323,NULL),
(311,'WSH20230220153022','1efdc4c9-b259-46c1-beb6-7b947e5a7096',21490.00,0,'2023-02-20 12:30:22.157878',NULL,NULL,1,NULL,324,NULL),
(312,'WSH20230220153224','51be4d0c-8087-417b-b892-5eab46ad75fe',23299.00,0,'2023-02-20 12:32:24.666896',NULL,NULL,1,NULL,325,NULL),
(313,'WSH20230220153420','40919905-edaa-47d3-9726-f62fb3b71d43',52407.00,0,'2023-02-20 12:34:20.021309',NULL,NULL,1,NULL,326,NULL),
(314,'WSH20230220154953','8a2718d7-8bd6-4152-bdcb-945c699bd6b2',66139.00,0,'2023-02-20 12:49:53.930735',NULL,NULL,1,NULL,327,NULL),
(315,'WSH20230220155221','50b67434-81bd-4e10-93d2-6dcaa68269d7',18210.00,0,'2023-02-20 12:52:21.430807',NULL,NULL,1,NULL,328,NULL),
(316,'WSH20230220155522','c1e1ed36-b885-4794-8bf0-cf14c87dc9e4',7301.00,0,'2023-02-20 12:55:22.333304',NULL,NULL,1,NULL,329,NULL),
(317,'WSH20230220160052','e3f5407a-9754-4ec6-918e-092a05c809d4',31425.00,0,'2023-02-20 13:00:52.760225',NULL,NULL,1,NULL,330,NULL),
(318,'WSH20230221093425','a8c6a3f0-aa03-44b9-8295-3aa2e0120bc8',15462.00,0,'2023-02-21 06:34:25.576831',NULL,NULL,1,NULL,331,NULL),
(319,'WSH20230221094049','f1a4cc55-71a6-4a69-a026-603380aa012a',20537.00,0,'2023-02-21 06:40:49.671604','2023-02-27 09:46:53.953364',NULL,1,NULL,332,356),
(320,'WSH20230221094207','d0c443a2-d84f-4b79-bd3c-9bec8e650294',40706.00,0,'2023-02-21 06:42:07.288886',NULL,NULL,1,NULL,333,NULL),
(321,'WSH20230221094318','cbc58b12-863c-45a0-b2ab-916c272fa099',11531.00,0,'2023-02-21 06:43:18.514007',NULL,NULL,1,NULL,334,NULL),
(322,'WSH20230221094509','0c3448c7-4eea-4dd1-a286-95a222f189c1',14870.00,0,'2023-02-21 06:45:09.163761',NULL,NULL,1,NULL,335,NULL),
(323,'WSH20230221094628','60164c51-3002-448d-afee-afbf5564213e',19998.00,0,'2023-02-21 06:46:28.697207',NULL,NULL,1,NULL,336,NULL),
(324,'WSH20230221095504','4f68f055-3bfa-471f-86e1-f2ea71fa929e',3006.00,0,'2023-02-21 06:55:04.772396',NULL,NULL,1,NULL,337,NULL),
(325,'WSH20230221095612','1a4b1a41-9533-4b31-a775-0375b2774721',22730.00,0,'2023-02-21 06:56:12.205264',NULL,NULL,1,NULL,338,NULL),
(326,'WSH20230221095722','28c21061-5676-4c1e-8724-7fcffb34c180',29031.00,0,'2023-02-21 06:57:22.748045',NULL,NULL,1,NULL,339,NULL),
(327,'WSH20230221095848','2af2fc6c-f2c4-4948-b118-56afadf7d4e2',37882.00,0,'2023-02-21 06:58:48.136280',NULL,NULL,1,NULL,340,NULL),
(328,'WSH20230221100007','38a64072-14c7-42a9-83ae-5d6b1a28bafb',16217.00,0,'2023-02-21 07:00:07.330259',NULL,NULL,1,NULL,341,NULL),
(329,'WSH20230221100226','e48a256b-70af-41af-b66d-e8de8974f159',17682.00,0,'2023-02-21 07:02:26.965143',NULL,NULL,1,NULL,342,NULL),
(330,'WSH20230221100353','ef04bcb5-6242-4f47-829f-fd16af39ef44',70125.00,0,'2023-02-21 07:03:53.383869',NULL,NULL,1,NULL,343,NULL),
(331,'WSH20230221100548','4b7b5921-10f9-49be-87c6-3d01e6ea54a1',6768.00,0,'2023-02-21 07:05:48.536162',NULL,NULL,1,NULL,344,NULL),
(332,'WSH20230221100719','2a58f73d-3976-46fc-aee5-f78b7e164017',3757.00,0,'2023-02-21 07:07:19.262196',NULL,NULL,1,NULL,345,NULL),
(333,'WSH20230221100958','6b3b6ab7-6b2f-4d50-b103-f9dc757d1ab2',34442.00,0,'2023-02-21 07:09:58.697782',NULL,NULL,1,NULL,346,NULL),
(334,'WSH20230221104701','33bf4c97-63cc-479a-a125-93069939f55b',110115.00,0,'2023-02-21 07:47:01.304127',NULL,NULL,1,NULL,348,NULL),
(335,'WSH20230221105102','d79c0585-40bc-4c0a-a3d3-ec9a61b9c04c',84870.00,0,'2023-02-21 07:51:02.191845',NULL,NULL,1,NULL,349,NULL),
(336,'WSH20230221105236','9f93bca2-543f-49ed-961c-11e29ed68c36',17319.00,0,'2023-02-21 07:52:36.161941',NULL,NULL,1,NULL,350,NULL),
(337,'WSH20230221105516','8520d857-4b2f-4c62-8c73-cd0ddfa0156c',19735.00,0,'2023-02-21 07:55:16.789537',NULL,NULL,1,NULL,351,NULL),
(338,'WSH20230221105649','6d76e278-e458-49a4-aa4e-fbe29e18a2f9',7040.00,0,'2023-02-21 07:56:49.478105',NULL,NULL,1,NULL,352,NULL),
(339,'WSH20230221105828','662c20e0-c70f-417f-95e3-70b9988ba357',3006.00,0,'2023-02-21 07:58:28.225729',NULL,NULL,1,NULL,353,NULL),
(340,'WSH20230221110025','d3f0de38-a23f-4eac-ada2-f45e8f579ed3',27005.00,0,'2023-02-21 08:00:25.520886',NULL,NULL,1,NULL,354,NULL),
(341,'WSH20230221110638','caead760-1733-4a69-ab4c-6786e8919a91',84755.00,0,'2023-02-21 08:06:38.590736',NULL,NULL,1,NULL,355,NULL),
(342,'WSH20230221110815','71d0d602-4234-45ee-90ad-194a067011b6',17307.00,0,'2023-02-21 08:08:15.423574',NULL,NULL,1,NULL,357,NULL),
(343,'WSH20230221111057','fec73218-1016-4705-961d-21c74d80d777',82690.00,0,'2023-02-21 08:10:57.004141',NULL,NULL,1,NULL,358,NULL),
(344,'WSH20230221111235','2b61c567-d578-4bcf-bcf0-6462d3d9c498',21100.00,0,'2023-02-21 08:12:35.523582',NULL,NULL,1,NULL,359,NULL),
(345,'WSH20230221123458','9ab875aa-0390-4f4e-8f04-4719832d0d39',5674.00,0,'2023-02-21 09:34:58.265717',NULL,NULL,356,NULL,360,NULL),
(346,'WSH20230221123639','92c867e1-94f0-432b-a003-1b820618a3dd',6280.00,0,'2023-02-21 09:36:39.416197',NULL,NULL,356,NULL,361,NULL),
(347,'WSH20230221123801','75a86947-42ee-4aeb-942b-3a2ad5b69848',200.00,0,'2023-02-21 09:38:01.431165',NULL,NULL,356,NULL,348,NULL),
(348,'WSH20230221123845','7dab8496-7f46-4146-a91a-2a51ba53bd23',600.00,0,'2023-02-21 09:38:45.013383',NULL,NULL,356,NULL,346,NULL),
(349,'WSH20230221124107','73fb3b91-24a0-481b-ad2c-b989df623801',25227.00,0,'2023-02-21 09:41:07.388433',NULL,NULL,356,NULL,362,NULL),
(350,'WSH20230221124309','e905dfed-e70e-48ba-8b0d-c9a9f4992595',30458.00,0,'2023-02-21 09:43:09.499781',NULL,NULL,356,NULL,363,NULL),
(351,'WSH20230221125027','522121f6-0cdb-4f80-aa3d-f4ea6305cf6d',8374.00,0,'2023-02-21 09:50:27.587213',NULL,NULL,356,NULL,364,NULL),
(352,'WSH20230221125215','49ca4070-5f70-4e5d-b6de-a742ccea2f8a',44513.00,0,'2023-02-21 09:52:15.253420',NULL,NULL,356,NULL,365,NULL),
(353,'WSH20230221125356','61b248bf-dd2d-4c60-b098-99ab425c6644',29905.00,0,'2023-02-21 09:53:56.031969',NULL,NULL,356,NULL,366,NULL),
(354,'WSH20230221125830','bc760315-f2f2-4a0d-a777-cfc8cdaeb93f',19355.00,0,'2023-02-21 09:58:30.172033',NULL,NULL,356,NULL,367,NULL),
(355,'WSH20230221130141','6b7a3eba-3012-4cff-942f-ffd01d722cb3',17351.00,0,'2023-02-21 10:01:41.499218',NULL,NULL,356,NULL,368,NULL),
(356,'WSH20230221130312','8fbc6320-f349-4f37-81be-6c65f4ba601e',22315.00,0,'2023-02-21 10:03:12.500312',NULL,NULL,356,NULL,369,NULL),
(357,'WSH20230221152322','7acbf0b0-c226-4e66-9b39-bf8dbd6a3095',5227.00,0,'2023-02-21 12:23:22.659828',NULL,NULL,356,NULL,370,NULL),
(358,'WSH20230221152521','eda0ddb1-92d6-4609-88e4-c3cbdd74fe99',24978.00,0,'2023-02-21 12:25:21.878133',NULL,NULL,356,NULL,371,NULL),
(359,'WSH20230221152841','5b345b1b-c9b1-4684-83f8-06c5c2aafe33',50006.00,0,'2023-02-21 12:28:41.769433',NULL,NULL,356,NULL,372,NULL),
(360,'WSH20230221153225','179be2d6-d6ca-4ea3-a5d0-efe82f5d6ba4',83025.00,0,'2023-02-21 12:32:25.126059',NULL,NULL,356,NULL,373,NULL),
(361,'WSH20230221153724','8cf258e2-ec11-4503-a95d-b0aebf46247b',5147.00,0,'2023-02-21 12:37:24.656824',NULL,NULL,356,NULL,374,NULL),
(362,'WSH20230221153856','575bd31d-2d90-40b0-9158-63aa5bbef965',11736.00,0,'2023-02-21 12:38:56.819153',NULL,NULL,356,NULL,375,NULL),
(363,'WSH20230221154048','3a3ac08d-840b-4668-b6ce-0b0e0e0aa4f4',12450.00,0,'2023-02-21 12:40:48.678094',NULL,NULL,356,NULL,376,NULL),
(364,'WSH20230221154817','e2e0c1f2-3144-48e2-a3d8-040915113bd8',101200.00,0,'2023-02-21 12:48:17.311715',NULL,NULL,356,NULL,377,NULL),
(365,'WSH20230221155122','0c09bc86-4785-47b4-84c8-0631c22534fd',4495.00,0,'2023-02-21 12:51:22.539985',NULL,NULL,356,NULL,378,NULL),
(366,'WSH20230221155327','204d1ec9-e6e7-4a01-9c3b-e022f148020b',64310.00,0,'2023-02-21 12:53:27.390418',NULL,NULL,356,NULL,379,NULL),
(367,'WSH20230221155538','338ded9e-ac6c-4ab5-a0fb-a6e290ebe615',45300.00,0,'2023-02-21 12:55:38.899772',NULL,NULL,356,NULL,380,NULL),
(368,'WSH20230223101220','8e3cd429-bde6-47d3-8105-8a61ee2ab794',12570.00,0,'2023-02-23 07:12:20.660525',NULL,NULL,356,NULL,381,NULL),
(369,'WSH20230223101417','074e5bd3-2369-474e-86ca-fde7cf145122',21699.00,0,'2023-02-23 07:14:17.594073',NULL,NULL,356,NULL,382,NULL),
(370,'WSH20230223102509','c408aeec-b548-435d-b899-8186e6c95021',4062.00,0,'2023-02-23 07:25:09.318322',NULL,NULL,356,NULL,383,NULL),
(371,'WSH20230223102713','ba500121-b474-409b-9aba-193de01e60e2',27515.00,0,'2023-02-23 07:27:13.284371',NULL,NULL,356,NULL,384,NULL),
(372,'WSH20230223103038','ecd10095-8b85-4561-b761-50c0d2df7f13',4236.00,0,'2023-02-23 07:30:38.976145',NULL,NULL,356,NULL,385,NULL),
(373,'WSH20230223103348','80620824-60c6-4c4a-bf16-040a0e23689b',4871.00,0,'2023-02-23 07:33:48.718362',NULL,NULL,356,NULL,386,NULL),
(374,'WSH20230223103617','5fb3fd93-4eda-4090-99c0-e69be91a4204',24600.00,0,'2023-02-23 07:36:17.730328',NULL,NULL,356,NULL,387,NULL),
(375,'WSH20230223103805','8117b8d0-b084-4877-8ace-21f5563ffb0a',105443.00,0,'2023-02-23 07:38:05.754435',NULL,NULL,356,NULL,388,NULL),
(376,'WSH20230223103950','d23662df-5d1d-430f-8028-a357079be0c0',18048.00,0,'2023-02-23 07:39:50.960973',NULL,NULL,356,NULL,389,NULL),
(377,'WSH20230223104142','5b9030cd-0af7-4f1f-b755-a84f9f13b936',40600.00,0,'2023-02-23 07:41:42.413550',NULL,NULL,356,NULL,390,NULL),
(378,'WSH20230223104354','99877318-15ef-4a6f-81c3-979c60878582',44163.00,0,'2023-02-23 07:43:54.553260',NULL,NULL,356,NULL,391,NULL),
(379,'WSH20230223113141','c25c0b73-c9f4-47ae-9ce4-25dfb4a0c1c3',36800.00,0,'2023-02-23 08:31:41.869401',NULL,NULL,356,NULL,392,NULL),
(380,'WSH20230223113309','380b05b3-29a6-48f6-aa6a-be6602b69cc6',5714.00,0,'2023-02-23 08:33:09.943126',NULL,NULL,356,NULL,393,NULL),
(381,'WSH20230223113448','7d9bb71e-38a7-4883-ba69-a963444fa54c',60200.00,0,'2023-02-23 08:34:48.867829',NULL,NULL,356,NULL,394,NULL),
(382,'WSH20230223114123','77b12b3a-9d4d-4b0a-8873-aad9c549ade1',43361.00,0,'2023-02-23 08:41:23.413353',NULL,NULL,356,NULL,395,NULL),
(383,'WSH20230223114323','c307abc9-6f92-4d2b-ada8-815a11d2ba41',9145.00,0,'2023-02-23 08:43:23.082483',NULL,NULL,356,NULL,396,NULL),
(384,'WSH20230223114526','64b15140-83ca-417f-aa48-4ff25383a3d5',30434.00,0,'2023-02-23 08:45:26.272256',NULL,NULL,356,NULL,397,NULL),
(385,'WSH20230223115452','d270d5b1-bde5-4fbd-8ae1-6338ef941063',20010.00,0,'2023-02-23 08:54:52.298393',NULL,NULL,356,NULL,398,NULL),
(386,'WSH20230223115652','7c21f764-92ec-411a-a17d-63726dc4567a',9701.00,0,'2023-02-23 08:56:52.348785',NULL,NULL,356,NULL,399,NULL),
(387,'WSH20230223115942','33dfccb4-61ee-451e-8a9a-a7f43aae3b0c',52250.00,0,'2023-02-23 08:59:42.290711',NULL,NULL,356,NULL,400,NULL),
(388,'WSH20230223120126','d8d7a360-0c12-4162-85a7-a539685dbe5e',41021.00,0,'2023-02-23 09:01:26.871087',NULL,NULL,356,NULL,401,NULL),
(389,'WSH20230223120357','9ad5b89b-d181-4acd-95a5-d1681c11b73c',3200.00,0,'2023-02-23 09:03:57.260211',NULL,NULL,356,NULL,402,NULL),
(390,'WSH20230223120714','0ab5a070-a3fd-44ec-bec5-957289cd1eb7',68212.00,0,'2023-02-23 09:07:14.022117',NULL,NULL,356,NULL,403,NULL),
(391,'WSH20230223120937','0a6427ad-0c39-43e1-a3ed-c1d0b88f8216',28810.00,0,'2023-02-23 09:09:37.228688',NULL,NULL,356,NULL,404,NULL),
(392,'WSH20230223121131','508106aa-7536-4ec3-b988-1d57259a6980',6177.00,0,'2023-02-23 09:11:31.001211',NULL,NULL,356,NULL,405,NULL),
(394,'WSH20230223121145','93ee31ba-ec46-4cbe-8387-f686f452f275',6177.00,0,'2023-02-23 09:11:45.092447',NULL,NULL,356,NULL,405,NULL),
(395,'WSH20230223122927','b0fa2ea7-ce5b-4def-8325-e25e487bc638',9063.00,0,'2023-02-23 09:29:27.754447',NULL,NULL,356,NULL,406,NULL),
(396,'WSH20230223123310','d0bbb0d4-e6b0-4503-86a7-3a951ae9997c',234775.00,0,'2023-02-23 09:33:10.471775',NULL,NULL,356,NULL,407,NULL),
(397,'WSH20230223123542','2926a998-401d-4460-a711-fecae7dc04fd',27820.00,0,'2023-02-23 09:35:42.762234',NULL,NULL,356,NULL,408,NULL),
(398,'WSH20230223123817','70342ae2-af7b-4268-8230-cd041d5fdf4a',70581.00,0,'2023-02-23 09:38:17.029451',NULL,NULL,356,NULL,409,NULL),
(399,'WSH20230223124000','dcb8ff59-861a-4a92-9cc9-586b6666b696',52700.00,0,'2023-02-23 09:40:00.369473',NULL,NULL,356,NULL,410,NULL),
(400,'WSH20230223124433','d386e3c3-e6a4-4d31-98e3-6086d28ac1fd',46200.00,0,'2023-02-23 09:44:33.698921',NULL,NULL,356,NULL,411,NULL),
(401,'WSH20230223125858','ce138b0c-8a65-4e63-99e6-1110a8686b56',91492.00,0,'2023-02-23 09:58:58.182781',NULL,NULL,356,NULL,412,NULL),
(402,'WSH20230223154722','3237d38a-68f0-4e07-ad1a-3e6c90fc349a',13673.00,0,'2023-02-23 12:47:22.689581',NULL,NULL,356,NULL,413,NULL),
(403,'WSH20230223154846','efc9d1df-7813-491e-a4fd-93211a3da717',10234.00,0,'2023-02-23 12:48:46.515657',NULL,NULL,356,NULL,414,NULL),
(404,'WSH20230223155137','831868a3-1479-418d-a1d8-f1019e188b20',1750.00,0,'2023-02-23 12:51:37.588843',NULL,NULL,356,NULL,415,NULL),
(405,'WSH20230223155923','1563f784-d48a-40b2-afd9-52e796270b13',18773.00,0,'2023-02-23 12:59:23.922545',NULL,NULL,356,NULL,416,NULL),
(406,'WSH20230223155926','fe5052b7-bd53-4b00-aff8-a1be00e12d94',4083.00,0,'2023-02-23 12:59:26.243635',NULL,NULL,356,NULL,417,NULL),
(407,'WSH20230223160104','28dad9f5-611a-4263-b975-7b95dc608e26',34494.00,0,'2023-02-23 13:01:04.342140',NULL,NULL,356,NULL,418,NULL),
(408,'WSH20230223160139','1f113da9-e1be-4d19-80a8-591b21589f62',21835.00,0,'2023-02-23 13:01:39.591785',NULL,NULL,356,NULL,419,NULL),
(409,'WSH20230223160243','f0dac641-ab2c-4f2a-b376-692415309e64',17845.00,0,'2023-02-23 13:02:43.004392',NULL,NULL,356,NULL,420,NULL),
(410,'WSH20230223160331','93ae375e-68e6-485f-b22a-1c5d0a95aeca',72727.00,0,'2023-02-23 13:03:31.023325',NULL,NULL,356,NULL,421,NULL),
(411,'WSH20230223160448','82c329db-b72b-4815-9486-ebba1893de3e',36639.00,0,'2023-02-23 13:04:48.707729',NULL,NULL,356,NULL,422,NULL),
(412,'WSH20230223160702','5603a9b4-e553-4bfa-b0a9-ea5e68fbd6f8',40696.00,0,'2023-02-23 13:07:02.152367',NULL,NULL,356,NULL,423,NULL),
(413,'WSH20230223161034','028bacc7-70e4-4d54-a425-7aec98cf1a36',6475.00,0,'2023-02-23 13:10:34.765731',NULL,NULL,356,NULL,424,NULL),
(414,'WSH20230223161539','b581fe5c-c353-412e-a7ee-207962dd593e',4189.00,0,'2023-02-23 13:15:39.085825',NULL,NULL,356,NULL,425,NULL),
(415,'WSH20230223161715','61d537ed-2ce8-4356-9182-199c1626f5bd',11549.00,0,'2023-02-23 13:17:15.111092',NULL,NULL,356,NULL,426,NULL),
(416,'WSH20230224114503','247a959a-d39f-436c-9306-b713965deb2c',8134.00,0,'2023-02-24 08:45:03.677734',NULL,NULL,356,NULL,428,NULL),
(417,'WSH20230224114804','5edfd25b-2938-42f2-a434-1e6b2e8071b6',16440.00,0,'2023-02-24 08:48:04.149134',NULL,NULL,356,NULL,429,NULL),
(418,'WSH20230224114940','283380ac-7427-4a08-8d64-dc7662383599',10300.00,0,'2023-02-24 08:49:40.061806',NULL,NULL,356,NULL,430,NULL),
(419,'WSH20230224115216','1310207f-7787-41a2-ae2f-6e4ca9edff00',3785.00,0,'2023-02-24 08:52:16.772298',NULL,NULL,356,NULL,431,NULL),
(420,'WSH20230224115543','16672aee-7022-460f-980d-e6917d2aa52d',2635.00,0,'2023-02-24 08:55:43.555131',NULL,NULL,356,NULL,432,NULL),
(421,'WSH20230224115935','5a36babb-d1b3-4b11-bbde-bee46029d315',4299.00,0,'2023-02-24 08:59:35.531885',NULL,NULL,356,NULL,433,NULL),
(422,'WSH20230224120228','a339f578-e906-40a9-9ae5-02802cba644f',13053.00,0,'2023-02-24 09:02:28.398964',NULL,NULL,356,NULL,435,NULL),
(423,'WSH20230224120426','65e63d29-3a14-47fd-bffd-6fcfe89f0d44',26380.00,0,'2023-02-24 09:04:26.490438',NULL,NULL,356,NULL,436,NULL),
(424,'WSH20230224120609','4a79e02a-a101-4375-a74c-6166707b05f3',19705.00,0,'2023-02-24 09:06:09.338632',NULL,NULL,356,NULL,437,NULL),
(425,'WSH20230224120751','3ab256f1-7914-48e2-9dee-c693be2be5d0',27557.00,0,'2023-02-24 09:07:51.303726',NULL,NULL,356,NULL,438,NULL),
(426,'WSH20230224121027','074a2492-daaa-4c2a-8923-35de534d514b',19179.00,0,'2023-02-24 09:10:27.379344',NULL,NULL,356,NULL,439,NULL),
(427,'WSH20230224121204','d15f313e-43f4-4763-95fe-d34db0411768',8536.00,0,'2023-02-24 09:12:04.341727',NULL,NULL,356,NULL,440,NULL),
(428,'WSH20230224121520','696d00e8-c7aa-4981-b8ed-de5216d43259',23260.00,0,'2023-02-24 09:15:20.936154',NULL,NULL,356,NULL,441,NULL),
(429,'WSH20230224121721','ced213af-0c2b-4036-a52d-0041227498b4',61400.00,0,'2023-02-24 09:17:21.768954',NULL,NULL,356,NULL,442,NULL),
(430,'WSH20230224122007','adccf4d9-2828-4e1d-adf7-b21cc0a9c1ef',323920.00,0,'2023-02-24 09:20:07.819657',NULL,NULL,356,NULL,443,NULL),
(431,'WSH20230224122153','7067f75c-2ee4-4d64-b630-ce56ccd5c09c',6498.00,0,'2023-02-24 09:21:53.521537',NULL,NULL,356,NULL,445,NULL),
(432,'WSH20230224122220','7dc9bf5a-d2a9-45f0-9f26-61ee5066b5c3',22964.00,0,'2023-02-24 09:22:20.709119',NULL,NULL,356,NULL,444,NULL),
(433,'WSH20230224122520','94748f8e-2d2c-4b89-a4a2-fc77d892a969',7250.00,0,'2023-02-24 09:25:20.423132',NULL,NULL,356,NULL,446,NULL),
(434,'WSH20230224122810','2a6ea868-e81e-44f4-bf20-85e35011e932',41712.00,0,'2023-02-24 09:28:10.218740',NULL,NULL,356,NULL,449,NULL),
(435,'WSH20230224122844','cbad613f-9af2-4bf0-93dd-53b2bfc0a621',17501.00,0,'2023-02-24 09:28:44.919614',NULL,NULL,356,NULL,447,NULL),
(436,'WSH20230224123045','f070047a-0979-4271-94d0-5f89916fcd05',11015.00,0,'2023-02-24 09:30:45.593381',NULL,NULL,356,NULL,450,NULL),
(437,'WSH20230224123128','109fc8c0-96bf-4e61-a0cb-83fc8e329b1e',5569.00,0,'2023-02-24 09:31:28.950207',NULL,NULL,356,NULL,451,NULL),
(438,'WSH20230224123312','c83c9917-2a51-47c6-ab6e-81d4b1e6ed49',26042.00,0,'2023-02-24 09:33:12.803717',NULL,NULL,356,NULL,452,NULL),
(439,'WSH20230224123333','9392db70-7788-456a-95a8-e44a91708290',9444.00,0,'2023-02-24 09:33:33.870828',NULL,NULL,356,NULL,453,NULL),
(440,'WSH20230224123517','34d3ea1e-9fd8-47c5-ad1b-3fd33b7203f1',11957.00,0,'2023-02-24 09:35:17.854419',NULL,NULL,356,NULL,454,NULL),
(441,'WSH20230224123526','feb7c7d3-e12c-468e-a888-cd2d2726f65e',3684.00,0,'2023-02-24 09:35:26.647781',NULL,NULL,356,NULL,455,NULL),
(442,'WSH20230224123729','4886d095-9bbf-4c12-ab26-2c69c6c97ce3',37240.00,0,'2023-02-24 09:37:29.563263',NULL,NULL,356,NULL,456,NULL),
(443,'WSH20230224123732','4c1876fa-a747-40eb-b89d-52600b7f47e0',25625.00,0,'2023-02-24 09:37:32.580376',NULL,NULL,356,NULL,457,NULL),
(444,'WSH20230224123921','24fe3fc3-0dce-4f85-8620-613df933b1f8',90200.00,0,'2023-02-24 09:39:21.181009','2023-02-24 09:55:33.079033',NULL,356,NULL,458,356),
(445,'WSH20230224124059','91e6f352-ef8a-409b-80a6-c8d3e3520c0c',19109.00,0,'2023-02-24 09:40:59.642872',NULL,NULL,356,NULL,459,NULL),
(446,'WSH20230224124419','7a912ba8-ab74-417f-bac3-2f8acc48dc5f',3642.00,0,'2023-02-24 09:44:19.950407',NULL,NULL,356,NULL,462,NULL),
(447,'WSH20230224125135','8b7faa7d-256f-4394-8041-ceb3552ad211',72901.00,0,'2023-02-24 09:51:35.680958',NULL,NULL,356,NULL,463,NULL),
(448,'WSH20230224130014','8c669c6c-4aca-466a-9039-b47276f3429e',3758.00,0,'2023-02-24 10:00:14.208065',NULL,NULL,356,NULL,464,NULL),
(449,'WSH20230224130053','1c3aa320-ffb4-4da1-914b-9d20fd0c35db',3661.00,0,'2023-02-24 10:00:53.676358',NULL,NULL,356,NULL,460,NULL),
(450,'WSH20230224130157','d52f2e79-1fd2-4b8d-990c-5f829d65c889',39384.00,0,'2023-02-24 10:01:57.972688',NULL,NULL,356,NULL,465,NULL),
(451,'WSH20230224130249','4b0c5e7f-f3bb-41c5-a316-c6f9c7272c4f',60567.00,0,'2023-02-24 10:02:49.696656',NULL,NULL,356,NULL,466,NULL),
(452,'WSH20230224130433','ca2f7066-4d05-477c-a154-0b229366dce1',22740.00,0,'2023-02-24 10:04:33.762712',NULL,NULL,356,NULL,467,NULL),
(453,'WSH20230224130604','30cbb787-ba42-4cd2-8a91-42a8506916ea',6031.00,0,'2023-02-24 10:06:04.353924',NULL,NULL,356,NULL,468,NULL),
(454,'WSH20230224130912','42eef863-2d6d-4ca6-9918-61e99e3b48e1',6978.00,0,'2023-02-24 10:09:12.568567',NULL,NULL,356,NULL,469,NULL),
(455,'WSH20230224131117','e172e6de-f71d-48cf-9ba4-b626e3731bda',10600.00,0,'2023-02-24 10:11:17.578031',NULL,NULL,356,NULL,470,NULL),
(456,'WSH20230224131420','3ee02909-d82a-44c4-943e-f2311e4dfea7',55930.00,0,'2023-02-24 10:14:20.771352',NULL,NULL,356,NULL,471,NULL),
(457,'WSH20230224131636','d9b6aa9a-2112-4b88-bfb2-780f723288f8',6872.00,0,'2023-02-24 10:16:36.237569',NULL,NULL,356,NULL,472,NULL),
(458,'WSH20230224132106','6ff4d212-0671-4375-ba05-b6853d4930e6',8194.00,0,'2023-02-24 10:21:06.669680',NULL,NULL,356,NULL,473,NULL),
(459,'WSH20230224132449','2614be25-9516-46f5-8393-50a31f8eb3c3',3010.00,0,'2023-02-24 10:24:49.772259',NULL,NULL,356,NULL,474,NULL),
(460,'WSH20230224132708','56d3bf01-df24-4b8f-8b62-491e604415cc',35870.00,0,'2023-02-24 10:27:08.219605',NULL,NULL,356,NULL,475,NULL),
(461,'WSH20230224133034','5738852d-9cb9-4225-af96-e1df55d989de',108995.00,0,'2023-02-24 10:30:34.499463',NULL,NULL,356,NULL,476,NULL),
(462,'WSH20230224133247','04641f59-5fe4-46c3-ae23-ad6af39a02b3',49585.00,0,'2023-02-24 10:32:47.882932',NULL,NULL,356,NULL,477,NULL),
(463,'WSH20230224133437','c51533d8-ff57-4367-9817-3b00e4fcc2b0',10132.00,0,'2023-02-24 10:34:37.491610',NULL,NULL,356,NULL,478,NULL),
(464,'WSH20230224133915','e9056394-3b7e-4c39-8a0a-5b0acf6a0774',4343.00,0,'2023-02-24 10:39:15.825201',NULL,NULL,356,NULL,479,NULL),
(465,'WSH20230224134145','754a8394-be3c-487b-b3b3-bda5c16a5a22',168240.00,0,'2023-02-24 10:41:45.854313',NULL,NULL,356,NULL,480,NULL),
(466,'WSH20230224135144','1ae48bc3-146b-45ff-9873-93a4c09807df',31702.00,0,'2023-02-24 10:51:44.346612',NULL,NULL,356,NULL,481,NULL),
(467,'WSH20230224135333','8733793a-a140-4234-bbb7-8bb4e5fc126b',12759.00,0,'2023-02-24 10:53:33.904592',NULL,NULL,356,NULL,482,NULL),
(468,'WSH20230224135518','7733ee84-a4a1-4f8f-9536-83ee7f2b16b4',20085.00,0,'2023-02-24 10:55:18.600786',NULL,NULL,356,NULL,483,NULL),
(469,'WSH20230224135731','27b5985d-b738-4dd3-9948-a6044182a06c',6173.00,0,'2023-02-24 10:57:31.983678',NULL,NULL,356,NULL,484,NULL),
(470,'WSH20230224135930','2cafb99d-7e3b-4f26-b934-fcda83ad32df',6316.00,0,'2023-02-24 10:59:30.284241',NULL,NULL,356,NULL,485,NULL),
(471,'WSH20230224140115','f5d78916-dfea-43d7-8169-c67d484bfff0',4540.00,0,'2023-02-24 11:01:15.243152',NULL,NULL,356,NULL,486,NULL),
(472,'WSH20230224140331','30dcd288-ddb9-4e11-abe6-2a5fd4015975',60700.00,0,'2023-02-24 11:03:31.634884',NULL,NULL,356,NULL,487,NULL),
(473,'WSH20230224141741','1481324d-eafa-4184-a965-e62e56f7c89f',25584.00,0,'2023-02-24 11:17:41.503630',NULL,NULL,356,NULL,488,NULL),
(474,'WSH20230224141953','ebec46af-8017-4474-9fa4-c3be8a579c2f',10965.00,0,'2023-02-24 11:19:53.559772',NULL,NULL,356,NULL,489,NULL),
(475,'WSH20230224142517','b1e84e85-8cac-4f29-a21d-f54fe2adb080',23094.00,0,'2023-02-24 11:25:17.116387',NULL,NULL,356,NULL,490,NULL),
(476,'WSH20230224142818','09de5952-d714-4424-a4bc-dab5e5591d73',9606.00,0,'2023-02-24 11:28:18.508528',NULL,NULL,356,NULL,491,NULL),
(477,'WSH20230224143537','4e02439c-ea1c-4519-9dcb-c7e4adf69e08',40293.00,0,'2023-02-24 11:35:37.049929',NULL,NULL,356,NULL,492,NULL),
(478,'WSH20230224143739','f2af183a-a962-4955-bd85-c31ccd59cb08',25812.00,0,'2023-02-24 11:37:39.733544',NULL,NULL,356,NULL,493,NULL),
(479,'WSH20230224145616','8681a53b-6646-4ec5-99a1-047dc9cd357a',39447.00,0,'2023-02-24 11:56:16.609611',NULL,NULL,356,NULL,494,NULL),
(480,'WSH20230224150939','a7ee4caf-f658-4820-b134-8a9660efa248',76265.00,0,'2023-02-24 12:09:39.705755',NULL,NULL,356,NULL,495,NULL),
(481,'WSH20230224151129','36ae3eb2-7b2b-46d4-83bd-7f3727b63142',6630.00,0,'2023-02-24 12:11:29.393236',NULL,NULL,356,NULL,496,NULL),
(482,'WSH20230224151316','fe16327d-a0c8-4813-831b-29c2ff50c469',43948.00,0,'2023-02-24 12:13:16.398051',NULL,NULL,356,NULL,497,NULL),
(483,'WSH20230224151601','1e6ca48d-db11-4230-a848-32d556d06e0c',36054.00,0,'2023-02-24 12:16:01.017021',NULL,NULL,356,NULL,498,NULL),
(484,'WSH20230224151749','eb25472c-268d-4d69-9ef2-bfc1e673b0f1',2885.00,0,'2023-02-24 12:17:49.726092',NULL,NULL,356,NULL,499,NULL),
(485,'WSH20230224151951','3dbf8c58-497d-4239-b15e-64753ee3c02d',12828.00,0,'2023-02-24 12:19:51.609006',NULL,NULL,356,NULL,500,NULL),
(486,'WSH20230224152210','d17fa895-c01d-4a65-8ae4-4bcde9be5ccc',15743.00,0,'2023-02-24 12:22:10.397408',NULL,NULL,356,NULL,501,NULL),
(487,'WSH20230224153834','06284ae4-4310-4480-98c9-bc233f3408a5',800.00,0,'2023-02-24 12:38:34.206323',NULL,NULL,356,NULL,502,NULL),
(488,'WSH20230224154213','a43941d4-e066-4e61-b332-d2295284bfa6',19615.00,0,'2023-02-24 12:42:13.060506',NULL,NULL,356,NULL,503,NULL),
(489,'WSH20230224154349','4b706d99-9e93-46c7-a479-d07be8ceacd5',3480.00,0,'2023-02-24 12:43:49.623136',NULL,NULL,356,NULL,504,NULL),
(490,'WSH20230224154601','ed35aca6-7c4a-420a-9179-1e548ee67948',4888.00,0,'2023-02-24 12:46:01.742202',NULL,NULL,356,NULL,505,NULL),
(491,'WSH20230224154812','8bc375c6-eadb-4233-94d1-98bb46a40320',73992.00,0,'2023-02-24 12:48:12.165066',NULL,NULL,356,NULL,506,NULL),
(492,'WSH20230224155209','4b712cb5-290c-4ff0-9482-7a902a3cd15e',63300.00,0,'2023-02-24 12:52:09.452288',NULL,NULL,356,NULL,507,NULL),
(493,'WSH20230224155225','46f0fc6a-d57a-47c8-84c8-2315afd5f661',67167.00,0,'2023-02-24 12:52:25.219424',NULL,NULL,356,NULL,508,NULL),
(494,'WSH20230224155351','0f1f4470-70b2-4104-8aa9-59f994144d55',21341.00,0,'2023-02-24 12:53:51.255273',NULL,NULL,356,NULL,509,NULL),
(495,'WSH20230224155434','e7b4d892-7860-4ac4-9ab9-a7bf5e6a0d74',8860.00,0,'2023-02-24 12:54:34.912109',NULL,NULL,356,NULL,510,NULL),
(496,'WSH20230224155615','fab55087-1503-47f0-9c57-2e583c52c091',112817.00,0,'2023-02-24 12:56:15.271409',NULL,NULL,356,NULL,512,NULL),
(497,'WSH20230224155621','6faec2fc-027a-49cd-984d-3cc5dd4506b8',59830.00,0,'2023-02-24 12:56:21.535680',NULL,NULL,356,NULL,511,NULL),
(498,'WSH20230224160018','f90be188-f486-4b24-ac2a-4672810ec943',112817.00,0,'2023-02-24 13:00:18.961880',NULL,NULL,356,NULL,512,NULL),
(499,'WSH20230224160049','8ef0ee71-91bc-478e-a781-8916f6961314',77891.00,0,'2023-02-24 13:00:49.466093',NULL,NULL,356,NULL,513,NULL),
(500,'WSH20230224160052','172e7230-4669-42fb-802e-0a50f69f2355',19465.00,0,'2023-02-24 13:00:52.733453',NULL,NULL,356,NULL,514,NULL),
(501,'WSH20230224160332','88f18f08-7cbb-4cf6-9bae-aa3c293072f0',27721.00,0,'2023-02-24 13:03:32.458776',NULL,NULL,356,NULL,515,NULL),
(502,'WSH20230224160352','aec2e06e-a95d-4156-80c8-c01e9c870f10',452075.00,0,'2023-02-24 13:03:52.345355',NULL,NULL,356,NULL,516,NULL),
(503,'WSH20230224160527','9c0573fc-37f9-46c5-b444-dbe11ce13953',5650.00,0,'2023-02-24 13:05:27.356390',NULL,NULL,356,NULL,517,NULL),
(504,'WSH20230224160720','cbaf4d7b-a948-45b3-b915-c958b7bbc206',34366.00,0,'2023-02-24 13:07:20.900397',NULL,NULL,356,NULL,518,NULL),
(505,'WSH20230224160800','1f82d211-4269-499e-ad8d-eaeca16e28c4',2740.00,0,'2023-02-24 13:08:00.585566',NULL,NULL,356,NULL,519,NULL),
(506,'WSH20230224160928','9a2959da-369a-4952-915c-d2e9f218131a',70272.00,0,'2023-02-24 13:09:28.737295',NULL,NULL,356,NULL,520,NULL),
(507,'WSH20230224161113','70389bef-7cea-4ee7-843e-d2546989a9ac',7845.00,0,'2023-02-24 13:11:13.658771',NULL,NULL,356,NULL,521,NULL),
(508,'WSH20230224161231','ab7068a8-5b16-4add-8065-b02a87932fae',60148.00,0,'2023-02-24 13:12:31.964332',NULL,NULL,356,NULL,522,NULL),
(509,'WSH20230224161255','853b3df8-e60c-4b57-80ca-b5a098f28021',84871.00,0,'2023-02-24 13:12:55.681526',NULL,NULL,356,NULL,523,NULL),
(510,'WSH20230224161442','42e1ad44-b2c7-4d99-9eb3-b66276107ed7',37615.00,0,'2023-02-24 13:14:42.110241',NULL,NULL,356,NULL,524,NULL),
(511,'WSH20230224161510','08a8bc46-bdd1-44e1-b38f-1ddf8f904672',30793.00,0,'2023-02-24 13:15:10.746608',NULL,NULL,356,NULL,525,NULL),
(512,'WSH20230224161659','8ab0303d-2353-4467-88d2-fdfaf52e2868',4947.00,0,'2023-02-24 13:16:59.344232',NULL,NULL,356,NULL,526,NULL),
(513,'WSH20230224161848','207e83b2-b68e-4d38-8517-bcc1de977b3a',11310.00,0,'2023-02-24 13:18:48.353714',NULL,NULL,356,NULL,528,NULL),
(514,'WSH20230224161915','ce7769c5-5317-4bdb-a773-041a551bbca3',4341.00,0,'2023-02-24 13:19:15.915021',NULL,NULL,356,NULL,527,NULL),
(515,'WSH20230224162013','0d08f6fb-8bfd-4109-925e-af6f701ff478',7562.00,0,'2023-02-24 13:20:13.055956',NULL,NULL,356,NULL,528,NULL),
(516,'WSH20230224162153','a5291fa2-ce33-4f99-888a-787086052a0c',35879.00,0,'2023-02-24 13:21:53.934582',NULL,NULL,356,NULL,530,NULL),
(517,'WSH20230224162255','3e17ab5e-94b2-46d4-9f17-28b3c575573e',26745.00,0,'2023-02-24 13:22:55.670982',NULL,NULL,356,NULL,529,NULL),
(518,'WSH20230224162443','6d28d823-92e4-468f-912b-5cbe45534c2b',9352.00,0,'2023-02-24 13:24:43.322339',NULL,NULL,356,NULL,531,NULL),
(519,'WSH20230224162853','1811c857-e27c-465c-b50b-87159023127d',6460.00,0,'2023-02-24 13:28:53.072912',NULL,NULL,356,NULL,532,NULL),
(520,'WSH20230224163053','138bf425-33fa-4415-9880-dbd2905465ed',9132.00,0,'2023-02-24 13:30:53.711883',NULL,NULL,356,NULL,533,NULL),
(521,'WSH20230224163303','6fda4690-540a-43e8-86f7-2f7f813bb0b0',4658.00,0,'2023-02-24 13:33:03.026261',NULL,NULL,356,NULL,534,NULL),
(522,'WSH20230224163513','74762473-5c26-464b-84b6-922d3a85ff4d',3309.00,0,'2023-02-24 13:35:13.245980',NULL,NULL,356,NULL,535,NULL),
(523,'WSH20230224163837','a02f1abd-f7e8-463d-95b2-2f74eb34dcff',34653.00,0,'2023-02-24 13:38:37.423454',NULL,NULL,356,NULL,536,NULL),
(524,'WSH20230224163844','470dd276-9ee8-4563-b6c6-0eb43d0807ad',200.00,0,'2023-02-24 13:38:44.166862',NULL,NULL,356,NULL,537,NULL),
(525,'WSH20230224164011','c7dc8c15-34bb-4011-96dd-453deab7859a',51385.00,0,'2023-02-24 13:40:11.331241',NULL,NULL,356,NULL,538,NULL),
(526,'WSH20230225092114','8f97f072-998f-49e1-8986-7352238a9e3d',200.00,0,'2023-02-25 06:21:14.169856',NULL,NULL,356,NULL,539,NULL),
(527,'WSH20230225092423','2228f0e5-9c54-4511-8fa4-5101b9799dbd',9710.00,0,'2023-02-25 06:24:23.265879',NULL,NULL,356,NULL,540,NULL),
(528,'WSH20230225092637','f0923ef8-457a-4ca5-a97a-865ec6d38efa',9100.00,0,'2023-02-25 06:26:37.162520',NULL,NULL,356,NULL,541,NULL),
(529,'WSH20230225093146','f2c1c08c-47ac-4ed1-bc57-af2b38f6f3e2',15215.00,0,'2023-02-25 06:31:46.571049',NULL,NULL,356,NULL,542,NULL),
(530,'WSH20230225093344','14017bf1-0146-465d-a389-6555e9a88dbf',15245.00,0,'2023-02-25 06:33:44.692000',NULL,NULL,356,NULL,543,NULL),
(531,'WSH20230225093626','e36bde4c-1228-43b9-a0cf-298963116da1',17070.00,0,'2023-02-25 06:36:26.592191',NULL,NULL,356,NULL,544,NULL),
(532,'WSH20230225093947','a9de4e57-d42f-4f64-90cf-44bc2f520de0',28060.00,0,'2023-02-25 06:39:47.378214',NULL,NULL,356,NULL,545,NULL),
(533,'WSH20230225094140','6dc9d6c2-7b05-4c03-9ce3-ea2bb589584a',13481.00,0,'2023-02-25 06:41:40.917816',NULL,NULL,356,NULL,546,NULL),
(534,'WSH20230225094311','c08c4bba-12ca-4fe8-8cbf-c6656ef1c59d',76880.00,0,'2023-02-25 06:43:11.419668',NULL,NULL,356,NULL,547,NULL),
(535,'WSH20230225094614','e17e91b7-b35c-437d-a7fd-263645efa905',11875.00,0,'2023-02-25 06:46:14.364433',NULL,NULL,356,NULL,548,NULL),
(536,'WSH20230225095249','7a1f09ca-ce2b-431f-9a2f-b1cd049f0838',6370.00,0,'2023-02-25 06:52:49.728017',NULL,NULL,356,NULL,549,NULL),
(537,'WSH20230225095458','173b3b00-62bc-454f-884b-13a446266f46',29475.00,0,'2023-02-25 06:54:58.735468',NULL,NULL,356,NULL,551,NULL),
(538,'WSH20230225095501','3da16e06-9b23-4a0e-a3f9-eb838a289a42',8600.00,0,'2023-02-25 06:55:01.078600',NULL,NULL,356,NULL,550,NULL),
(539,'WSH20230225095655','889d6980-a087-477a-903a-eee933a90989',2380.00,0,'2023-02-25 06:56:55.163696',NULL,NULL,356,NULL,552,NULL),
(540,'WSH20230225100037','911cd769-9585-4a18-8a19-38da06ee09a9',4569.00,0,'2023-02-25 07:00:37.790777',NULL,NULL,356,NULL,554,NULL),
(541,'WSH20230225100604','3783ed8e-7027-4dff-9cb9-7ca1d322ee3a',7718.00,0,'2023-02-25 07:06:04.337504',NULL,NULL,356,NULL,553,NULL),
(542,'WSH20230225101020','80ad2e04-9b6a-4828-bfdf-f9894a41b7aa',700.00,0,'2023-02-25 07:10:20.281710',NULL,NULL,356,NULL,556,NULL),
(543,'WSH20230225101119','675ac5cd-3040-4bbf-b0b1-f07a4c784db3',13291.00,0,'2023-02-25 07:11:19.290767',NULL,NULL,356,NULL,557,NULL),
(544,'WSH20230225101237','8d69ca4a-7748-4d96-b24c-ecaed486ed84',30190.00,0,'2023-02-25 07:12:37.456884',NULL,NULL,356,NULL,558,NULL),
(545,'WSH20230225101413','4bdd6047-4154-4916-a164-3bbb2ff2052e',151601.00,0,'2023-02-25 07:14:13.258430',NULL,NULL,356,NULL,559,NULL),
(546,'WSH20230225101815','14e2a805-d743-4b26-a7cd-08922b7b47a2',800.00,0,'2023-02-25 07:18:15.278831',NULL,NULL,356,NULL,560,NULL),
(547,'WSH20230225103113','5aabdeaf-81bf-49b6-bc6f-9cf3cacdc791',335446.00,0,'2023-02-25 07:31:13.716631',NULL,NULL,356,NULL,561,NULL),
(548,'WSH20230225105633','715cc841-8c95-4492-9730-8557395571f0',49400.00,0,'2023-02-25 07:56:33.979185',NULL,NULL,356,NULL,562,NULL),
(549,'WSH20230225110159','a0dc5dde-c083-439c-8c27-cd551fc9ec50',33000.00,0,'2023-02-25 08:01:59.109880',NULL,NULL,356,NULL,564,NULL),
(550,'WSH20230225110420','1dff4bdd-146d-466f-b9e1-581979df81ac',154200.00,0,'2023-02-25 08:04:20.949592',NULL,NULL,356,NULL,565,NULL),
(551,'WSH20230225110816','bae24776-63dd-4866-8f19-76a662be1280',8946.00,0,'2023-02-25 08:08:16.187685',NULL,NULL,356,NULL,566,NULL),
(552,'WSH20230225115959','da0f57f4-d331-4484-9cd0-eb4b3a563236',42090.00,0,'2023-02-25 08:59:59.509188',NULL,NULL,356,NULL,570,NULL),
(553,'WSH20230225120348','8162185e-2c5c-493f-918a-bd76f84e59e0',31207.00,0,'2023-02-25 09:03:48.105735',NULL,NULL,356,NULL,571,NULL),
(554,'WSH20230225120508','26212125-ad98-40d9-a0d1-99460dc993e6',3169.00,0,'2023-02-25 09:05:08.699090',NULL,NULL,356,NULL,572,NULL),
(555,'WSH20230225121200','2b9bf3bb-8205-4697-a4aa-4a5e123c59eb',10600.00,0,'2023-02-25 09:12:00.951778',NULL,NULL,356,NULL,573,NULL),
(556,'WSH20230225121442','dbef5482-833a-4a89-9022-b079162ec491',67440.00,0,'2023-02-25 09:14:42.961761',NULL,NULL,356,NULL,574,NULL),
(557,'WSH20230225121651','5adf5689-cfd4-44e9-af91-713188008c8c',103000.00,0,'2023-02-25 09:16:51.169535',NULL,NULL,356,NULL,575,NULL),
(558,'WSH20230227101557','c4a1d4a5-b91b-4feb-9aaf-70bc49d33cb1',44600.00,0,'2023-02-27 07:15:57.936752',NULL,NULL,356,NULL,577,NULL),
(559,'WSH20230227104135','818140e3-4a3d-4ffe-bab9-4ef0f26b01d1',27325.00,0,'2023-02-27 07:41:35.133479',NULL,NULL,356,NULL,578,NULL),
(560,'WSH20230227105235','80ede05e-1f03-446c-afdd-8d57ecfeb192',51141.00,0,'2023-02-27 07:52:35.851756',NULL,NULL,356,NULL,579,NULL),
(561,'WSH20230227105629','329a8f11-f156-4db2-b4f4-bf4424e516bc',14968.00,0,'2023-02-27 07:56:29.793895',NULL,NULL,356,NULL,580,NULL),
(562,'WSH20230227111401','36f00921-d8be-4d12-9e26-449e9975e1ec',10705.00,0,'2023-02-27 08:14:01.840816',NULL,NULL,356,NULL,581,NULL),
(563,'WSH20230227111655','6ec4b7f2-4a08-4d8c-baac-a8d11e2430f4',7078.00,0,'2023-02-27 08:16:55.245521',NULL,NULL,356,NULL,582,NULL),
(564,'WSH20230227111930','da256289-963a-4a29-99b9-bdcb7bf00605',7634.00,0,'2023-02-27 08:19:30.428120',NULL,NULL,356,NULL,583,NULL),
(565,'WSH20230227121602','24b96730-c257-416f-971a-8af24e8c560f',21225.00,0,'2023-02-27 09:16:02.960500',NULL,NULL,356,NULL,584,NULL),
(566,'WSH20230227121807','cc026fbf-1984-4d7e-a8a2-f834b9b94dca',50440.00,0,'2023-02-27 09:18:07.045781',NULL,NULL,356,NULL,585,NULL),
(567,'WSH20230227122238','2c640ed3-7dae-4a94-b4ad-91a0a21b3021',11533.00,0,'2023-02-27 09:22:38.935235',NULL,NULL,356,NULL,586,NULL),
(568,'WSH20230227130405','3ecfb3ed-8539-43aa-9315-d8fff602552e',54952.00,0,'2023-02-27 10:04:05.512278',NULL,NULL,356,NULL,588,NULL),
(569,'WSH20230227130528','c4fe4945-f710-4e2c-8d9b-f27b80cb0f31',3290.00,0,'2023-02-27 10:05:28.309862',NULL,NULL,356,NULL,589,NULL),
(570,'WSH20230227141401','065eb2a9-1244-47a3-9c18-073dc69dfc4d',3400.00,0,'2023-02-27 11:14:01.849620',NULL,NULL,356,NULL,590,NULL),
(571,'WSH20230227141547','51801c97-3f1a-4204-8128-a1db9dcfd063',14365.00,0,'2023-02-27 11:15:47.775209',NULL,NULL,356,NULL,591,NULL),
(572,'WSH20230227141814','dc43064e-a016-48e9-ae25-b612c521192e',7083.00,0,'2023-02-27 11:18:14.518991',NULL,NULL,356,NULL,592,NULL),
(573,'WSH20230227142118','11e74bb3-922c-42d4-bb5e-cb6e2d85b16d',43224.00,0,'2023-02-27 11:21:18.319184',NULL,NULL,356,NULL,593,NULL),
(574,'WSH20230227143728','4e4be5d9-2e1c-48f1-a5e7-bf3531c1c688',6122.00,0,'2023-02-27 11:37:28.978932',NULL,NULL,356,NULL,594,NULL),
(575,'WSH20230227144248','b14d4ce6-fc6e-433c-911b-131d1a528d28',6398.00,0,'2023-02-27 11:42:48.685477',NULL,NULL,356,NULL,595,NULL),
(576,'WSH20230316115129','584fd889-33c4-4f5c-845a-74ece88e6b34',200.00,0,'2023-03-16 08:51:29.952200',NULL,NULL,356,NULL,90,NULL),
(577,'WSH20230316162230','0c9bca19-6d9e-4b58-ae75-4e947f172a5c',500.00,0,'2023-03-16 13:22:30.643653',NULL,NULL,356,NULL,12,NULL),
(578,'WSH20230620112256','e4205849-9002-4d12-9882-9d6492ae1e79',4500.00,0,'2023-06-20 08:22:56.894152',NULL,NULL,356,NULL,690,NULL),
(579,'WSH20230620113354','2b1b1aa0-0231-442c-8a84-4f142d4d57a4',23900.00,0,'2023-06-20 08:33:54.941010',NULL,NULL,356,NULL,696,NULL),
(580,'WSH20230622125533','addbeaee-0be4-42af-8217-d77d13b1b092',59133.00,0,'2023-06-22 09:55:33.140768',NULL,NULL,356,NULL,407,NULL),
(581,'WSH20230707090359','82e9bb67-0255-4dfd-92d1-310a6086c255',1000.00,0,'2023-07-07 06:03:59.989446',NULL,NULL,356,NULL,690,NULL),
(582,'WSH20230707090612','3e0b67d0-522a-41f5-91ee-81fecac8b440',2000.00,0,'2023-07-07 06:06:12.237674',NULL,NULL,356,NULL,690,NULL),
(583,'WSH20230708092916','4f5c14ef-4c94-465a-99d9-a29ac900ef2a',200.00,0,'2023-07-08 06:29:16.178349',NULL,NULL,356,NULL,608,NULL),
(584,'WSH20230708093844','2262d2f8-da83-40af-8fcf-0e5d164a2e16',200.00,0,'2023-07-08 06:38:44.955490',NULL,NULL,356,NULL,151,NULL),
(585,'WSH20230711105744','1d7fd0ae-da1c-4650-8938-e6b119e705f2',21137.00,0,'2023-07-11 07:57:44.444793',NULL,NULL,356,NULL,587,NULL),
(586,'WSH20230711110126','105f9296-c3cb-4169-9127-3005b1f4f7bf',200.00,0,'2023-07-11 08:01:26.852905',NULL,NULL,356,NULL,587,NULL),
(587,'WSH20230711110218','72549dd1-aaef-4ff5-91de-e1eb104066e2',200.00,0,'2023-07-11 08:02:18.414203',NULL,NULL,356,NULL,267,NULL),
(588,'WSH20230810160814','39d85533-4899-4ef8-99ed-2589c9a54f8d',7182.00,0,'2023-08-10 13:08:14.639535',NULL,NULL,356,NULL,714,NULL),
(589,'WSH20230810160848','4d4f864a-58a9-4dcd-a038-8adc0afe5d7b',1000.00,0,'2023-08-10 13:08:48.219948',NULL,NULL,356,NULL,714,NULL),
(590,'WSH20230810160904','30abdd69-b275-4bd7-9fa8-b7c5dfdce477',8000.00,0,'2023-08-10 13:09:04.279107',NULL,NULL,356,NULL,714,NULL),
(591,'WSH20230810160923','d98b5bf7-950e-4f80-8ebc-e2766f8384ba',2000.00,0,'2023-08-10 13:09:23.063449',NULL,NULL,356,NULL,714,NULL),
(592,'WSH20230810161411','d167d346-2685-4929-9218-719f15ddf222',1100.00,0,'2023-08-10 13:14:11.187566',NULL,NULL,356,NULL,715,NULL),
(593,'WSH20230810161623','a8723e23-b252-4424-971c-e507235e7eb1',3300.00,0,'2023-08-10 13:16:23.264129',NULL,NULL,356,NULL,716,NULL),
(594,'WSH20230810161855','9206cfcf-4db6-4504-8541-245d742a237f',500.00,0,'2023-08-10 13:18:55.675914',NULL,NULL,356,NULL,717,NULL),
(595,'WSH20230810162222','0ba1b1d3-a17e-41f4-acf9-fce9622d94d7',200.00,0,'2023-08-10 13:22:22.307609',NULL,NULL,356,NULL,718,NULL),
(596,'WSH20230810162415','6b33d656-5eca-4731-941d-fe01f1ce9d61',1200.00,0,'2023-08-10 13:24:15.842609',NULL,NULL,356,NULL,695,NULL),
(597,'WSH20230812100323','43333fa7-9cb3-407d-bff9-d27efdb7ea0e',700.00,0,'2023-08-12 07:03:23.544580',NULL,NULL,356,NULL,721,NULL),
(598,'WSH20230812100347','500f083c-7cb3-4ddd-9712-6ca4a85f56e9',200.00,0,'2023-08-12 07:03:47.312116',NULL,NULL,356,NULL,721,NULL),
(599,'WSH20230812100407','681e9797-a00f-40c0-990e-d3659db05d7e',200.00,0,'2023-08-12 07:04:07.397134',NULL,NULL,356,NULL,721,NULL),
(600,'WSH20230812100435','057ae656-0f52-4258-97ab-8ee7e2b6b836',200.00,0,'2023-08-12 07:04:35.441932',NULL,NULL,356,NULL,721,NULL);

UNLOCK TABLES;

/*Table structure for table `api_userprofile` */

DROP TABLE IF EXISTS `api_userprofile`;

CREATE TABLE `api_userprofile` (
  `id` bigint NOT NULL AUTO_INCREMENT,
  `member_no_shares` varchar(200) COLLATE utf8mb4_general_ci DEFAULT NULL,
  `member_no_savings` varchar(200) COLLATE utf8mb4_general_ci DEFAULT NULL,
  `id_no` varchar(200) COLLATE utf8mb4_general_ci DEFAULT NULL,
  `user_id` int NOT NULL,
  PRIMARY KEY (`id`),
  UNIQUE KEY `user_id` (`user_id`),
  UNIQUE KEY `member_no_shares` (`member_no_shares`),
  UNIQUE KEY `member_no_savings` (`member_no_savings`),
  UNIQUE KEY `id_no` (`id_no`),
  CONSTRAINT `api_userprofile_user_id_5a1c1c92_fk_auth_user_id` FOREIGN KEY (`user_id`) REFERENCES `auth_user` (`id`) ON DELETE RESTRICT ON UPDATE RESTRICT
) ENGINE=InnoDB AUTO_INCREMENT=726 DEFAULT CHARSET=utf8mb4 COLLATE=utf8mb4_general_ci;

/*Data for the table `api_userprofile` */

LOCK TABLES `api_userprofile` WRITE;

insert  into `api_userprofile`(`id`,`member_no_shares`,`member_no_savings`,`id_no`,`user_id`) values 
(1,NULL,NULL,NULL,1),
(13,'115',NULL,'13588476',13),
(15,'01',NULL,'0111111',15),
(16,'1186',NULL,'32238174',16),
(17,'1185',NULL,'23956480',17),
(18,'1184',NULL,'40687187',18),
(19,'1183',NULL,'21334034',19),
(20,'1182',NULL,'12892938',20),
(21,'1181',NULL,'23956481',21),
(22,'1180',NULL,'7738920',22),
(23,'1179',NULL,'22393575',23),
(24,'1178',NULL,'25818629',24),
(25,'1177',NULL,'28010607',25),
(26,'1176',NULL,NULL,26),
(27,'1175',NULL,NULL,27),
(28,'1174',NULL,NULL,28),
(29,'1173',NULL,'34030978',29),
(30,'1172',NULL,'32142753',30),
(32,'1170',NULL,NULL,32),
(33,'1169',NULL,NULL,33),
(34,'1168',NULL,NULL,34),
(35,'1167',NULL,NULL,35),
(36,'1165',NULL,NULL,36),
(37,'1164',NULL,NULL,37),
(38,NULL,NULL,NULL,38),
(39,'1161',NULL,NULL,39),
(40,'1160',NULL,'32869089',40),
(41,'1159',NULL,'14447489',41),
(42,NULL,NULL,NULL,42),
(43,'1156',NULL,NULL,43),
(44,'1110',NULL,NULL,44),
(45,'1112',NULL,'4449298',45),
(46,'1113',NULL,'11324420',46),
(47,'1115',NULL,'13588679',47),
(48,'1116',NULL,'8690790',48),
(49,'1118',NULL,NULL,49),
(50,'558',NULL,'23565308',50),
(51,'1120',NULL,'10460711',51),
(52,'1121',NULL,NULL,52),
(53,'1122',NULL,'11544692',53),
(55,'1124',NULL,NULL,55),
(56,'1125',NULL,NULL,56),
(57,'1126',NULL,NULL,57),
(58,'1127',NULL,'8863031',58),
(59,'1128',NULL,NULL,59),
(60,'1129',NULL,NULL,60),
(61,'1130',NULL,'23059363',61),
(62,'1131',NULL,NULL,62),
(63,'N/A','A/C181','36321331',63),
(64,'1133',NULL,NULL,64),
(65,'1134',NULL,'5447995',65),
(66,'1135',NULL,'222234490',66),
(68,'1139',NULL,'31455793',68),
(69,'02',NULL,NULL,69),
(70,'03',NULL,'2374881',70),
(71,'07',NULL,'0452176',71),
(72,'09',NULL,NULL,72),
(73,'010',NULL,NULL,73),
(74,'12',NULL,NULL,74),
(75,'13',NULL,NULL,75),
(76,'15',NULL,'2374092',76),
(77,'16',NULL,NULL,77),
(78,'17',NULL,'04521761',78),
(79,'19',NULL,'0077826',79),
(80,'20',NULL,'2392149',80),
(81,'21',NULL,'2390997',81),
(82,'22',NULL,'8690274',82),
(83,'23',NULL,'2390819',83),
(84,'24',NULL,'22085427',84),
(85,'26',NULL,NULL,85),
(86,'27',NULL,'23564535',86),
(87,'29',NULL,'23564534',87),
(88,'30',NULL,'20736852',88),
(89,'32',NULL,'7862388',89),
(90,'33',NULL,'2375756',90),
(91,'35',NULL,'22370801',91),
(92,'39',NULL,'2375051',92),
(93,'40',NULL,NULL,93),
(94,'41',NULL,'2374094',94),
(95,'43',NULL,'2555888',95),
(96,'44',NULL,'11324438',96),
(97,'45',NULL,'23215389',97),
(98,'47',NULL,'9355926',98),
(99,'49',NULL,NULL,99),
(100,NULL,NULL,NULL,100),
(101,'981',NULL,'25801211',101),
(102,'983',NULL,'13177858',102),
(103,'986',NULL,'7747340',103),
(104,'987',NULL,'22370275',104),
(105,'998',NULL,NULL,105),
(106,'990',NULL,NULL,106),
(107,'991',NULL,NULL,107),
(108,'994',NULL,'24957727',108),
(109,'996',NULL,'22370276',109),
(110,'997',NULL,'24842913',110),
(111,'1000',NULL,'2390839',111),
(112,'1003',NULL,NULL,112),
(113,'1006',NULL,'2390375',113),
(114,'1009',NULL,NULL,114),
(115,'1011',NULL,'7862483',115),
(116,'1012',NULL,'25274606',116),
(117,'1015',NULL,'0452177',117),
(118,'1016',NULL,'13835047',118),
(119,'1017',NULL,'13835046',119),
(121,'1020',NULL,'2392729',121),
(122,'1021',NULL,NULL,122),
(123,'1140',NULL,'27599320',123),
(124,'1119',NULL,NULL,124),
(125,'1142',NULL,NULL,125),
(126,'1143',NULL,NULL,126),
(127,'1144',NULL,NULL,127),
(128,'1145',NULL,'13586906',128),
(129,'1146',NULL,'22087187',129),
(130,'1148',NULL,'2391474',130),
(131,'1150',NULL,NULL,131),
(132,'1151',NULL,'2391586',132),
(133,'1152',NULL,'22853883',133),
(134,'1153',NULL,NULL,134),
(135,'1154',NULL,'25831966',135),
(136,'1155',NULL,NULL,136),
(137,'1049',NULL,'24958268',137),
(138,'1052',NULL,NULL,138),
(139,'1053',NULL,NULL,139),
(140,'1054',NULL,NULL,140),
(141,'1055',NULL,NULL,141),
(142,'1056',NULL,'1451774',142),
(143,'1057',NULL,NULL,143),
(144,'1058',NULL,NULL,144),
(145,'1063',NULL,NULL,145),
(146,'1065',NULL,NULL,146),
(147,'1067',NULL,NULL,147),
(148,'1068',NULL,NULL,148),
(149,'1069',NULL,NULL,149),
(150,'1070',NULL,'28644305',150),
(151,'1080',NULL,'12692855',151),
(152,'1085',NULL,'9690277',152),
(153,'1087',NULL,'11324302',153),
(154,'1090',NULL,'11149698',154),
(155,'1099',NULL,'12619111',155),
(157,'51',NULL,'13183036',157),
(158,'52',NULL,'2390329',158),
(159,'53',NULL,'2393636',159),
(160,'54',NULL,NULL,160),
(161,'55',NULL,'2457784',161),
(162,'56',NULL,NULL,162),
(163,'57',NULL,NULL,163),
(164,NULL,NULL,NULL,164),
(165,'58',NULL,NULL,165),
(166,'59',NULL,NULL,166),
(167,'60',NULL,'2390929',167),
(168,'61',NULL,'10794552',168),
(169,'62',NULL,'7671575',169),
(170,'64',NULL,NULL,170),
(171,'65',NULL,'2374729',171),
(172,'66',NULL,'0080483',172),
(173,'67',NULL,NULL,173),
(174,'68',NULL,'2390183',174),
(175,'69',NULL,'2374275',175),
(176,'72',NULL,'11694612',176),
(177,'74',NULL,'0652242',177),
(178,NULL,NULL,'CLOSED',178),
(179,'75',NULL,'2390767',179),
(180,'76',NULL,'2374078',180),
(181,'77',NULL,NULL,181),
(182,'78',NULL,NULL,182),
(183,NULL,'A/C 182','2375993',183),
(184,'82',NULL,'2374650',184),
(185,'80',NULL,'35245798',185),
(186,'83',NULL,'2374091',186),
(187,'84',NULL,'12690069',187),
(188,'85',NULL,NULL,188),
(189,'86',NULL,'22393619',189),
(190,NULL,NULL,NULL,190),
(191,'90',NULL,NULL,191),
(192,'92',NULL,'22069557',192),
(193,'94',NULL,'13588576',193),
(194,'95',NULL,'2374656',194),
(195,'96',NULL,'2375619',195),
(196,'99',NULL,'13183096',196),
(197,'100',NULL,NULL,197),
(198,'102',NULL,'2374899',198),
(199,'103',NULL,'TRANSFFERED',199),
(200,'104',NULL,'2374767',200),
(201,'105',NULL,'13360231',201),
(202,'107',NULL,NULL,202),
(203,'108',NULL,'2393598',203),
(204,'109',NULL,'11694686',204),
(205,'110',NULL,'2393434',205),
(206,'111',NULL,'13401817',206),
(207,'112',NULL,'22370803',207),
(208,'113',NULL,'11258406',208),
(209,'121',NULL,'2393092',209),
(210,'123',NULL,NULL,210),
(211,'124',NULL,'7456235',211),
(212,'128',NULL,'274900',212),
(213,'129',NULL,NULL,213),
(214,'130',NULL,'2374826',214),
(215,'132',NULL,'10148300',215),
(216,'135',NULL,NULL,216),
(217,'136',NULL,NULL,217),
(218,'139',NULL,NULL,218),
(219,'141',NULL,NULL,219),
(220,'142',NULL,NULL,220),
(221,NULL,NULL,NULL,221),
(222,'144',NULL,'23778105',222),
(223,'145',NULL,NULL,223),
(224,'146',NULL,NULL,224),
(225,'148',NULL,'12692857',225),
(226,'150',NULL,'21763225',226),
(227,'151',NULL,'7746686',227),
(228,'153',NULL,'20233413',228),
(229,'154',NULL,NULL,229),
(231,'157',NULL,NULL,231),
(232,'158','158','2392192',232),
(233,'160',NULL,NULL,233),
(234,'163','163','2392893',234),
(235,'164',NULL,'11399836',235),
(236,'165',NULL,NULL,236),
(237,'166',NULL,NULL,237),
(238,'169',NULL,NULL,238),
(239,'171',NULL,'2375897',239),
(240,'173',NULL,'21761408',240),
(241,'175',NULL,'9285079',241),
(242,'176',NULL,'12888971',242),
(243,'177',NULL,NULL,243),
(244,'179',NULL,'2375653',244),
(245,'180',NULL,'2374828',245),
(246,'181',NULL,'2392567',246),
(247,'188',NULL,NULL,247),
(248,'189',NULL,NULL,248),
(249,'191',NULL,NULL,249),
(251,'575',NULL,NULL,251),
(252,'199',NULL,NULL,252),
(253,'201',NULL,NULL,253),
(254,'202',NULL,'22680242',254),
(255,'208',NULL,'7862383',255),
(256,'209',NULL,NULL,256),
(257,'213',NULL,NULL,257),
(258,'214',NULL,NULL,258),
(259,'218',NULL,NULL,259),
(260,'219',NULL,NULL,260),
(261,'220',NULL,NULL,261),
(262,'225',NULL,'2390798',262),
(263,'226',NULL,'12888981',263),
(264,'230','230','12619303',264),
(265,'233',NULL,NULL,265),
(266,'234',NULL,'8873801',266),
(267,'235',NULL,'2374313',267),
(268,NULL,NULL,NULL,268),
(269,'238',NULL,'22217068',269),
(270,'239',NULL,'9907475',270),
(271,'242',NULL,'2374516',271),
(272,'243',NULL,'2391368',272),
(273,'249',NULL,NULL,273),
(274,'252',NULL,NULL,274),
(275,'254',NULL,'0432783',275),
(276,'258',NULL,'12494100',276),
(277,'259',NULL,'11324437',277),
(278,'260',NULL,NULL,278),
(279,'261',NULL,NULL,279),
(280,'262',NULL,NULL,280),
(281,'263',NULL,NULL,281),
(282,'268',NULL,NULL,282),
(283,'269',NULL,NULL,283),
(284,'270',NULL,'2374165',284),
(285,'273',NULL,'7212670',285),
(286,'275',NULL,'7213016',286),
(287,'284',NULL,NULL,287),
(288,'283',NULL,NULL,288),
(289,'286',NULL,'2374077',289),
(290,'537',NULL,'24647197',290),
(291,'288',NULL,'2390784',291),
(292,'291',NULL,NULL,292),
(293,'294',NULL,NULL,293),
(294,'305',NULL,NULL,294),
(295,'299',NULL,NULL,295),
(296,'309',NULL,NULL,296),
(297,'310',NULL,NULL,297),
(298,'315',NULL,NULL,298),
(299,'316',NULL,NULL,299),
(300,'320',NULL,NULL,300),
(301,'333',NULL,NULL,301),
(302,'337',NULL,NULL,302),
(303,'343',NULL,NULL,303),
(304,'346',NULL,'27751061',304),
(305,'347','None',NULL,305),
(306,'351',NULL,NULL,306),
(307,'352',NULL,'11398387',307),
(308,'357',NULL,NULL,308),
(309,'358',NULL,'7212819',309),
(310,'359',NULL,'12494028',310),
(311,'361',NULL,'2392461',311),
(312,'363',NULL,'7213565',312),
(313,'364',NULL,NULL,313),
(314,'365',NULL,NULL,314),
(315,'TRANSFEERED',NULL,NULL,315),
(316,'382',NULL,'7212480',316),
(317,'383',NULL,'2374645',317),
(318,'384',NULL,NULL,318),
(319,'387',NULL,NULL,319),
(320,'400',NULL,'7747616',320),
(321,'401',NULL,NULL,321),
(322,'402',NULL,'10149737',322),
(323,'404',NULL,NULL,323),
(324,'406',NULL,NULL,324),
(325,'415',NULL,'2391955',325),
(326,'411',NULL,'0269235',326),
(327,'420',NULL,'23056988',327),
(328,'423',NULL,'10343129',328),
(329,'431',NULL,NULL,329),
(330,NULL,NULL,NULL,330),
(331,'435',NULL,NULL,331),
(333,'441',NULL,'2390624',333),
(334,'446',NULL,'2456480',334),
(335,'449',NULL,NULL,335),
(336,'451',NULL,NULL,336),
(337,'456',NULL,NULL,337),
(338,'463',NULL,NULL,338),
(339,'468',NULL,NULL,339),
(340,'469',NULL,'11401203',340),
(341,'471',NULL,NULL,341),
(342,'473',NULL,NULL,342),
(343,'479',NULL,'2374585',343),
(344,'480',NULL,NULL,344),
(345,'483',NULL,NULL,345),
(346,'484',NULL,'2391341',346),
(347,'N/A1','N/A2','N/A3',347),
(348,'486',NULL,'9285008',348),
(349,'487',NULL,'2392142',349),
(350,'490',NULL,'2374827',350),
(351,'502',NULL,NULL,351),
(352,'503',NULL,NULL,352),
(353,'505',NULL,NULL,353),
(354,'507',NULL,'25155224',354),
(355,'513',NULL,'2391653',355),
(356,'N/A2','N/A2w','456662',356),
(357,'515',NULL,'0452995',357),
(358,'518',NULL,'7746045',358),
(359,'519',NULL,'7213189',359),
(360,'520',NULL,NULL,360),
(361,'521',NULL,NULL,361),
(362,'522',NULL,'11324369',362),
(363,'524',NULL,'14688087',363),
(364,'525',NULL,'24908224',364),
(365,'526',NULL,'21374135',365),
(366,'527',NULL,'13588661',366),
(367,'528',NULL,NULL,367),
(368,'531',NULL,NULL,368),
(369,'532',NULL,'2392651',369),
(370,'533',NULL,NULL,370),
(371,'287',NULL,'12892952',371),
(372,'546',NULL,NULL,372),
(373,'548',NULL,NULL,373),
(374,'554',NULL,NULL,374),
(375,'555',NULL,NULL,375),
(376,'557',NULL,'13512425',376),
(377,'561',NULL,'2375706',377),
(378,'563',NULL,NULL,378),
(379,'564',NULL,'2390598',379),
(380,'582',NULL,'2393176',380),
(381,'598',NULL,'8858109',381),
(382,'597',NULL,'8307925',382),
(383,NULL,NULL,NULL,383),
(384,'972',NULL,NULL,384),
(385,'603',NULL,NULL,385),
(386,'610',NULL,NULL,386),
(387,'613',NULL,NULL,387),
(388,'624',NULL,'2374655',388),
(389,'626',NULL,NULL,389),
(390,'633',NULL,'2374770',390),
(391,'642',NULL,'25150790',391),
(392,'644',NULL,'9690308',392),
(393,'646',NULL,NULL,393),
(394,'648',NULL,'22853884',394),
(395,NULL,NULL,NULL,395),
(396,'660',NULL,'2393457',396),
(397,'672',NULL,NULL,397),
(398,'676',NULL,'2375947',398),
(399,'678',NULL,NULL,399),
(400,'693',NULL,'9414209',400),
(401,'694',NULL,'20187136',401),
(402,'695',NULL,NULL,402),
(403,'696',NULL,NULL,403),
(404,'700',NULL,'2374653',404),
(405,'710',NULL,NULL,405),
(407,'723',NULL,NULL,407),
(408,'724',NULL,'2391603',408),
(409,'726',NULL,NULL,409),
(410,'733',NULL,'2390012',410),
(411,'736',NULL,'2391843',411),
(412,'737',NULL,'2499015',412),
(413,'734',NULL,NULL,413),
(414,'731',NULL,NULL,414),
(415,NULL,'A/C 43',NULL,415),
(416,'903',NULL,NULL,416),
(417,'725',NULL,NULL,417),
(418,'906',NULL,'7212392',418),
(419,'682',NULL,NULL,419),
(420,'907',NULL,NULL,420),
(421,'683',NULL,'22548474',421),
(422,'908',NULL,NULL,422),
(423,'689',NULL,'2390829',423),
(424,'691',NULL,NULL,424),
(425,'715',NULL,NULL,425),
(426,'718',NULL,NULL,426),
(427,'719',NULL,'2390235',427),
(428,'720',NULL,NULL,428),
(429,'661',NULL,NULL,429),
(430,'662',NULL,NULL,430),
(431,'669',NULL,NULL,431),
(432,'638',NULL,NULL,432),
(433,'627',NULL,NULL,433),
(435,'620',NULL,NULL,435),
(436,'619',NULL,NULL,436),
(437,'614',NULL,NULL,437),
(438,'611',NULL,NULL,438),
(439,'740',NULL,NULL,439),
(440,'743',NULL,NULL,440),
(441,'748',NULL,NULL,441),
(442,'751',NULL,NULL,442),
(443,'752',NULL,NULL,443),
(444,'911',NULL,'97074333',444),
(445,'755',NULL,NULL,445),
(446,'757',NULL,NULL,446),
(447,'761',NULL,NULL,447),
(449,'915',NULL,'13476777',449),
(450,'762',NULL,NULL,450),
(451,'916',NULL,NULL,451),
(452,'765',NULL,'2392984',452),
(453,'917',NULL,'23783358',453),
(454,'767',NULL,'2375218',454),
(455,'922',NULL,NULL,455),
(456,'923',NULL,'22676190',456),
(457,'768',NULL,'7212269',457),
(459,'926',NULL,NULL,459),
(460,'770',NULL,NULL,460),
(461,'924',NULL,'32906797',461),
(462,'927',NULL,NULL,462),
(463,'928',NULL,'23089414',463),
(464,'771',NULL,NULL,464),
(465,'929',NULL,'26965066',465),
(466,'778',NULL,NULL,466),
(467,'779',NULL,NULL,467),
(468,'932',NULL,NULL,468),
(469,'933',NULL,NULL,469),
(470,'934',NULL,NULL,470),
(471,'935',NULL,'24838674',471),
(472,'944',NULL,'2375110',472),
(473,'945',NULL,'2392340',473),
(474,'946',NULL,NULL,474),
(475,'950',NULL,NULL,475),
(476,'954',NULL,'9097992',476),
(477,'955',NULL,'12619452',477),
(478,'956',NULL,NULL,478),
(479,'957',NULL,NULL,479),
(480,'958',NULL,'22217066',480),
(481,'959',NULL,'9355904',481),
(482,'965',NULL,NULL,482),
(483,'962',NULL,'10592822',483),
(484,'966',NULL,NULL,484),
(485,'967',NULL,NULL,485),
(486,'968',NULL,NULL,486),
(487,'969',NULL,'9690292',487),
(488,'781',NULL,NULL,488),
(489,'783',NULL,NULL,489),
(490,'786',NULL,'2374093',490),
(491,NULL,NULL,NULL,491),
(492,'788',NULL,'21379411',492),
(493,'792',NULL,'21431191',493),
(494,'794',NULL,NULL,494),
(495,'797',NULL,'12692927',495),
(496,'798',NULL,NULL,496),
(497,'802',NULL,NULL,497),
(498,'806',NULL,'7212645',498),
(499,'807',NULL,NULL,499),
(500,'808',NULL,'2390387',500),
(501,'809',NULL,'23143843',501),
(502,'970',NULL,NULL,502),
(503,'602',NULL,'20953049',503),
(504,'973',NULL,NULL,504),
(505,'810',NULL,NULL,505),
(506,'812',NULL,'GROUP,',506),
(507,'975',NULL,NULL,507),
(508,'1141',NULL,'20608076',508),
(509,'559',NULL,NULL,509),
(510,'814',NULL,NULL,510),
(511,'565',NULL,NULL,511),
(512,'816',NULL,'2375697',512),
(513,'818',NULL,'20888851',513),
(514,'567',NULL,NULL,514),
(515,'820',NULL,NULL,515),
(516,'574',NULL,'GROUP.',516),
(517,'828',NULL,NULL,517),
(518,'830',NULL,'187013385',518),
(519,'192',NULL,NULL,519),
(520,'831',NULL,NULL,520),
(521,'576',NULL,NULL,521),
(522,'836',NULL,'2374746',522),
(523,'578',NULL,NULL,523),
(524,'579',NULL,NULL,524),
(525,'840',NULL,NULL,525),
(526,'583',NULL,NULL,526),
(527,'842',NULL,NULL,527),
(528,NULL,NULL,NULL,528),
(529,'845',NULL,'7747901',529),
(530,'593',NULL,'11609890',530),
(531,'594',NULL,NULL,531),
(532,'854',NULL,NULL,532),
(533,'856',NULL,NULL,533),
(534,'858',NULL,NULL,534),
(535,'862',NULL,NULL,535),
(536,'864',NULL,'7212868',536),
(537,'1071',NULL,NULL,537),
(538,'1072',NULL,'12406033',538),
(539,'1076',NULL,NULL,539),
(540,'1078',NULL,NULL,540),
(541,'1082',NULL,NULL,541),
(542,'1086',NULL,NULL,542),
(543,'1088',NULL,'7010805',543),
(544,'1091',NULL,NULL,544),
(545,'1092',NULL,NULL,545),
(546,'1093',NULL,NULL,546),
(547,'1095',NULL,NULL,547),
(548,'1096',NULL,NULL,548),
(549,'1097',NULL,NULL,549),
(550,'865',NULL,NULL,550),
(551,'1098',NULL,NULL,551),
(552,'1104',NULL,NULL,552),
(553,'866',NULL,NULL,553),
(554,'1105',NULL,NULL,554),
(555,'1106',NULL,'1860651',555),
(556,'1107',NULL,NULL,556),
(557,'869',NULL,'7212085',557),
(558,'1108',NULL,NULL,558),
(559,'870',NULL,'13587303',559),
(560,'1109',NULL,NULL,560),
(561,'1025',NULL,'GROUP',561),
(562,'877',NULL,'7454465',562),
(564,'878',NULL,NULL,564),
(565,'879',NULL,'12494185',565),
(566,'880',NULL,NULL,566),
(568,'882',NULL,NULL,568),
(569,NULL,NULL,NULL,569),
(570,'1027',NULL,'21355011',570),
(571,'1029',NULL,NULL,571),
(572,'1030',NULL,'25109272',572),
(573,'1031',NULL,NULL,573),
(574,'1035',NULL,NULL,574),
(575,'1036',NULL,NULL,575),
(576,'1037',NULL,NULL,576),
(577,'1038',NULL,'2390347',577),
(578,'1040',NULL,'13551996',578),
(579,'1041',NULL,NULL,579),
(580,'1042',NULL,NULL,580),
(581,'1043',NULL,'11026979',581),
(582,'1045',NULL,NULL,582),
(583,'1048',NULL,NULL,583),
(584,'884',NULL,'2369811',584),
(585,'886',NULL,'2375893',585),
(586,'887',NULL,NULL,586),
(587,'436',NULL,NULL,587),
(588,'889',NULL,'26310898',588),
(589,'891',NULL,NULL,589),
(590,'893',NULL,NULL,590),
(591,'896',NULL,NULL,591),
(592,'897',NULL,'20464699',592),
(593,'898',NULL,'2208705',593),
(594,'900',NULL,NULL,594),
(595,'902',NULL,NULL,595),
(596,NULL,'A/C 180',NULL,596),
(597,'A/C','A/C167','25237993',597),
(598,NULL,NULL,NULL,598),
(599,'A/C 134','A/C 134','2391954',599),
(600,'A/C 178','A/C 178','29045419',600),
(601,'A/C 177','A/C 177','22393574',601),
(602,'A/C 176','A/C 176','23569561',602),
(603,'A/C 68','A/C 68','27313752',603),
(604,NULL,'A/C 175',NULL,604),
(605,'A/C 174','A/C 174','13476848',605),
(606,'A/C 173','A/C 173','13477887',606),
(607,NULL,'A/C 172','2390765',607),
(608,NULL,'CLOSED',NULL,608),
(609,'A/C 109','A/C 109','20233820',609),
(610,NULL,'A/C 85',NULL,610),
(611,'A/C 168','A/C 168','10798148',611),
(612,NULL,'A/C 11','4517892',612),
(613,NULL,'A/C 130','2391393',613),
(614,'A/C 170','A/C 170','24567631',614),
(615,'A/C 166','A/C 166','29092725',615),
(616,'1171',NULL,NULL,616),
(617,NULL,NULL,NULL,617),
(618,NULL,'A/C 163',NULL,618),
(619,'A/C 162','A/C 162','13588657',619),
(620,'A/C 126','A/C 126','21420176',620),
(621,NULL,'A/C 107','7721498',621),
(622,'A/C 110','A/C 110','22223449',622),
(623,'A/C 25','A/C 25','20191015',623),
(624,'A/C 88','A/C 88','237482',624),
(625,'988',NULL,'11544693',625),
(626,'A/C 159','A/C 159','26339530',626),
(627,'A/C 157','A/C 157','4621512',627),
(628,'A/C 146','A/C 146','22102045',628),
(629,'A/C 154','A/C 154','9355925',629),
(630,'A/C 161','A/C 161','12890701',630),
(631,NULL,'A/C 155','7746685',631),
(632,NULL,'A/C 153',NULL,632),
(633,'A/C 152','A/C 152','22680241',633),
(634,'A/C 151','A/C 151','8697178',634),
(635,'A/C 150','A/C 150','24734155',635),
(636,'A/C 148','A/C 148','2375698',636),
(637,NULL,'A/C 149','99074750',637),
(638,NULL,'A/C 144','2391028',638),
(639,NULL,'A/C 143','9907462',639),
(640,NULL,'A/C 142','2375219',640),
(641,'A/C 56','A/C 56','25133256',641),
(642,'A/C 139','A/C 139','2392873',642),
(643,'A/C 138','A/C 138','13586907',643),
(644,'A/C 137','A/C 137',NULL,644),
(645,'A/C 136','A/C 136','23130398',645),
(646,'A/C 135','A/C 135','23750500',646),
(647,'A/C 41','A/C 41','2222449',647),
(648,'A/C 133','A/C 133','13360232',648),
(649,NULL,'A/C 132','206050700',649),
(650,'A/C 52','A/C 52',NULL,650),
(651,NULL,'A/C 24','2375708',651),
(652,NULL,'A/C 10','11326454',652),
(653,NULL,NULL,NULL,653),
(654,NULL,NULL,NULL,654),
(655,'A/C 60','A/C 60','13588678',655),
(656,NULL,'A/C 23',NULL,656),
(657,'A/C 122','A/C 122','21564569',657),
(658,'A/C 121','A/C 121','21763224',658),
(659,'A/C  120','A/C 120','25702154',659),
(660,'A/C 118','A/C 118',NULL,660),
(661,'A/C 117','A/C 117','13587305',661),
(662,'A/C 116','A/C 116','23059361',662),
(663,'A/C 115','A/C 115','021540',663),
(664,'a/c 113','a/c 113','10460710',664),
(665,'A/C 112','A/C 112','25050660',665),
(666,NULL,'A/C 108',NULL,666),
(667,'A/C 73','A/C 73','7212285',667),
(668,'A/C 69','A/C 69','2374904',668),
(669,'A/C 53','A/C 53','27047273',669),
(670,'A/C 57','A/C 57`','11544023',670),
(671,NULL,NULL,NULL,671),
(672,'A/C 94','A/C 94','245612',672),
(673,'A/C 82','A/C 82','23219538',673),
(674,'A/C 81','A/C 81','10898830',674),
(675,'A/C 03','A/C 03','4249698',675),
(676,'A/C 8',NULL,NULL,676),
(677,NULL,'A/C 55',NULL,677),
(678,'A/C 101','A/C 101','25273606',678),
(679,'A/C 65','A/C 65','0652240',679),
(680,'A/C 105','A/C 105','4249699',680),
(681,NULL,'A/C 102','5210214',681),
(683,NULL,'A/C 100','22524770',683),
(684,NULL,'A/C 103','31772800',684),
(685,'10','10','320205953',685),
(686,'155',NULL,'11694613',686),
(687,'1103',NULL,'27313751',12),
(689,'TRANSFERED',NULL,'23777551',687),
(690,'NHIF',NULL,'9433220',688),
(691,'79',NULL,NULL,689),
(692,NULL,'A/C 51',NULL,682),
(693,'1187',NULL,'133559227',690),
(694,'NHIF1',NULL,'25469871',691),
(695,'22216844',NULL,'22216844',692),
(697,'1188',NULL,'9097662',693),
(698,'CLOSED',NULL,NULL,694),
(699,'2994','52916','77952',156),
(700,'43045','7372','2634',14),
(702,'704',NULL,NULL,406),
(703,'769',NULL,NULL,458),
(704,'1019','0','91960',120),
(705,'1059',NULL,'26277515',695),
(706,'1044',NULL,NULL,696),
(707,'54017','23805','87892',230),
(708,'50',NULL,NULL,697),
(709,'A/C 47','A/C 47','21680932',698),
(710,'A/C 184','A/C 184',NULL,699),
(711,NULL,NULL,NULL,707),
(712,'A/C 185','A/C 185',NULL,708),
(713,'A/C 186','A/C 186',NULL,709),
(714,'A/C 187','A/C 187','40337702',710),
(715,'A/C 188','A/C 188','40337705',711),
(716,NULL,'A/C 189','23933598',712),
(717,NULL,'A/C 190','38948995',713),
(718,'432',NULL,'12548700',714),
(719,'1191',NULL,'30940584',715),
(720,'1190',NULL,'30146485',716),
(721,'1189',NULL,'25684929',717),
(722,NULL,NULL,NULL,718),
(723,NULL,NULL,NULL,719),
(724,'A/C 191','A/C 191','34197634',720),
(725,NULL,'A/C 183','30323461',721);

UNLOCK TABLES;

/*Table structure for table `auth_group` */

DROP TABLE IF EXISTS `auth_group`;

CREATE TABLE `auth_group` (
  `id` int NOT NULL AUTO_INCREMENT,
  `name` varchar(150) COLLATE utf8mb4_general_ci NOT NULL,
  PRIMARY KEY (`id`),
  UNIQUE KEY `name` (`name`)
) ENGINE=InnoDB AUTO_INCREMENT=5 DEFAULT CHARSET=utf8mb4 COLLATE=utf8mb4_general_ci;

/*Data for the table `auth_group` */

LOCK TABLES `auth_group` WRITE;

insert  into `auth_group`(`id`,`name`) values 
(2,'Member'),
(4,'SystemAccountant'),
(1,'SystemAdmin'),
(3,'SystemUser');

UNLOCK TABLES;

/*Table structure for table `auth_group_permissions` */

DROP TABLE IF EXISTS `auth_group_permissions`;

CREATE TABLE `auth_group_permissions` (
  `id` bigint NOT NULL AUTO_INCREMENT,
  `group_id` int NOT NULL,
  `permission_id` int NOT NULL,
  PRIMARY KEY (`id`),
  UNIQUE KEY `auth_group_permissions_group_id_permission_id_0cd325b0_uniq` (`group_id`,`permission_id`),
  KEY `auth_group_permissio_permission_id_84c5c92e_fk_auth_perm` (`permission_id`),
  CONSTRAINT `auth_group_permissio_permission_id_84c5c92e_fk_auth_perm` FOREIGN KEY (`permission_id`) REFERENCES `auth_permission` (`id`) ON DELETE RESTRICT ON UPDATE RESTRICT,
  CONSTRAINT `auth_group_permissions_group_id_b120cbf9_fk_auth_group_id` FOREIGN KEY (`group_id`) REFERENCES `auth_group` (`id`) ON DELETE RESTRICT ON UPDATE RESTRICT
) ENGINE=InnoDB DEFAULT CHARSET=utf8mb4 COLLATE=utf8mb4_general_ci;

/*Data for the table `auth_group_permissions` */

LOCK TABLES `auth_group_permissions` WRITE;

UNLOCK TABLES;

/*Table structure for table `auth_permission` */

DROP TABLE IF EXISTS `auth_permission`;

CREATE TABLE `auth_permission` (
  `id` int NOT NULL AUTO_INCREMENT,
  `name` varchar(255) COLLATE utf8mb4_general_ci NOT NULL,
  `content_type_id` int NOT NULL,
  `codename` varchar(100) COLLATE utf8mb4_general_ci NOT NULL,
  PRIMARY KEY (`id`),
  UNIQUE KEY `auth_permission_content_type_id_codename_01ab375a_uniq` (`content_type_id`,`codename`),
  CONSTRAINT `auth_permission_content_type_id_2f476e4b_fk_django_co` FOREIGN KEY (`content_type_id`) REFERENCES `django_content_type` (`id`) ON DELETE RESTRICT ON UPDATE RESTRICT
) ENGINE=InnoDB AUTO_INCREMENT=89 DEFAULT CHARSET=utf8mb4 COLLATE=utf8mb4_general_ci;

/*Data for the table `auth_permission` */

LOCK TABLES `auth_permission` WRITE;

insert  into `auth_permission`(`id`,`name`,`content_type_id`,`codename`) values 
(1,'Can add permission',1,'add_permission'),
(2,'Can change permission',1,'change_permission'),
(3,'Can delete permission',1,'delete_permission'),
(4,'Can view permission',1,'view_permission'),
(5,'Can add group',2,'add_group'),
(6,'Can change group',2,'change_group'),
(7,'Can delete group',2,'delete_group'),
(8,'Can view group',2,'view_group'),
(9,'Can add user',3,'add_user'),
(10,'Can change user',3,'change_user'),
(11,'Can delete user',3,'delete_user'),
(12,'Can view user',3,'view_user'),
(13,'Can add content type',4,'add_contenttype'),
(14,'Can change content type',4,'change_contenttype'),
(15,'Can delete content type',4,'delete_contenttype'),
(16,'Can view content type',4,'view_contenttype'),
(17,'Can add loan',5,'add_loan'),
(18,'Can change loan',5,'change_loan'),
(19,'Can delete loan',5,'delete_loan'),
(20,'Can view loan',5,'view_loan'),
(21,'Can add user profile',6,'add_userprofile'),
(22,'Can change user profile',6,'change_userprofile'),
(23,'Can delete user profile',6,'delete_userprofile'),
(24,'Can view user profile',6,'view_userprofile'),
(25,'Can add shares',7,'add_shares'),
(26,'Can change shares',7,'change_shares'),
(27,'Can delete shares',7,'delete_shares'),
(28,'Can view shares',7,'view_shares'),
(29,'Can add settings',8,'add_settings'),
(30,'Can change settings',8,'change_settings'),
(31,'Can delete settings',8,'delete_settings'),
(32,'Can view settings',8,'view_settings'),
(33,'Can add registration',9,'add_registration'),
(34,'Can change registration',9,'change_registration'),
(35,'Can delete registration',9,'delete_registration'),
(36,'Can view registration',9,'view_registration'),
(37,'Can add processing',10,'add_processing'),
(38,'Can change processing',10,'change_processing'),
(39,'Can delete processing',10,'delete_processing'),
(40,'Can view processing',10,'view_processing'),
(41,'Can add payments',11,'add_payments'),
(42,'Can change payments',11,'change_payments'),
(43,'Can delete payments',11,'delete_payments'),
(44,'Can view payments',11,'view_payments'),
(45,'Can add passbook',12,'add_passbook'),
(46,'Can change passbook',12,'change_passbook'),
(47,'Can delete passbook',12,'delete_passbook'),
(48,'Can view passbook',12,'view_passbook'),
(49,'Can add nhif',13,'add_nhif'),
(50,'Can change nhif',13,'change_nhif'),
(51,'Can delete nhif',13,'delete_nhif'),
(52,'Can view nhif',13,'view_nhif'),
(53,'Can add cheque',14,'add_cheque'),
(54,'Can change cheque',14,'change_cheque'),
(55,'Can delete cheque',14,'delete_cheque'),
(56,'Can view cheque',14,'view_cheque'),
(57,'Can add capital shares',15,'add_capitalshares'),
(58,'Can change capital shares',15,'change_capitalshares'),
(59,'Can delete capital shares',15,'delete_capitalshares'),
(60,'Can view capital shares',15,'view_capitalshares'),
(61,'Can add balance',16,'add_balance'),
(62,'Can change balance',16,'change_balance'),
(63,'Can delete balance',16,'delete_balance'),
(64,'Can view balance',16,'view_balance'),
(65,'Can add account',17,'add_account'),
(66,'Can change account',17,'change_account'),
(67,'Can delete account',17,'delete_account'),
(68,'Can view account',17,'view_account'),
(69,'Can add log entry',18,'add_logentry'),
(70,'Can change log entry',18,'change_logentry'),
(71,'Can delete log entry',18,'delete_logentry'),
(72,'Can view log entry',18,'view_logentry'),
(73,'Can add session',19,'add_session'),
(74,'Can change session',19,'change_session'),
(75,'Can delete session',19,'delete_session'),
(76,'Can view session',19,'view_session'),
(77,'Can add loan fee',20,'add_loanfee'),
(78,'Can change loan fee',20,'change_loanfee'),
(79,'Can delete loan fee',20,'delete_loanfee'),
(80,'Can view loan fee',20,'view_loanfee'),
(81,'Can add counter',21,'add_counter'),
(82,'Can change counter',21,'change_counter'),
(83,'Can delete counter',21,'delete_counter'),
(84,'Can view counter',21,'view_counter'),
(85,'Can add fines',22,'add_fines'),
(86,'Can change fines',22,'change_fines'),
(87,'Can delete fines',22,'delete_fines'),
(88,'Can view fines',22,'view_fines');

UNLOCK TABLES;

/*Table structure for table `auth_user` */

DROP TABLE IF EXISTS `auth_user`;

CREATE TABLE `auth_user` (
  `id` int NOT NULL AUTO_INCREMENT,
  `password` varchar(128) COLLATE utf8mb4_general_ci NOT NULL,
  `last_login` datetime(6) DEFAULT NULL,
  `is_superuser` tinyint(1) NOT NULL,
  `username` varchar(150) COLLATE utf8mb4_general_ci NOT NULL,
  `first_name` varchar(150) COLLATE utf8mb4_general_ci NOT NULL,
  `last_name` varchar(150) COLLATE utf8mb4_general_ci NOT NULL,
  `email` varchar(254) COLLATE utf8mb4_general_ci NOT NULL,
  `is_staff` tinyint(1) NOT NULL,
  `is_active` tinyint(1) NOT NULL,
  `date_joined` datetime(6) NOT NULL,
  PRIMARY KEY (`id`),
  UNIQUE KEY `username` (`username`)
) ENGINE=InnoDB AUTO_INCREMENT=722 DEFAULT CHARSET=utf8mb4 COLLATE=utf8mb4_general_ci;

/*Data for the table `auth_user` */

LOCK TABLES `auth_user` WRITE;

insert  into `auth_user`(`id`,`password`,`last_login`,`is_superuser`,`username`,`first_name`,`last_name`,`email`,`is_staff`,`is_active`,`date_joined`) values 
(1,'pbkdf2_sha256$600000$LzpAeCtFHoxbdINzSMoI2Z$7TpLLOSUjYX+DcfYgf14gbqy4E79/SKlV/fJrk7hD4o=','2023-07-23 12:12:12.782198',1,'admin','System','Administrator','maxwell.ambenge@jenga-systems.com',1,1,'2023-02-03 10:22:51.291039'),
(12,'6qKgwjWLMh',NULL,0,'0729937074','JUDY','KARIMI','user56475@wauminisacco.co.ke',0,1,'2023-02-16 13:04:11.833299'),
(13,'Z4bdCtRwBz',NULL,0,'0712771012','JOSEPH','MBITI','user16867@wauminisacco.co.ke',0,1,'2023-02-16 13:12:04.337012'),
(14,'e8uAQ33UrN',NULL,0,'0727555693','MISHECK','THURANIRA','user90965@wauminisacco.co.ke',0,1,'2023-02-17 06:23:06.000000'),
(15,'sHUQcdGhu6',NULL,0,'0123456789','C.M.A LAARE ','CENTRE','user88443@wauminisacco.co.ke',0,1,'2023-02-17 06:45:49.399917'),
(16,'FB3nbcgmSf',NULL,0,'0769827717','BORNIFACE','KINYUA  1186','user54632@wauminisacco.co.ke',0,1,'2023-02-17 06:58:18.828847'),
(17,'5uTJ8MM8Tg',NULL,0,'0798504467','LUCY','MUTHONI','user97774@wauminisacco.co.ke',0,1,'2023-02-17 07:02:15.811030'),
(18,'3jF7wa3GsN',NULL,0,'0745053899','TIMOTHY','KARANI','user77664@wauminisacco.co.ke',0,1,'2023-02-17 07:04:31.898009'),
(19,'qrC8gZze9S',NULL,0,'0714902546','ESTHER','MUTHONI','user54196@wauminisacco.co.ke',0,1,'2023-02-17 07:08:20.077740'),
(20,'p6wrRethav',NULL,0,'0718330266','PETER','BAARIU AITHIA','user52221@wauminisacco.co.ke',0,1,'2023-02-17 07:11:53.456926'),
(21,'QBQkN8WgfP',NULL,0,'0723351402','JULANDA','KARIMI GICHUNGE','user54064@wauminisacco.co.ke',0,1,'2023-02-17 07:14:39.211960'),
(22,'JvNEmMHrKn',NULL,0,'0720273202','SABERA','NCORORO JAMES','user28467@wauminisacco.co.ke',0,1,'2023-02-17 07:20:06.954581'),
(23,'U6f9Hza8TY',NULL,0,'0727451432','PAUL','MUGAMBI MATI','user41981@wauminisacco.co.ke',0,1,'2023-02-17 07:23:58.849759'),
(24,'LcP5tunrfj',NULL,0,'0727555694','MISHECK','THURANIRA','user39139@wauminisacco.co.ke',0,1,'2023-02-17 07:27:29.993717'),
(25,'qUbUp6RzBd',NULL,0,'0740032914','MICHUBU','NATHAN MUKARIA','user6894@wauminisacco.co.ke',0,1,'2023-02-17 07:30:48.410674'),
(26,'PP3R5pLWaC',NULL,0,'0726369265','MUTURIA','GERALD  M\'MITHIARU','user8074@wauminisacco.co.ke',0,1,'2023-02-17 07:41:58.163661'),
(27,'pJBaLCPe9K',NULL,0,'0712519296','CHARLES','NKUNJA KABWI','user2070@wauminisacco.co.ke',0,1,'2023-02-17 07:46:39.085582'),
(28,'YwrEWLCKcm',NULL,0,'0702234955','PETER','MUTUMA M\'RUCHIAKA','user18086@wauminisacco.co.ke',0,1,'2023-02-17 07:49:06.785905'),
(29,'BhZwn8yQbQ',NULL,0,'0795097440','AMOS','MUTUMA','user17437@wauminisacco.co.ke',0,1,'2023-02-17 07:54:13.980628'),
(30,'p44MJJ4DqN',NULL,0,'0115588698','PATRICK','MWENDA HILLARIUS','user411@wauminisacco.co.ke',0,1,'2023-02-17 07:57:48.948582'),
(31,'QKEV5JKPy6',NULL,0,'0999999999','BENARD','MWENDIA','user6663@jenga-systems.com',0,1,'2023-02-17 08:05:59.579651'),
(32,'Rrr5fGPf89',NULL,0,'0888888888','DUNCAN','MUTHURI','user5792@wauminisacco.co.ke',0,1,'2023-02-17 08:08:15.000578'),
(33,'JCkRj4s6Sg',NULL,0,'0792581758','JULIAS','KOBIA M\'NJIRA','user3097@wauminisacco.co.ke',0,1,'2023-02-17 08:10:05.755644'),
(34,'cGaXHnL7kr',NULL,0,'0796447106','JOHN','KIRIMI KAITHURU','user89439@wauminisacco.co.ke',0,1,'2023-02-17 08:11:40.228128'),
(35,'4D7ZaftzYc',NULL,0,'0723788929','KENFRY','MUTETHIA','user99865@wauminisacco.co.ke',0,1,'2023-02-17 08:13:15.142260'),
(36,'yXAvgqFe4m',NULL,0,'0777777777','GUSTO','MUTURA MAORE','user66839@wauminisacco.co.ke',0,1,'2023-02-17 08:15:35.111773'),
(37,'tJmmELVzsz',NULL,0,'0666666666','SASINTA','KABARUA','user67549@wauminisacco.co.ke',0,1,'2023-02-17 08:17:23.721148'),
(38,'yaW4SaMsLn',NULL,0,'0713396993','WILLIAM','KANAMPIU MWENDA','user57754@jenga-systems.com',0,1,'2023-02-17 08:19:22.124017'),
(39,'k9DE9VGpWN',NULL,0,'0711985565','SABINA','NCORORO','user46172@wauminisacco.co.ke',0,1,'2023-02-17 08:21:38.237912'),
(40,'9EDT2WsZPD',NULL,0,'0704238378','DOREEN','KATHURE DOUGLAS','user5720@wauminisacco.co.ke',0,1,'2023-02-17 08:24:07.490273'),
(41,'wC3jBuNsug',NULL,0,'0722461065','EMILY','KANANU KABURU','user42253@wauminisacco.co.ke',0,1,'2023-02-17 08:25:51.065874'),
(42,'X7fWzbYhPy',NULL,0,'0768632257','SIMON','MWENDA  MATIA','user69454@jenga-systems.com',0,1,'2023-02-17 08:28:03.793210'),
(43,'sHsqSXMX7N',NULL,0,'0790570451','KELVIN','MUTWIRI GERALD','user60630@wauminisacco.co.ke',0,1,'2023-02-17 08:33:29.317449'),
(44,'h7AZ5TRR7F',NULL,0,'0728882700','MOSES','MUGAMBI','user4188@wauminisacco.co.ke',0,1,'2023-02-17 08:35:25.250474'),
(45,'uEhExjZsKK',NULL,0,'0712159496','SEBERINO','MUTEGI','user71549@wauminisacco.co.ke',0,1,'2023-02-17 08:36:47.322128'),
(46,'ZvRTAFFvP6',NULL,0,'0743570678','ISAAC','ITHALII','user40105@wauminisacco.co.ke',0,1,'2023-02-17 08:38:17.604585'),
(47,'Rh6FAgsFcB',NULL,0,'0726128185','ESTHER','KABUI','user55379@wauminisacco.co.ke',0,1,'2023-02-17 08:39:40.940055'),
(48,'zM5zpFe4cJ',NULL,0,'0703195350','MARTHA','MUKOMOA','user43730@wauminisacco.co.ke',0,1,'2023-02-17 08:51:59.130367'),
(49,'36etjDHQwD',NULL,0,'0757227199','GEORGE','MUTUMA LAWRENCE','user82237@wauminisacco.co.ke',0,1,'2023-02-17 08:54:45.962990'),
(50,'WJTYf4eTGb',NULL,0,'0711774438','LAWRENCE','KOBIA KIECHA','user44727@wauminisacco.co.ke',0,1,'2023-02-17 08:58:22.700894'),
(51,'smqcuM5vVY',NULL,0,'0726138116','JOSEPH','MURITHI NYAGA','user32687@wauminisacco.co.ke',0,1,'2023-02-17 09:08:07.350972'),
(52,'t7WqrMngEE',NULL,0,'0728731062','JACOB','MEEME','user71969@wauminisacco.co.ke',0,1,'2023-02-17 09:09:39.111790'),
(53,'wd3XYQrsL5',NULL,0,'0704442931','HARRIET','WANJA','user47399@wauminisacco.co.ke',0,1,'2023-02-17 09:12:36.085246'),
(55,'vv2dtsYLu6',NULL,0,'0728769023','JOSEPH','KIRIANKI','user60608@wauminisacco.co.ke',0,1,'2023-02-17 09:19:00.485232'),
(56,'RdJsw7dxp2',NULL,0,'0706136022','LUCY','KALOKI','user68928@wauminisacco.co.ke',0,1,'2023-02-17 09:20:17.510591'),
(57,'qG4uWbbtCb',NULL,0,'0715569889','REGINA','KAGENDO','user73014@wauminisacco.co.ke',0,1,'2023-02-17 09:21:37.730177'),
(58,'SLCX6hLR3x',NULL,0,'0713069206','M\'ETIRITHIA','M\'KIUNGA','user65626@wauminisacco.co.ke',0,1,'2023-02-17 09:23:25.081104'),
(59,'EvxdLURDZz',NULL,0,'0727995353','JOSEPH','MIAKA M\'RINJIRU','user23487@wauminisacco.co.ke',0,1,'2023-02-17 09:25:13.307814'),
(60,'gDG5wYWjuW',NULL,0,'0711423350','ROSEMARY','M\'LORO NJILU','user16088@wauminisacco.co.ke',0,1,'2023-02-17 09:27:09.323573'),
(61,'srVQbrQPhQ',NULL,0,'0717920267','CATHERINE','KARIMI','user51306@wauminisacco.co.ke',0,1,'2023-02-17 09:44:26.532365'),
(62,'CSRnggxjjP',NULL,0,'0712278751','NAMAN','GITONGA','user23174@wauminisacco.co.ke',0,1,'2023-02-17 09:50:35.936715'),
(63,'UhhGnwnh8a',NULL,0,'0106272037','MERCY','KARUGI A/C 181','user77066@wauminisacco.co.ke',0,1,'2023-02-17 09:52:10.439477'),
(64,'DNsPeGPAvj',NULL,0,'0719524603','MORRIS','KIREMA','user65133@wauminisacco.co.ke',0,1,'2023-02-17 09:54:10.875207'),
(65,'nEZ3JgXkNU',NULL,0,'0720056787','KAWIRA','FRIDAH','user18006@wauminisacco.co.ke',0,1,'2023-02-17 09:56:41.077569'),
(66,'VY8hxeH8aH',NULL,0,'0727631534','FR NICHOLAS','MWIRIGI','user268@wauminisacco.co.ke',0,1,'2023-02-17 09:58:43.372444'),
(68,'C3e8YBn9hL',NULL,0,'0700133892','PENINA','KAGWIRIA MUKILA','user15990@wauminisacco.co.ke',0,1,'2023-02-17 10:03:22.440740'),
(69,'WN9bfmDpp6',NULL,0,'0799999999','SUSAN  KAGENDO','KABIRO','user40073@wauminisacco.co.ke',0,1,'2023-02-17 10:09:03.880159'),
(70,'sv9vbkRDLa',NULL,0,'0724230858','ISAKA NKIIRI D.M','MUCHEKE','user70645@wauminisacco.co.ke',0,1,'2023-02-17 10:13:11.939739'),
(71,'6sKz9V2Xeq',NULL,0,'0714586751','JENIFFER','NCORORO MARETE','user61349@wauminisacco.co.ke',0,1,'2023-02-17 10:15:36.564257'),
(72,'XubP7rBJRP',NULL,0,'0555556666','MARGARET','NKIROTE','user51013@wauminisacco.co.ke',0,1,'2023-02-17 10:17:28.056992'),
(73,'FxZuSD3mQ6',NULL,0,'0111333222','FRANCIS','NGERA','user98240@wauminisacco.co.ke',0,1,'2023-02-17 10:19:09.337589'),
(74,'SLdtBxrjV9',NULL,0,'0633666999','JOHANA','KAMANJA','user44916@wauminisacco.co.ke',0,1,'2023-02-17 10:20:29.853900'),
(75,'cjyA7JgCqu',NULL,0,'0554444111','GEREVASIO','KUBAI','user53729@wauminisacco.co.ke',0,1,'2023-02-17 10:22:23.143946'),
(76,'MbqUPUQpKW',NULL,0,'0724655738','SALESTINO','KAMENCU','user51981@wauminisacco.co.ke',0,1,'2023-02-17 10:23:33.308454'),
(77,'8ek5K4vC8U',NULL,0,'0333777777','JULIUS','MURITHI','user40985@wauminisacco.co.ke',0,1,'2023-02-17 10:25:14.440908'),
(78,'De5TGpbE4R',NULL,0,'0723491676','JUSTUS','MARETE','user82546@wauminisacco.co.ke',0,1,'2023-02-17 10:26:58.768633'),
(79,'EfDrUHE2fL',NULL,0,'0798976966','SIMON','NTOITHA','user52762@wauminisacco.co.ke',0,1,'2023-02-17 10:29:07.018732'),
(80,'NsSf3yre2z',NULL,0,'0710899867','PAUL','M\'MAROO','user23959@wauminisacco.co.ke',0,1,'2023-02-17 10:33:07.116931'),
(81,'9Mj8PxYFgf',NULL,0,'0721837562','ANDREW','KIBURI','user20357@wauminisacco.co.ke',0,1,'2023-02-17 10:34:53.950071'),
(82,'LprwGUPzMj',NULL,0,'0710397103','CATHERINE','THIRINDI  FRANCIS','user65205@wauminisacco.co.ke',0,1,'2023-02-17 10:36:14.579213'),
(83,'QtjmJkVYqj',NULL,0,'0702799027','DAVID','MUCHENA','user72007@wauminisacco.co.ke',0,1,'2023-02-17 10:37:27.724148'),
(84,'DLLq4amYG9',NULL,0,'0710422176','JOSEPH','MUTWIRI','user50608@wauminisacco.co.ke',0,1,'2023-02-17 10:39:04.418407'),
(85,'GdqhrZRhgW',NULL,0,'0888999777','SALESIO','MUKARIA','user38045@wauminisacco.co.ke',0,1,'2023-02-17 10:42:10.414037'),
(86,'FXSmAQxVJP',NULL,0,'0724692897','GRACE','NCORORO','user98485@wauminisacco.co.ke',0,1,'2023-02-17 10:43:43.568397'),
(87,'48usSk7XaV',NULL,0,'0790518165','STANLEY','MAORE','user6103@wauminisacco.co.ke',0,1,'2023-02-17 10:48:20.738004'),
(88,'wpySyFevDF',NULL,0,'0711720086','RUTH','KANANU','user98067@wauminisacco.co.ke',0,1,'2023-02-17 10:49:56.862177'),
(89,'zAunP9AWTw',NULL,0,'0710144699','LAWRENCE','MEEME','user22230@wauminisacco.co.ke',0,1,'2023-02-17 10:51:03.447812'),
(90,'xqLkgSqvT3',NULL,0,'0708461573','SALESTINO','MURURU','user35468@wauminisacco.co.ke',0,1,'2023-02-17 10:53:01.157672'),
(91,'ZKuxS6dgzS',NULL,0,'0712501275','FRANCIS','MULIUKI','user37788@wauminisacco.co.ke',0,1,'2023-02-17 10:54:21.156262'),
(92,'cZV2pgUXUF',NULL,0,'0713334688','M\'UTHAKA','M\'MUCHEKE SHARES','user73071@wauminisacco.co.ke',0,1,'2023-02-17 10:55:36.352676'),
(93,'FHfc2akrzh',NULL,0,'0452333221','JENIFFER','MUROKI','user46551@wauminisacco.co.ke',0,1,'2023-02-17 10:57:09.028741'),
(94,'FUHjCp2BqC',NULL,0,'0720410193','ANDREW','MURIUKI','user37293@wauminisacco.co.ke',0,1,'2023-02-17 10:58:23.291019'),
(95,'uBzWzC8RYH',NULL,0,'0718824141','SHADRACK','MWITHALII','user73652@wauminisacco.co.ke',0,1,'2023-02-17 10:59:54.461496'),
(96,'5sLVsUJ5Nq',NULL,0,'0712813025','CATHERINE','KAMAMI','user94603@wauminisacco.co.ke',0,1,'2023-02-17 11:01:55.267131'),
(97,'B7PjC6cKEQ',NULL,0,'0796507665','MARTHA  KALANGI',' MUSA','user68447@wauminisacco.co.ke',0,1,'2023-02-17 11:03:29.174662'),
(98,'QQqhxfCb9z',NULL,0,'0753133469','JAPHET','KAUMBUTHU','user35384@wauminisacco.co.ke',0,1,'2023-02-17 11:04:47.517181'),
(99,'6rjhVVrR3f',NULL,0,'0799999333','WILLIAM','NGOLUA','user50902@wauminisacco.co.ke',0,1,'2023-02-17 11:06:22.794229'),
(100,'e8EhkFGqbt',NULL,0,'0706911975','SAWERIA','ATIA','user51069@jenga-systems.com',0,1,'2023-02-17 11:19:30.556578'),
(101,'6kwQCeMgLQ',NULL,0,'0702336489','EUNICE','KARAMBU','user89905@wauminisacco.co.ke',0,1,'2023-02-17 11:20:55.609529'),
(102,'ZceMkTx4CQ',NULL,0,'0712871725','PETER','NTONGAI','user52228@wauminisacco.co.ke',0,1,'2023-02-17 11:22:27.062301'),
(103,'bxAFmYYgCx',NULL,0,'0702810422','SARAH','MUKOMBIRO','user51276@wauminisacco.co.ke',0,1,'2023-02-17 11:23:53.082977'),
(104,'HJNwHBPzFv',NULL,0,'0720808219','SAWERIA','MWINGWA','user68576@wauminisacco.co.ke',0,1,'2023-02-17 11:25:32.418660'),
(105,'3GGxjMk3ha',NULL,0,'0721883902','ISAAC','NTARANGWI','user45181@wauminisacco.co.ke',0,1,'2023-02-17 11:32:44.227608'),
(106,'4gmMEMssM5',NULL,0,'0719281700','ROSE','MATHETA','user62610@wauminisacco.co.ke',0,1,'2023-02-17 11:34:13.789979'),
(107,'wPAKLD7rj8',NULL,0,'0211111111','FAITH','KANANU','user16803@wauminisacco.co.ke',0,1,'2023-02-17 11:36:33.745363'),
(108,'y2CpSwVj4D',NULL,0,'0724700274','MWITI','KABERIA','user23406@wauminisacco.co.ke',0,1,'2023-02-17 11:38:14.861761'),
(109,'YZtDvZC8CG',NULL,0,'0720808218','AGNES','NCABANI','user49860@wauminisacco.co.ke',0,1,'2023-02-17 11:39:46.002975'),
(110,'udyp5GQXYT',NULL,0,'0711850144','MARY','KAGENDO','user52880@wauminisacco.co.ke',0,1,'2023-02-17 11:41:52.466055'),
(111,'VFr6hjf2s3',NULL,0,'0712880887','JOHN','BAIMUNYA','user9074@wauminisacco.co.ke',0,1,'2023-02-17 11:45:32.256129'),
(112,'tuPgRkuDjw',NULL,0,'0777777770','EUNICE','KAGENDO','user1808@wauminisacco.co.ke',0,1,'2023-02-17 11:47:50.021932'),
(113,'xLjuF4zGxB',NULL,0,'0740639592','MARY','MUKORWATA','user10497@wauminisacco.co.ke',0,1,'2023-02-17 11:58:46.872563'),
(114,'3uzANK4ChW',NULL,0,'0700000000','EUNICE','KANANU','user14315@wauminisacco.co.ke',0,1,'2023-02-17 12:00:21.393914'),
(115,'Xy3GdV5CpW',NULL,0,'0700000002','MERCY','KATHAMBI','user87901@wauminisacco.co.ke',0,1,'2023-02-17 12:03:59.072219'),
(116,'DHCXWcWTaz',NULL,0,'0728134590','EDDA','GACHERI','user27641@wauminisacco.co.ke',0,1,'2023-02-17 12:05:14.435090'),
(117,'BZjeYRAdh6',NULL,0,'0700000003','EVALYNE','GAKII','user31782@wauminisacco.co.ke',0,1,'2023-02-17 12:06:26.402264'),
(118,'JBmVUVFEdd',NULL,0,'0790568887','RUTH','NKATHA','user32800@wauminisacco.co.ke',0,1,'2023-02-17 12:07:48.392981'),
(119,'EX4SJwKxse',NULL,0,'0700000009','RUTH','KAUMA','user70079@wauminisacco.co.ke',0,1,'2023-02-17 12:08:56.626968'),
(120,'TaLgssu36x',NULL,0,'0726162350','MIRITI','CEASER MWIRABUA','user486@wauminisacco.co.ke',0,1,'2023-02-17 12:11:44.000000'),
(121,'HraKEkfwcA',NULL,0,'0735295910','NKOROI','ITUTA','user82827@wauminisacco.co.ke',0,1,'2023-02-17 12:13:26.516826'),
(122,'6XmNEms2tq',NULL,0,'0700000001','LINJOKA','CMA','user22809@wauminisacco.co.ke',0,1,'2023-02-17 12:20:24.292797'),
(123,'Z2949TPWLd',NULL,0,'0725638848','MUTUMA','M\'IMAANA','user43577@wauminisacco.co.ke',0,1,'2023-02-17 12:24:57.382614'),
(124,'zULBsFSZgE',NULL,0,'0723070168','LAWRENCE','KOBIA','user37675@wauminisacco.co.ke',0,1,'2023-02-17 12:26:41.838249'),
(125,'5acTV46fd5',NULL,0,'0721377172','LUCY','KINYA ZAKAYO','user80852@wauminisacco.co.ke',0,1,'2023-02-17 12:28:37.510758'),
(126,'72tDGL7eCa',NULL,0,'0713382078','SUSAN','MWAKACIU','user44860@wauminisacco.co.ke',0,1,'2023-02-17 12:30:45.802143'),
(127,'UNECuddPUR',NULL,0,'0714459811','DANIEL','KARURU','user29463@wauminisacco.co.ke',0,1,'2023-02-17 12:32:32.522379'),
(128,'BHZvg9Kdhk',NULL,0,'0714259423','REGINA','KAREMA','user72706@wauminisacco.co.ke',0,1,'2023-02-17 12:35:54.686245'),
(129,'ZuEq4KJU5f',NULL,0,'0722454885','KENNETH','KIMATHI','user15135@wauminisacco.co.ke',0,1,'2023-02-17 12:37:23.548029'),
(130,'VN4YevJts2',NULL,0,'0715464617','WILLIAM','NTONGAI','user17257@wauminisacco.co.ke',0,1,'2023-02-17 12:39:03.619951'),
(131,'eEFU5S6MgE',NULL,0,'0700000012','MARGARET','KANANU','user18192@wauminisacco.co.ke',0,1,'2023-02-17 12:40:24.377621'),
(132,'uNvCMVMfPj',NULL,0,'0700900228','REGINA','KANUNGUCIA','user39162@wauminisacco.co.ke',0,1,'2023-02-17 12:43:03.813505'),
(133,'K92jkaJsdt',NULL,0,'0741859300','JUSTO','MWENDA','user25368@wauminisacco.co.ke',0,1,'2023-02-17 12:44:30.490667'),
(134,'KtAhxAHPeu',NULL,0,'0727912366','PETER','MWATHIMBA','user59005@wauminisacco.co.ke',0,1,'2023-02-17 12:45:48.407366'),
(135,'XdRsmkCR6C',NULL,0,'0724044724','FLORAH','NKATHA','user83095@wauminisacco.co.ke',0,1,'2023-02-17 12:48:15.114915'),
(136,'GYDK95txBN',NULL,0,'0743354198','ALEX','THURANIRA','user18623@wauminisacco.co.ke',0,1,'2023-02-17 12:49:43.820666'),
(137,'4Ujrg7sZct',NULL,0,'0713539758','PATRICK','KIMATHI NKUNJA.','user10910@wauminisacco.co.ke',0,1,'2023-02-17 12:53:03.762000'),
(138,'wV7QSPUhRB',NULL,0,'0728211801','FRANCISCO','MWENDA','user96514@wauminisacco.co.ke',0,1,'2023-02-17 12:54:50.448080'),
(139,'EEtnmqEpvZ',NULL,0,'0111111111','GERALD','KITHIA','user56048@wauminisacco.co.ke',0,1,'2023-02-17 12:56:24.011361'),
(140,'PFaZUWXguU',NULL,0,'0718416417','JACOB','MUTUMA','user1123@wauminisacco.co.ke',0,1,'2023-02-17 12:58:59.166301'),
(141,'258DQCWUHv',NULL,0,'0722222222','MWENDA','EDWARD','user89625@wauminisacco.co.ke',0,1,'2023-02-17 13:00:29.689827'),
(142,'PHxFJvhm9s',NULL,0,'0701626512','PAULINA','KAGWIRIA','user19324@wauminisacco.co.ke',0,1,'2023-02-17 13:01:48.123665'),
(143,'rhYJm8tDMu',NULL,0,'0120000000','JACOB','NJILU','user8311@wauminisacco.co.ke',0,1,'2023-02-17 13:03:54.345495'),
(144,'q69y76V4TL',NULL,0,'0700000035','ERASTUS','KOBIA','user63139@wauminisacco.co.ke',0,1,'2023-02-17 13:05:43.486147'),
(145,'c4NfdYBP5s',NULL,0,'0729246518','REGINA','KARIMI','user37258@wauminisacco.co.ke',0,1,'2023-02-17 13:08:26.739265'),
(146,'rPX2mxMKC9',NULL,0,'0721374722','FLORAH','ATHIAMBI','user45037@wauminisacco.co.ke',0,1,'2023-02-17 13:10:02.752168'),
(147,'gkDjBaTgXT',NULL,0,'0724109039','KENNEDY','MWENDA','user41864@wauminisacco.co.ke',0,1,'2023-02-17 13:11:46.686077'),
(148,'4MXbC3tmW2',NULL,0,'0722222223','JOSEPHINE','KAARI','user25595@wauminisacco.co.ke',0,1,'2023-02-17 13:19:50.499811'),
(149,'RBad7YUp9p',NULL,0,'0122233333','ZABERIO','KABERIA','user32973@wauminisacco.co.ke',0,1,'2023-02-17 13:22:25.741204'),
(150,'vRwtDH923f',NULL,0,'0727881183','ALICE','NKATHA','user74144@wauminisacco.co.ke',0,1,'2023-02-17 13:30:13.294385'),
(151,'sCwWZTfTHj',NULL,0,'0713013756','MARGARET','NCORORO','user31033@wauminisacco.co.ke',0,1,'2023-02-17 13:31:59.474101'),
(152,'QeFp4mYkWD',NULL,0,'0715821714','JOSEPHINE','NCORORO','user79337@wauminisacco.co.ke',0,1,'2023-02-17 13:33:36.179941'),
(153,'t2Xcf2cXdX',NULL,0,'0712413225','JENIFFER','KATHURE BERNARD','user71818@wauminisacco.co.ke',0,1,'2023-02-17 13:35:29.133319'),
(154,'FfdZyDWJt6',NULL,0,'0725806130','JOSEPH','GATHIRWA','user65178@wauminisacco.co.ke',0,1,'2023-02-17 13:36:59.973001'),
(155,'cNajaJtmUz',NULL,0,'0711640407','PETER','MWETI','user8549@wauminisacco.co.ke',0,1,'2023-02-17 13:38:29.752867'),
(156,'cPuqYdTzTa',NULL,0,'0728496500','BENARD','KUBAI','user70968@wauminisacco.co.ke',0,1,'2023-02-18 06:34:53.324583'),
(157,'33x9r3x4F7',NULL,0,'0728384342','ANDREW','MBAABU  M\'LIRIA','user39926@wauminisacco.co.ke',0,1,'2023-02-18 06:58:33.013769'),
(158,'YUFqXXVqYh',NULL,0,'0714634858','SESSARY','MATI','user85983@wauminisacco.co.ke',0,1,'2023-02-18 07:00:06.619414'),
(159,'ngnGQEmD7V',NULL,0,'0703469893','SEVERINA','KABUTIA','user93077@wauminisacco.co.ke',0,1,'2023-02-18 07:02:20.592423'),
(160,'TakjFPhesM',NULL,0,'0799944666','DORIS','MUKIRI','user25885@wauminisacco.co.ke',0,1,'2023-02-18 07:05:31.797862'),
(161,'yxQBLfrVdP',NULL,0,'0702424999','BEATRICE','MUTUKU','user12757@wauminisacco.co.ke',0,1,'2023-02-18 07:07:07.519054'),
(162,'24mue7CJdh',NULL,0,'0733334444','ALBERITO','M\'MAUTA','user92738@wauminisacco.co.ke',0,1,'2023-02-18 07:08:44.453423'),
(163,'B2wPwfdJpJ',NULL,0,'0724231858','NCORORO','ISAKA D.M','user59379@wauminisacco.co.ke',0,1,'2023-02-18 07:10:28.974662'),
(164,'GT5z2kMLEN',NULL,0,'0799955555','SEBASTIAN','KUBAI','user46883@jenga-systems.com',0,1,'2023-02-18 07:14:15.314630'),
(165,'fraufr4ybj',NULL,0,'0799955553','SEBASTIAN','KUBAI','user75283@wauminisacco.co.ke',0,1,'2023-02-18 07:14:26.894388'),
(166,'Da99FjDpgG',NULL,0,'0788888555','SUSAN','KARAMBU','user26665@wauminisacco.co.ke',0,1,'2023-02-18 07:17:05.996238'),
(167,'WBX7ZYs39h',NULL,0,'0731149193','JEREMIAH','M\'NCHEBERE','user25759@wauminisacco.co.ke',0,1,'2023-02-18 07:21:01.359439'),
(168,'P9yYaF7p65',NULL,0,'0716300344','IBRAHIM','ITHALII','user90941@wauminisacco.co.ke',0,1,'2023-02-18 07:22:23.742650'),
(169,'ve86bAgKGG',NULL,0,'0728163251','JOSEPH','MUREA','user86878@wauminisacco.co.ke',0,1,'2023-02-18 07:23:50.626758'),
(170,'m5wWGzeXKJ',NULL,0,'0733366888','ANDREW','MUTUMA','user17706@wauminisacco.co.ke',0,1,'2023-02-18 07:25:15.743897'),
(171,'L48tzHDNuV',NULL,0,'0792636173','PAUL','GUANTAI','user68785@wauminisacco.co.ke',0,1,'2023-02-18 07:26:31.788494'),
(172,'WMJVNrepZc',NULL,0,'0712879672','MARK','MUNGANIA','user27160@wauminisacco.co.ke',0,1,'2023-02-18 07:28:22.344344'),
(173,'LrMSBXw4e3',NULL,0,'0722226664','GEREMIAH','MITHIKA','user90027@wauminisacco.co.ke',0,1,'2023-02-18 07:29:46.713871'),
(174,'fA82davFSy',NULL,0,'0724555692','JOHN','MIRITI M\'ITHAII','user49580@wauminisacco.co.ke',0,1,'2023-02-18 07:30:57.388594'),
(175,'pCwX2scS6Q',NULL,0,'0722283759','ANDREW','MUROKI NTONGAI','user66551@wauminisacco.co.ke',0,1,'2023-02-18 07:32:41.873968'),
(176,'5LNCYJCr2u',NULL,0,'0718437963','CHARITY','KAMAMI','user77168@wauminisacco.co.ke',0,1,'2023-02-18 07:33:57.129739'),
(177,'cCsWHP6Pr9',NULL,0,'0726043540','LUKA','KABERIA M\'LIRIA','user65258@wauminisacco.co.ke',0,1,'2023-02-18 07:37:11.735587'),
(178,'Tbq5rvEEjp',NULL,0,'0726043541','LUKE','KABERIA','user56942@wauminisacco.co.ke',0,1,'2023-02-18 07:37:32.499757'),
(179,'sXUzXvs9es',NULL,0,'0721491229','PETER','MEEME M\'ABUAMBI','user7842@wauminisacco.co.ke',0,1,'2023-02-18 07:38:54.265308'),
(180,'4UHdVWVjg4',NULL,0,'0717485750','CHARLES ONESMUS','MITHIKA','user67465@wauminisacco.co.ke',0,1,'2023-02-18 07:40:55.658373'),
(181,'6NVrk7YFYv',NULL,0,'0766332111','NKIIRI','MMUTHUIBA','user89704@wauminisacco.co.ke',0,1,'2023-02-18 07:42:10.251050'),
(182,'S8MA6d2yP8',NULL,0,'0789644441','JACOB','KABERIA','user67315@wauminisacco.co.ke',0,1,'2023-02-18 07:43:49.402481'),
(183,'vhebMMNyN5',NULL,0,'0769033032','MARY ATIA','JACOMINO A/C 182','user34363@wauminisacco.co.ke',0,1,'2023-02-18 07:45:17.861035'),
(184,'6PzWNaThTs',NULL,0,'0723836437','JOHNBOSCO','NJOROGE','user82968@wauminisacco.co.ke',0,1,'2023-02-18 07:48:47.600927'),
(185,'Y6uRNPH3LR',NULL,0,'0711122233','MARTHA CIERURI','MATI','user33053@wauminisacco.co.ke',0,1,'2023-02-18 07:50:41.590808'),
(186,'BMx9g7c2Za',NULL,0,'0729382487','EDWARD','MUREGA','user60926@wauminisacco.co.ke',0,1,'2023-02-18 07:51:52.829792'),
(187,'u8npWpqTVT',NULL,0,'0716659004','ROSE','KANARIO  M\'ETIRIKIA','user2567@wauminisacco.co.ke',0,1,'2023-02-18 07:53:11.914865'),
(188,'9zvBuNmGNS',NULL,0,'0744415656','DORIS','MAKENA','user6526@wauminisacco.co.ke',0,1,'2023-02-18 07:54:37.995273'),
(189,'tYmMUU5BU3',NULL,0,'0706680650','LUKA NTONJERA','MAERIA','user13742@wauminisacco.co.ke',0,1,'2023-02-18 07:55:56.786868'),
(190,'cXJ7XtTtXn',NULL,0,'0333556621','SUSAN','MURAIWA','user38097@jenga-systems.com',0,1,'2023-02-18 07:57:30.290059'),
(191,'NMHkCqVxqs',NULL,0,'0702888578','KANORU','KAMURU','user67902@wauminisacco.co.ke',0,1,'2023-02-18 07:59:04.292033'),
(192,'7BPzLXaBJZ',NULL,0,'0724960378','LUKE','MUTHEE','user14482@wauminisacco.co.ke',0,1,'2023-02-18 08:00:12.925994'),
(193,'k2pfPLLf3P',NULL,0,'0723286846','JANE NJERI','KAUMBUTHU','user81524@wauminisacco.co.ke',0,1,'2023-02-18 08:02:21.024635'),
(194,'jjbR2hZTRm',NULL,0,'0729246517','PAULINA','THIRINDI','user57270@wauminisacco.co.ke',0,1,'2023-02-18 08:05:04.634576'),
(195,'AkJXVkWxZX',NULL,0,'0721724460','LUCY','NKIROTE','user75254@wauminisacco.co.ke',0,1,'2023-02-18 08:32:12.763941'),
(196,'ASVEDcqz2T',NULL,0,'0710204906','GLADYS','KANANU','user58742@wauminisacco.co.ke',0,1,'2023-02-18 08:33:48.143099'),
(197,'Z4wzRaf9kz',NULL,0,'0733322580','RUTH','INYINGI','user60216@wauminisacco.co.ke',0,1,'2023-02-18 08:36:38.596721'),
(198,'XLnVfgTa8A',NULL,0,'0796044606','VERONICA','INOKOBIA','user6586@wauminisacco.co.ke',0,1,'2023-02-18 08:38:39.678901'),
(199,'NYXnLJ2srQ',NULL,0,'0722222100','SABINA','MUKONJIA','user74764@wauminisacco.co.ke',0,1,'2023-02-18 08:39:56.126117'),
(200,'8zgnW9LtXJ',NULL,0,'0718416408','VIRGILIOUS','MUNJIA','user9968@wauminisacco.co.ke',0,1,'2023-02-18 08:41:36.860940'),
(201,'NXds29YCZk',NULL,0,'0710774516','DAVID','MUNGATHIA','user38329@wauminisacco.co.ke',0,1,'2023-02-18 08:44:03.734830'),
(202,'j5MMc4cXJD',NULL,0,'0755555333','SILAS','BAARIU','user96050@wauminisacco.co.ke',0,1,'2023-02-18 08:45:20.064411'),
(203,'WEVeP7GgLz',NULL,0,'0722283757','JERUSHA','INOMBAABU','user70416@wauminisacco.co.ke',0,1,'2023-02-18 08:47:29.439143'),
(204,'BWdmFdqVj9',NULL,0,'0726178227','JANE','KANYUA MWIRABUA','user61046@wauminisacco.co.ke',0,1,'2023-02-18 08:48:53.266386'),
(205,'NvVzsYFnfd',NULL,0,'0799034048','MIRITI','KALAINE','user28919@wauminisacco.co.ke',0,1,'2023-02-18 08:50:03.628669'),
(206,'wbQxuKvRE2',NULL,0,'0705733479','JULIUS','KAUNYANGI','user695@wauminisacco.co.ke',0,1,'2023-02-18 08:51:30.964323'),
(207,'mrrwDNg4k6',NULL,0,'0712501276','JANE','KARIMI MUTURA','user82917@wauminisacco.co.ke',0,1,'2023-02-18 08:53:49.866941'),
(208,'SrwmYQtuHP',NULL,0,'0723426299','LILIAN','KARUTHU','user76180@wauminisacco.co.ke',0,1,'2023-02-18 08:55:00.288078'),
(209,'pKqU5vK6cP',NULL,0,'0105433687','KIECHA','BAITHIBUTU','user33051@wauminisacco.co.ke',0,1,'2023-02-18 08:57:54.948509'),
(210,'cBmDxc3kpF',NULL,0,'0784444456','JOSEPH','KIRIMI','user33164@wauminisacco.co.ke',0,1,'2023-02-18 08:59:28.534417'),
(211,'7zG9WsnVKg',NULL,0,'0792858723','JOSEPH','MUTURIA','user31614@wauminisacco.co.ke',0,1,'2023-02-18 09:01:07.940583'),
(212,'MMsNFj2aKa',NULL,0,'0723333366','PENINAH','GICHUNGE','user44272@wauminisacco.co.ke',0,1,'2023-02-18 09:02:52.821890'),
(213,'L5ZfsNuM6d',NULL,0,'0784444777','FAITH','KAARI KAMAU','user17518@wauminisacco.co.ke',0,1,'2023-02-18 09:04:39.976397'),
(214,'j9Z8DY2QkJ',NULL,0,'0719812138','JEREMIAH','MIRITI','user29986@wauminisacco.co.ke',0,1,'2023-02-18 09:05:50.960592'),
(215,'BKdGHMsEAL',NULL,0,'0721828139','SEVERINA','NCORORO','user62784@wauminisacco.co.ke',0,1,'2023-02-18 09:07:16.849846'),
(216,'YgdaxTfzUy',NULL,0,'0705337706','JACOB','ITHALII','user11907@wauminisacco.co.ke',0,1,'2023-02-18 09:09:08.968986'),
(217,'6uAdraTHe9',NULL,0,'0722225555','JOANINA','KATHONI','user53392@wauminisacco.co.ke',0,1,'2023-02-18 09:10:15.529854'),
(218,'rFyxsep5tg',NULL,0,'0733334466','MISHECK','MWENDA','user8434@wauminisacco.co.ke',0,1,'2023-02-18 09:11:28.418962'),
(219,'a79eCPYnZu',NULL,0,'0733366887','MARGARET','MUKOITI','user90176@wauminisacco.co.ke',0,1,'2023-02-18 09:12:34.651677'),
(220,'favjk5NnF6',NULL,0,'0766555441','GRACE','KARAMBU','user91208@wauminisacco.co.ke',0,1,'2023-02-18 09:13:54.365598'),
(221,'MzGZnRw69M',NULL,0,'0788999888','JENIFER','NKATHA','user92985@wauminisacco.co.ke',0,1,'2023-02-18 09:14:51.366200'),
(222,'EV2LAmYk8E',NULL,0,'0717040566','HENRY','GITONGA','user45678@wauminisacco.co.ke',0,1,'2023-02-18 09:16:24.187392'),
(223,'MvXQMWVAjR',NULL,0,'0733222199','FRANCIS','DAVID LUBUARU','user97386@wauminisacco.co.ke',0,1,'2023-02-18 09:17:56.677727'),
(224,'p36gnUqdzS',NULL,0,'0756666622','MOSES','MUKARIA','user56242@wauminisacco.co.ke',0,1,'2023-02-18 09:19:27.878451'),
(225,'JWRGphsBmT',NULL,0,'0728131586','JULIUS','MBAABU','user84390@wauminisacco.co.ke',0,1,'2023-02-18 09:20:38.072592'),
(226,'VcaGcYcUwr',NULL,0,'0722170465','CYPRIAN','NKUNJA','user91350@wauminisacco.co.ke',0,1,'2023-02-18 09:22:10.111340'),
(227,'pmjPzxdRbL',NULL,0,'0742329736','STANLEY','MURUNGI','user85068@wauminisacco.co.ke',0,1,'2023-02-18 09:23:09.263449'),
(228,'W99Y8kX3zK',NULL,0,'0723690899','HELLEN','MWAKIRIA','user96064@wauminisacco.co.ke',0,1,'2023-02-18 09:24:12.035052'),
(229,'gF8zSbTTyq',NULL,0,'0784444455','ELIZABETH','THIRINDI','user30397@wauminisacco.co.ke',0,1,'2023-02-18 09:25:19.995353'),
(230,'HhzHnULkZb',NULL,0,'0718437962','AGATA','NKATHA','user18020@jenga-systems.com',0,1,'2023-02-18 09:26:45.159552'),
(231,'8YympfhxqV',NULL,0,'0712222258','SUSAN','TULUBA','user29658@wauminisacco.co.ke',0,1,'2023-02-18 09:28:04.933042'),
(232,'ujj4YhyUqd',NULL,0,'0104720610','GEORGE','KALUMA','user57945@example.com',0,1,'2023-02-18 09:29:37.863220'),
(233,'aXGXnzNU5G',NULL,0,'0756666641','DAVID','MEEME BAIMPUI','user55107@wauminisacco.co.ke',0,1,'2023-02-18 09:30:45.793265'),
(234,'FuKAyUtKtM',NULL,0,'0710923384','ONESMUS','MATI','user68728@example.com',0,1,'2023-02-20 06:50:56.567275'),
(235,'wrLtMq4XCk',NULL,0,'0711323536','FRANCIS','KOBIA MATINDI','user98832@wauminisacco.co.ke',0,1,'2023-02-20 06:52:18.983002'),
(236,'DhsWPkpW48',NULL,0,'0722222266','RUTH','KATHAMBI','user73932@wauminisacco.co.ke',0,1,'2023-02-20 06:53:48.590397'),
(237,'XrtDHKT7cm',NULL,0,'0728888888','JAMES','NTOITI','user56501@wauminisacco.co.ke',0,1,'2023-02-20 06:55:08.812623'),
(238,'8aH76GPsFL',NULL,0,'0728888877','ROBERT','N. MWENDA','user53222@wauminisacco.co.ke',0,1,'2023-02-20 06:56:36.438623'),
(239,'HpJAespHcS',NULL,0,'0729011226','SABINA','MWOTHIRU','user74341@wauminisacco.co.ke',0,1,'2023-02-20 06:57:51.123133'),
(240,'Ksb9FRGrUm',NULL,0,'0729000552','DAVID','GITONGA','user45754@wauminisacco.co.ke',0,1,'2023-02-20 06:59:18.219960'),
(241,'LKHNCve3QK',NULL,0,'0720658984','AUGUSTINO','MUREA','user86472@wauminisacco.co.ke',0,1,'2023-02-20 07:00:30.667147'),
(242,'JfvdmTZXbg',NULL,0,'0729301058','PETER','MICHUBU','user18346@wauminisacco.co.ke',0,1,'2023-02-20 07:03:38.219621'),
(243,'nSDJgn4U3V',NULL,0,'0728666600','JOHN','MUNGANIA','user59844@wauminisacco.co.ke',0,1,'2023-02-20 07:06:23.632082'),
(244,'Uxj9A9EnLj',NULL,0,'0735407889','PETER','MAORE M\'KURANJA','user30496@wauminisacco.co.ke',0,1,'2023-02-20 07:08:22.526026'),
(245,'95zrgLqqzu',NULL,0,'0703818243','JOSEPH','KIREMA','user16759@wauminisacco.co.ke',0,1,'2023-02-20 07:10:36.848336'),
(246,'BaFrCaEbEW',NULL,0,'0702677095','JACOB','MURUNGI','user5017@wauminisacco.co.ke',0,1,'2023-02-20 07:11:48.198808'),
(247,'3Nku3ccDVL',NULL,0,'0728888777','JOSEPH','MURIUNGI','user91396@wauminisacco.co.ke',0,1,'2023-02-20 07:17:22.269490'),
(248,'6tbZwXEBex',NULL,0,'0726666622','AMBROSE','BAARIU','user81726@wauminisacco.co.ke',0,1,'2023-02-20 07:18:20.660513'),
(249,'hKk5VGZ2ex',NULL,0,'0729999910','STANLEY','MBAARA','user47409@wauminisacco.co.ke',0,1,'2023-02-20 07:19:52.986787'),
(251,'zZqGW2cN85',NULL,0,'0711222220','TERESIA','NCORORO','user95500@wauminisacco.co.ke',0,1,'2023-02-20 07:23:07.003163'),
(252,'CcBS8xs6nG',NULL,0,'0786594000','JOHN','THEURI','user10786@wauminisacco.co.ke',0,1,'2023-02-20 07:24:13.254610'),
(253,'xZ7XtzhZrp',NULL,0,'0722222200','M\'INYINGI','M\'ITIRITHIA','user71192@wauminisacco.co.ke',0,1,'2023-02-20 07:25:58.040027'),
(254,'vrSfNmHn6z',NULL,0,'0724649810','ROBERT','NTONJERA','user73282@wauminisacco.co.ke',0,1,'2023-02-20 07:27:07.930382'),
(255,'ePAvV5xAdq',NULL,0,'0720549307','VERONICA','SILAS','user78953@wauminisacco.co.ke',0,1,'2023-02-20 07:28:34.370993'),
(256,'Paw5C8G9y9',NULL,0,'0753333365','M\'MAUTA','M\'MUKINDIA','user81804@wauminisacco.co.ke',0,1,'2023-02-20 07:30:05.962532'),
(257,'wKYh5xZJyA',NULL,0,'0722110000','PETER','NTOITHA','user22473@wauminisacco.co.ke',0,1,'2023-02-20 07:57:22.063558'),
(258,'FhpLvHtrKJ',NULL,0,'0736666622','GERALD','MURASINI','user73406@wauminisacco.co.ke',0,1,'2023-02-20 07:58:54.591126'),
(259,'CCqCeasC37',NULL,0,'0720333333','PATRICK','M\'ECIETA M\'AMUIRI','user60605@wauminisacco.co.ke',0,1,'2023-02-20 08:59:33.000877'),
(260,'vwnDBdHUw7',NULL,0,'0736666600','ISAAC','KARUTI','user94021@wauminisacco.co.ke',0,1,'2023-02-20 09:01:07.671411'),
(261,'LTKWYwsWZ4',NULL,0,'0786221100','JULIUS','M\'INYINGI','user20221@wauminisacco.co.ke',0,1,'2023-02-20 09:02:40.136098'),
(262,'ekBzvtnPSQ',NULL,0,'0795841679','SILAS','NGOLUA','user42756@wauminisacco.co.ke',0,1,'2023-02-20 09:04:07.257648'),
(263,'g2PUqSQtZs',NULL,0,'0723798712','JULIUS','KABERIA','user32126@wauminisacco.co.ke',0,1,'2023-02-20 09:05:22.851271'),
(264,'5dsCTWv8x9',NULL,0,'0724695602','ZIPPORAH','MUKORITHA','user39014@example.com',0,1,'2023-02-20 09:07:47.850668'),
(265,'sCEwx8QVSj',NULL,0,'0725461200','PETER','KOBIA MAUTA','user4674@wauminisacco.co.ke',0,1,'2023-02-20 09:09:05.418005'),
(266,'aJ5jZEQbKZ',NULL,0,'0710147053','MUROKI','M\'KIARAO','user47597@wauminisacco.co.ke',0,1,'2023-02-20 09:11:17.955676'),
(267,'aSVbc4G4Mt',NULL,0,'0720103177','EUSEBIO','KOBIA','user93775@wauminisacco.co.ke',0,1,'2023-02-20 09:14:08.307336'),
(268,'ZA5NwXYqR2',NULL,0,'0725555200','PAUL','M\'MWENDA','user46518@jenga-systems.com',0,1,'2023-02-20 09:17:16.726518'),
(269,'aGXQJvDL7p',NULL,0,'0726539918','ANNASTACIA','MWARI.','user94215@wauminisacco.co.ke',0,1,'2023-02-20 09:19:15.712657'),
(270,'s3qKkWwSSs',NULL,0,'0795536265','SUSAN','KADOGO..','user32399@wauminisacco.co.ke',0,1,'2023-02-20 09:20:56.167148'),
(271,'txKDCZheqf',NULL,0,'0722542099','ROBERT','MEEME KAMANJA','user80003@wauminisacco.co.ke',0,1,'2023-02-20 09:22:45.235324'),
(272,'mbxkEkYPrS',NULL,0,'0705656323','JULIA','MUKOMARI M\'MWEREIA','user87086@wauminisacco.co.ke',0,1,'2023-02-20 09:24:26.422214'),
(273,'kAYv4GtpaX',NULL,0,'0725666600','JAKOBO ','NTOAIRACHA','user81524@wauminisacco.co.ke',0,1,'2023-02-20 09:26:17.707460'),
(274,'9J7GfAuq9R',NULL,0,'0725555222','MALLAI','M\'ERUAKI','user92172@wauminisacco.co.ke',0,1,'2023-02-20 09:27:42.206354'),
(275,'d48yPUWMyY',NULL,0,'0710767306','JOSEPH','MUKARIA','user30633@wauminisacco.co.ke',0,1,'2023-02-20 09:29:23.118651'),
(276,'FU8pVmWEAg',NULL,0,'0735469093','JOSEPH','KINYUA','user87984@wauminisacco.co.ke',0,1,'2023-02-20 09:33:17.102148'),
(277,'rHq5sJTjKM',NULL,0,'0794777874','JOSEPH','KABERIA','user54456@wauminisacco.co.ke',0,1,'2023-02-20 09:35:43.398933'),
(278,'AwMcYcVZsE',NULL,0,'0732555555','CHARLES','TAITUMU','user9581@wauminisacco.co.ke',0,1,'2023-02-20 09:41:45.857101'),
(279,'BCae6Nk9Ed',NULL,0,'0726661111','JOSPHAT','NKUBITU','user83512@wauminisacco.co.ke',0,1,'2023-02-20 09:42:49.014763'),
(280,'WkNzXPGcq2',NULL,0,'0754555555','CHARLES','MUTUMA','user70096@wauminisacco.co.ke',0,1,'2023-02-20 09:44:29.875338'),
(281,'tY6zmv2mpN',NULL,0,'0782444444','DAVID','KUBAI','user67242@wauminisacco.co.ke',0,1,'2023-02-20 09:46:22.989019'),
(282,'FjJ2G9aQFv',NULL,0,'0736666666','DAVID','MEEME MANYARA','user33168@wauminisacco.co.ke',0,1,'2023-02-20 09:47:48.072883'),
(283,'XX7kZfkqfU',NULL,0,'0745555555','JOHN','KABWI','user60822@wauminisacco.co.ke',0,1,'2023-02-20 09:49:09.690353'),
(284,'U7Dk5LHKr4',NULL,0,'0705733478','CATHERINE','KATHURE KAUNYANGI','user2346@wauminisacco.co.ke',0,1,'2023-02-20 09:52:02.115068'),
(285,'fywrvq7DwB',NULL,0,'0790505588','MARIKO','KUCIANA','user76409@wauminisacco.co.ke',0,1,'2023-02-20 09:56:18.605147'),
(286,'ubfAAnUNLJ',NULL,0,'0706603194','ANDREW','KOOMU','user59510@wauminisacco.co.ke',0,1,'2023-02-20 10:00:57.922264'),
(287,'aYFwqtMgzq',NULL,0,'0762333333','JOHN','KABERIA','user28700@wauminisacco.co.ke',0,1,'2023-02-20 10:02:19.932863'),
(288,'MzHRECEk3s',NULL,0,'0122222000','SALESIO','NTONJA','user40405@wauminisacco.co.ke',0,1,'2023-02-20 10:04:14.108536'),
(289,'5Br5tBsCAf',NULL,0,'0752133866','PAULINA','KABUTIA','user52860@wauminisacco.co.ke',0,1,'2023-02-20 10:06:10.044655'),
(290,'tcJMZJmRrX',NULL,0,'0713469267','CHRISTOPHER','MUGAMBI','user64832@wauminisacco.co.ke',0,1,'2023-02-20 10:29:51.626515'),
(291,'An3xF5y7Bx',NULL,0,'0715252515','KABERIA','MUJURI','user38869@wauminisacco.co.ke',0,1,'2023-02-20 10:31:37.329138'),
(292,'SQLp6dqspw',NULL,0,'0799966555','ANDREW','NTARANGWI','user68496@wauminisacco.co.ke',0,1,'2023-02-20 10:33:02.546464'),
(293,'mytAHVwjbX',NULL,0,'0744455566','GERALD','KABERIA','user26623@wauminisacco.co.ke',0,1,'2023-02-20 10:34:43.879241'),
(294,'HAsezZjqaW',NULL,0,'0748261660','JULIA','INOMBAABU','user50034@wauminisacco.co.ke',0,1,'2023-02-20 10:37:29.177616'),
(295,'NRLH23Ja8t',NULL,0,'0722556633','JOSEPH','MUTURIA','user20372@wauminisacco.co.ke',0,1,'2023-02-20 10:38:48.972886'),
(296,'SmtQKSbAdA',NULL,0,'0766699945','NKANDA','CENTRE','user89388@wauminisacco.co.ke',0,1,'2023-02-20 10:40:23.732161'),
(297,'SgAUsEBfYQ',NULL,0,'0755533311','JENIFFER','MUKOMARI','user62129@wauminisacco.co.ke',0,1,'2023-02-20 10:42:01.513098'),
(298,'xVnXgScadE',NULL,0,'0721444317','PHYLIS','GAKII','user85407@wauminisacco.co.ke',0,1,'2023-02-20 10:44:01.225455'),
(299,'gbfdd5MFGD',NULL,0,'0798886659','JOHN','MEEME','user25249@wauminisacco.co.ke',0,1,'2023-02-20 11:06:06.530594'),
(300,'6ZvLEYtc4A',NULL,0,'0724444442','TERESIA','KANUNGUCIA','user94163@wauminisacco.co.ke',0,1,'2023-02-20 11:38:25.241888'),
(301,'TbVAJtRUyP',NULL,0,'0725555555','KAINGA','M\'IBIRI','user80176@wauminisacco.co.ke',0,1,'2023-02-20 11:40:38.524519'),
(302,'eWRSNErPaU',NULL,0,'0723333222','MBAABU','BAIMUNGIRI','user47107@wauminisacco.co.ke',0,1,'2023-02-20 11:46:47.186128'),
(303,'g8ZTk8GHnm',NULL,0,'0725080350','GRACE','MUROTHI','user2647@wauminisacco.co.ke',0,1,'2023-02-20 11:47:58.839935'),
(304,'fXwt3nUTn9',NULL,0,'0703669161','MACHUMA','SAMUEL','user58439@wauminisacco.co.ke',0,1,'2023-02-20 11:49:27.702711'),
(305,'sBPY2ZB9yn',NULL,0,'0784442220','ADAMS','MWITI','user56055@wauminisacco.co.ke',0,1,'2023-02-20 11:52:22.300140'),
(306,'sZU9rt5Cc2',NULL,0,'0716568415','NJILU','M\'IMAANA','user49334@wauminisacco.co.ke',0,1,'2023-02-20 11:53:32.140538'),
(307,'TmeKrNyLf9',NULL,0,'0716568414','JOSEPH','MUNGATHIA 352','user72114@wauminisacco.co.ke',0,1,'2023-02-20 11:57:02.736287'),
(308,'sLt9Xrawfr',NULL,0,'0755555566','JOHN','LAIBUNI','user59428@wauminisacco.co.ke',0,1,'2023-02-20 11:58:27.809831'),
(309,'Fw6r6rehT7',NULL,0,'0707237988','SAMSON','MUNGANIA','user98264@wauminisacco.co.ke',0,1,'2023-02-20 11:59:57.104502'),
(310,'eT9zgSXsBg',NULL,0,'0702237506','JEREMIAH','KIRIANKI','user16892@wauminisacco.co.ke',0,1,'2023-02-20 12:01:43.928092'),
(311,'jzUHjFJ7bw',NULL,0,'0716794749','MEEME','M\'MNGAINE','user57206@wauminisacco.co.ke',0,1,'2023-02-20 12:07:02.925918'),
(312,'mVdUCh73Xk',NULL,0,'0711886072','TABITHA','KATHURI','user85659@wauminisacco.co.ke',0,1,'2023-02-20 12:09:05.839167'),
(313,'nR33ewRuMQ',NULL,0,'0712222332','JACINTA','MUTHENYA','user64534@wauminisacco.co.ke',0,1,'2023-02-20 12:11:58.617680'),
(314,'Q29Z34wDrf',NULL,0,'0736666444','TERESIA','NCABANI','user39744@wauminisacco.co.ke',0,1,'2023-02-20 12:13:05.996093'),
(315,'nWEbAfuquD',NULL,0,'0726665555','ELIAS','MEEME M\'ITUMBIRI','user963@wauminisacco.co.ke',0,1,'2023-02-20 12:14:36.545428'),
(316,'R6hAjEumPK',NULL,0,'0714897594','JULIUS','KAMENCU','user72142@wauminisacco.co.ke',0,1,'2023-02-20 12:16:25.941273'),
(317,'TEwnBdBnyF',NULL,0,'0723605591','JACINTA','KARIMI','user30206@wauminisacco.co.ke',0,1,'2023-02-20 12:17:53.177682'),
(318,'b4ykCfLtPV',NULL,0,'0724443322','CHARITY','KATHURE','user92550@wauminisacco.co.ke',0,1,'2023-02-20 12:20:39.433923'),
(319,'3S49XVKhYp',NULL,0,'0753333215','NORMAN','KIUNGA','user15125@wauminisacco.co.ke',0,1,'2023-02-20 12:22:53.906888'),
(320,'9A2WdVFHTx',NULL,0,'0700881970','PENINA','KATHEI','user69751@wauminisacco.co.ke',0,1,'2023-02-20 12:24:11.896807'),
(321,'MscQDhf7HG',NULL,0,'0790460914','PAULINA','KAREA','user4170@wauminisacco.co.ke',0,1,'2023-02-20 12:25:38.754075'),
(322,'dhSLwBhmCP',NULL,0,'0705688115','TABITHA','MUKIRIA','user30713@wauminisacco.co.ke',0,1,'2023-02-20 12:26:47.703129'),
(323,'nTgghabLNW',NULL,0,'0725555440','THOMAS','MUNGATHIA','user11627@wauminisacco.co.ke',0,1,'2023-02-20 12:28:54.434306'),
(324,'RT37EPGvff',NULL,0,'0712222221','SABINA','NTUNDU','user32663@wauminisacco.co.ke',0,1,'2023-02-20 12:30:01.560068'),
(325,'fJXzAHxh9Z',NULL,0,'0720000200','MARGARET','KARIMI','user574@wauminisacco.co.ke',0,1,'2023-02-20 12:31:36.896898'),
(326,'mxmSKeqd5X',NULL,0,'0724313975','SUSAN','NCORORO KABURU','user51421@wauminisacco.co.ke',0,1,'2023-02-20 12:33:38.799657'),
(327,'FRGbMUEXyU',NULL,0,'0714124403','ALEXANDER','GITONGA','user56996@wauminisacco.co.ke',0,1,'2023-02-20 12:49:23.713074'),
(328,'SM8CqcgXDs',NULL,0,'0712501306','JOAN','KAYUYU','user50161@wauminisacco.co.ke',0,1,'2023-02-20 12:51:57.646569'),
(329,'t6f8w8ssaq',NULL,0,'0711122200','FRANCIS','MURUNGI','user89831@wauminisacco.co.ke',0,1,'2023-02-20 12:53:26.856149'),
(330,'rZ4nthV4Tw',NULL,0,'0712186646','MONICA','CIOMATI','user34887@jenga-systems.com',0,1,'2023-02-20 13:00:22.940221'),
(331,'tswUxjR2Kq',NULL,0,'0722222299','PAUL','MWORIA','user39837@wauminisacco.co.ke',0,1,'2023-02-21 06:33:56.863944'),
(332,'QbfFS7sCUe',NULL,0,'0720103157','TERESIA','INOKOBIA','user73497@jenga-systems.com',0,1,'2023-02-21 06:40:19.047578'),
(333,'n7cqBfTJq4',NULL,0,'0712511548','M\'MWIRABUA','M\'ERIMBA','user84737@wauminisacco.co.ke',0,1,'2023-02-21 06:41:42.624674'),
(334,'SBQzwnYBqa',NULL,0,'0721933945','STANLEY','KAINGA','user13710@wauminisacco.co.ke',0,1,'2023-02-21 06:42:56.915096'),
(335,'4nxptXnWN9',NULL,0,'0730002222','JACINTA','KANYUA','user75939@wauminisacco.co.ke',0,1,'2023-02-21 06:44:46.854839'),
(336,'YuCdbXVPdX',NULL,0,'0723000111','PAUL','RWITO','user6866@wauminisacco.co.ke',0,1,'2023-02-21 06:46:01.147537'),
(337,'bPgHacyrpG',NULL,0,'0738001111','RICHARD','MURIKI','user47781@wauminisacco.co.ke',0,1,'2023-02-21 06:47:31.625904'),
(338,'ErXw6d4TMh',NULL,0,'0718082657','GRACE','KARIMI','user36157@wauminisacco.co.ke',0,1,'2023-02-21 06:55:49.866524'),
(339,'xM6t5ypNXF',NULL,0,'0797114219','ROSE','MAKENA','user63929@wauminisacco.co.ke',0,1,'2023-02-21 06:56:59.059835'),
(340,'FHuDSWzATa',NULL,0,'0703485201','JAPHET','THIAURI MPEKETHU','user94772@wauminisacco.co.ke',0,1,'2023-02-21 06:58:25.633085'),
(341,'jHcD8XtdZD',NULL,0,'0780001111','ELIZABETH','KAARIO','user6484@wauminisacco.co.ke',0,1,'2023-02-21 06:59:37.465027'),
(342,'vjBXHUVNsT',NULL,0,'0725555500','TERESIA','INOKOBIAA','user57585@wauminisacco.co.ke',0,1,'2023-02-21 07:01:56.870718'),
(343,'B3f3q4tvVa',NULL,0,'0718779767','JENIFFER','MUITI','user32957@wauminisacco.co.ke',0,1,'2023-02-21 07:03:23.750528'),
(344,'DLghmxcuMC',NULL,0,'0102222200','ANDREW','KAMENCU','user64219@wauminisacco.co.ke',0,1,'2023-02-21 07:05:17.573186'),
(345,'uXnJYLALck',NULL,0,'0102333300','PATRICK','KOBIA','user87588@wauminisacco.co.ke',0,1,'2023-02-21 07:06:58.539633'),
(346,'2dYPhVGCDa',NULL,0,'0710955064','M\'AMBAU','M\'ATURACHIU','user17893@wauminisacco.co.ke',0,1,'2023-02-21 07:09:20.294437'),
(347,'pbkdf2_sha256$600000$vN7HJwsM7F6jUa63SHFoGb$UDlMgPfAriN6NsEfjssqoepTyLDYZ2Id0uSQQRmTgD0=','2023-04-18 07:55:10.570852',0,'karimi','Karimi','Karimi','karimi.karimi@wauminisacco.co.ke',0,1,'2023-02-21 07:45:13.000000'),
(348,'yYSLc8NEr4',NULL,0,'0720658980','MARYANGELA','NYAMBURA','user1431@wauminisacco.co.ke',0,1,'2023-02-21 07:46:16.026483'),
(349,'fP9fvFQejx',NULL,0,'0721493239','JOHN','NJILU','user52113@wauminisacco.co.ke',0,1,'2023-02-21 07:50:07.443552'),
(350,'kkEyXBxhBE',NULL,0,'0715865015','MARY','NKATHA','user3537@wauminisacco.co.ke',0,1,'2023-02-21 07:52:06.602972'),
(351,'gehsYDymfg',NULL,0,'0722220001','SABERA','KABOLOLO','user54245@wauminisacco.co.ke',0,1,'2023-02-21 07:54:46.865675'),
(352,'emWUR4AqdA',NULL,0,'0721000000','EUNICE','KANGONDU','user99331@wauminisacco.co.ke',0,1,'2023-02-21 07:56:19.724177'),
(353,'2sn2tqPkKF',NULL,0,'0758888888','ANDREW','D.K MURUNGI','user19239@wauminisacco.co.ke',0,1,'2023-02-21 07:57:57.237948'),
(354,'SrGT77KRdq',NULL,0,'0700887146','JERUSHA','NKATHA','user81386@wauminisacco.co.ke',0,1,'2023-02-21 07:59:52.108335'),
(355,'DDsHbLUxSW',NULL,0,'0723966768','ANDREW','MEEME  M\'MWERERIA','user99248@wauminisacco.co.ke',0,1,'2023-02-21 08:02:26.894433'),
(356,'pbkdf2_sha256$600000$vN7HJwsM7F6jUa63SHFoGb$UDlMgPfAriN6NsEfjssqoepTyLDYZ2Id0uSQQRmTgD0=','2023-08-12 06:24:04.006145',0,'meshack','Meshack','kithure','meshack.meshack@wauminisacco.co.ke',0,1,'2023-02-21 08:06:29.000000'),
(357,'Q7XScZY7Zs',NULL,0,'0721983009','JUSTUS','MBAABU','user69592@wauminisacco.co.ke',0,1,'2023-02-21 08:07:38.940457'),
(358,'5pEGMYvnFX',NULL,0,'0722233333','JOANINA','ALBERT','user31484@wauminisacco.co.ke',0,1,'2023-02-21 08:10:19.438390'),
(359,'NftSaNSfuW',NULL,0,'0727465098','MARY','MUKOKINYA','user39959@wauminisacco.co.ke',0,1,'2023-02-21 08:11:53.409720'),
(360,'BgTeyfFVe7',NULL,0,'0763330000','FRANCIS','MEEME','user91338@wauminisacco.co.ke',0,1,'2023-02-21 08:14:11.758440'),
(361,'N2J8LpAeSx',NULL,0,'0750000000','SEVERINA','M\'INYINGI','user8608@wauminisacco.co.ke',0,1,'2023-02-21 09:36:05.340293'),
(362,'2FPeuyUk76',NULL,0,'0706135940','PAULINA','KARIMI DAVID','user70702@wauminisacco.co.ke',0,1,'2023-02-21 09:40:32.496484'),
(363,'x4XSJj2Cn8',NULL,0,'0702796145','ANN','ITURA KILUNGE','user72569@wauminisacco.co.ke',0,1,'2023-02-21 09:42:13.703813'),
(364,'h354prnhpJ',NULL,0,'0723971007','FRANCIS','KIRIMI M\'NABEA','user41649@wauminisacco.co.ke',0,1,'2023-02-21 09:49:54.545569'),
(365,'qrr8wNLLZa',NULL,0,'0724249428','MARTHA','KAMAMI','user40809@wauminisacco.co.ke',0,1,'2023-02-21 09:51:38.571526'),
(366,'5rUsrpwv8v',NULL,0,'0792397105','LUCY','KAMBURA','user76244@wauminisacco.co.ke',0,1,'2023-02-21 09:53:16.401101'),
(367,'egeELjUZkW',NULL,0,'0744442200','PATRICK','MURURU','user95226@wauminisacco.co.ke',0,1,'2023-02-21 09:57:22.964674'),
(368,'cba4T6Hhn9',NULL,0,'0718436347','M\'MUTIA','M\'MUCHENA','user67435@wauminisacco.co.ke',0,1,'2023-02-21 10:01:08.330707'),
(369,'VucLdzw67T',NULL,0,'0715555000','JULIA','KABUI','user64317@wauminisacco.co.ke',0,1,'2023-02-21 10:02:39.735442'),
(370,'fMUf9y3WZw',NULL,0,'0725555444','SUSAN','KINYA','user81883@wauminisacco.co.ke',0,1,'2023-02-21 12:22:49.059258'),
(371,'xLYHsAQmRp',NULL,0,'0790277813','CHRISTOPHER','MWITHALII','user20876@wauminisacco.co.ke',0,1,'2023-02-21 12:24:49.433197'),
(372,'6SSqL4ScDn',NULL,0,'0742758540','M\'IMAANA','M\'ANAIBA','user85839@wauminisacco.co.ke',0,1,'2023-02-21 12:28:12.712128'),
(373,'WtK9Fu3PkY',NULL,0,'0711223311','CHRISTINE','MUROTHI','user48900@wauminisacco.co.ke',0,1,'2023-02-21 12:29:50.037499'),
(374,'J33u5uaE7N',NULL,0,'0703611953','BEATRICE','GITURA','user20619@wauminisacco.co.ke',0,1,'2023-02-21 12:36:54.579995'),
(375,'mskC6wPPDh',NULL,0,'0708923924','JICKNISH','KABURU','user92762@wauminisacco.co.ke',0,1,'2023-02-21 12:38:23.103167'),
(376,'qpeUg57AHA',NULL,0,'0714526659','BEATRICE','MUKORU','user56977@wauminisacco.co.ke',0,1,'2023-02-21 12:39:59.505258'),
(377,'9mRVTFjtR7',NULL,0,'0721292933','MWAMBIA','M\'IMANYARA','user40080@wauminisacco.co.ke',0,1,'2023-02-21 12:47:08.157540'),
(378,'C3GZSGMFmg',NULL,0,'0725666622','PHILIPH','MWITHALII','user12311@wauminisacco.co.ke',0,1,'2023-02-21 12:50:53.176430'),
(379,'GhLvNBcEk5',NULL,0,'0722920126','CATHERINE','THIRINDI','user90228@wauminisacco.co.ke',0,1,'2023-02-21 12:52:41.018297'),
(380,'G2jwSeukSZ',NULL,0,'0702976395','REBECCA','NCORORO','user68940@wauminisacco.co.ke',0,1,'2023-02-21 12:54:54.343299'),
(381,'GdgjFQAzuB',NULL,0,'0707237987','CHARITY','KABETWE','user27251@wauminisacco.co.ke',0,1,'2023-02-23 07:11:20.739036'),
(382,'YT2qWxMMS5',NULL,0,'0728015731','CHARLES','G. MWORIA','user21101@wauminisacco.co.ke',0,1,'2023-02-23 07:13:41.982722'),
(383,'VwRL5mJFfj',NULL,0,'0731149191','JEREMIAH','M\'NCEREBE SAVING','user61698@wauminisacco.co.ke',0,1,'2023-02-23 07:22:58.609615'),
(384,'DTkXnDjAtY',NULL,0,'0320165122','PAULINA','ITURA','user93361@wauminisacco.co.ke',0,1,'2023-02-23 07:26:11.232996'),
(385,'BghMA9kzcE',NULL,0,'0722220100','WINFRED','MWONGERA','user33222@wauminisacco.co.ke',0,1,'2023-02-23 07:29:17.815742'),
(386,'36ZAB46R2E',NULL,0,'0782222222','PHILIPH','KIRIMI','user26327@wauminisacco.co.ke',0,1,'2023-02-23 07:32:47.480255'),
(387,'bj3C8QxeJz',NULL,0,'0725555566','SABINA','NTHAMA','user62360@wauminisacco.co.ke',0,1,'2023-02-23 07:35:13.929785'),
(388,'g2RsBL4AS9',NULL,0,'0719437327','PAULINA','NKOROI SAMUEL','user33013@wauminisacco.co.ke',0,1,'2023-02-23 07:37:22.318907'),
(389,'2SteppFZcA',NULL,0,'0714308444','SUSAN','INOKOBIA','user21089@wauminisacco.co.ke',0,1,'2023-02-23 07:39:06.940514'),
(390,'WSLTezVPLr',NULL,0,'0708825403','JEREMIAH','KABWI','user27300@wauminisacco.co.ke',0,1,'2023-02-23 07:40:52.590171'),
(391,'5BCNWJfBjr',NULL,0,'0713299724','BENSON','KIMATHI','user98730@wauminisacco.co.ke',0,1,'2023-02-23 07:43:11.621852'),
(392,'j28gshX3Jr',NULL,0,'0748432165','ISAIAH','ITHALII','user97201@wauminisacco.co.ke',0,1,'2023-02-23 08:31:06.560148'),
(393,'89p2mChGDC',NULL,0,'0725555511','PETER','MWITHALII','user22257@wauminisacco.co.ke',0,1,'2023-02-23 08:32:40.736839'),
(394,'c5GgEKLc4k',NULL,0,'0700840892','JOHN','MURITHI','user87696@wauminisacco.co.ke',0,1,'2023-02-23 08:34:12.037211'),
(395,'QHn8neDysd',NULL,0,'0722289935','GERALD','KARUTI','user90890@jenga-systems.com',0,1,'2023-02-23 08:40:31.663018'),
(396,'K6bMudMuT4',NULL,0,'0704476724','TERESIA','KIBAKA','user57692@wauminisacco.co.ke',0,1,'2023-02-23 08:42:31.796111'),
(397,'qdTBxXLMYQ',NULL,0,'0726907809','FREDRICK','KARITHI','user13035@wauminisacco.co.ke',0,1,'2023-02-23 08:44:35.449591'),
(398,'h3ahabT99X',NULL,0,'0711601642','JULIUS','M\'NAITULI','user1553@wauminisacco.co.ke',0,1,'2023-02-23 08:54:05.046630'),
(399,'xsLxfQkZnX',NULL,0,'0713398760','STEPHEN','MEEME','user19958@wauminisacco.co.ke',0,1,'2023-02-23 08:55:56.423802'),
(400,'u85paaGtzt',NULL,0,'0701625881','SEBERINA','NKATHA','user22644@wauminisacco.co.ke',0,1,'2023-02-23 08:59:02.070182'),
(401,'tUmc4haWpD',NULL,0,'0713671221','RUTH','KATHURE','user28622@wauminisacco.co.ke',0,1,'2023-02-23 09:00:42.450837'),
(402,'5CsmHVJnsS',NULL,0,'0701233333','SABINA','KANOCIA','user3029@wauminisacco.co.ke',0,1,'2023-02-23 09:02:50.199459'),
(403,'u96D5DKFwh',NULL,0,'0716431032','ISAAC','KUBAI KARARU','user34882@wauminisacco.co.ke',0,1,'2023-02-23 09:06:03.752085'),
(404,'Ts6UQDuLbk',NULL,0,'0110225197','TERESIA','NCULUBI','user15883@wauminisacco.co.ke',0,1,'2023-02-23 09:09:04.587415'),
(405,'mvKPmavKbD',NULL,0,'0722221111','PETER','JUDAS','user61212@wauminisacco.co.ke',0,1,'2023-02-23 09:10:54.383163'),
(406,'WYVBpGpfEc',NULL,0,'0711111220','ISAAC','ITHALII 704','user32794@wauminisacco.co.ke',0,1,'2023-02-23 09:28:50.961000'),
(407,'gKRgNN445A',NULL,0,'0727631533','LAARE CATHOLIC PARISH  723','','user79163@wauminisacco.co.ke',0,1,'2023-02-23 09:32:28.622205'),
(408,'Rp6ukS9KeK',NULL,0,'0712281508','ANDRIANO','MUTUMA','user90946@wauminisacco.co.ke',0,1,'2023-02-23 09:34:33.184132'),
(409,'PUjShTzsCz',NULL,0,'0708288063','MARTHA','GAKENIA','user25544@wauminisacco.co.ke',0,1,'2023-02-23 09:37:35.437906'),
(410,'A2SDQHLBCp',NULL,0,'0726895911','SILAS','MUNGATHIA','user83166@wauminisacco.co.ke',0,1,'2023-02-23 09:39:27.272011'),
(411,'J4h7WY3b3K',NULL,0,'0712413402','GEORGE','MEEME','user27983@wauminisacco.co.ke',0,1,'2023-02-23 09:43:07.749485'),
(412,'Pms89fYTxF',NULL,0,'0722101233','MARGARET','KAREA','user51639@wauminisacco.co.ke',0,1,'2023-02-23 09:46:26.388515'),
(413,'PZeKmU27Ya',NULL,0,'0710221121','JAMES','MITHIKA','user81238@wauminisacco.co.ke',0,1,'2023-02-23 12:46:37.087338'),
(414,'K9eUA8hstf',NULL,0,'0725221550','SEVERINA','MUNGATHIA','user45936@wauminisacco.co.ke',0,1,'2023-02-23 12:48:10.017760'),
(415,'hgGpZ3fHXC',NULL,0,'0721545550','LAARE PARISH  A/C 43','','user42792@wauminisacco.co.ke',0,1,'2023-02-23 12:51:00.817857'),
(416,'6UQNdRnbNR',NULL,0,'0721830782','FRANCIS','GITONGA KIRAMBURI','user55827@wauminisacco.co.ke',0,1,'2023-02-23 12:58:29.290391'),
(417,'83uPFw3jDM',NULL,0,'0752454012','SUSAN','UCORORO','user99312@wauminisacco.co.ke',0,1,'2023-02-23 12:58:59.529189'),
(418,'QTasL9eAL9',NULL,0,'0726368636','LUCY','KAITUYU','user27344@wauminisacco.co.ke',0,1,'2023-02-23 13:00:30.929966'),
(419,'w5yUfxGAXZ',NULL,0,'0103564787','EZEKIEL','KIMATHI','user71157@wauminisacco.co.ke',0,1,'2023-02-23 13:01:09.999738'),
(420,'NN7HTDS2dX',NULL,0,'0755566633','SEVERINA','ATUMA','user41360@wauminisacco.co.ke',0,1,'2023-02-23 13:02:06.010902'),
(421,'dnK3z6ttQj',NULL,0,'0713699402','PRUDENCE','KAGWIRIA','user70254@wauminisacco.co.ke',0,1,'2023-02-23 13:02:35.043952'),
(422,'9yWmR47d86',NULL,0,'0744445553','MARY','MWOKITHAKA','user33838@wauminisacco.co.ke',0,1,'2023-02-23 13:04:01.909240'),
(423,'J8UHJZ7Au8',NULL,0,'0723283776','KARWAMBA','BAINGONI','user71896@wauminisacco.co.ke',0,1,'2023-02-23 13:06:07.514251'),
(424,'ayDDKj7mRr',NULL,0,'0732511202','MOSES','KIMATHI','user3080@wauminisacco.co.ke',0,1,'2023-02-23 13:09:04.920510'),
(425,'XTmzXANGLm',NULL,0,'0725421215','CHARLES','MUTHURI','user55188@wauminisacco.co.ke',0,1,'2023-02-23 13:15:07.724922'),
(426,'BhrL3hGt2S',NULL,0,'0725425125','JAMES','GITONGA','user54153@wauminisacco.co.ke',0,1,'2023-02-23 13:16:33.705217'),
(427,'xHBjHmuSMt',NULL,0,'0752415400','SILAS','JOHN  BOSCO','user80031@wauminisacco.co.ke',0,1,'2023-02-23 13:18:22.971682'),
(428,'C69MXTxbkf',NULL,0,'0724555440','JULIUS','MEEME','user63788@wauminisacco.co.ke',0,1,'2023-02-24 08:44:33.930820'),
(429,'qdQUtkQuHJ',NULL,0,'0721548700','ROBERT','MWITHALII','user26043@wauminisacco.co.ke',0,1,'2023-02-24 08:46:14.723512'),
(430,'RTKGeHFdNg',NULL,0,'0722225566','MARTIN','NDERITU','user69684@wauminisacco.co.ke',0,1,'2023-02-24 08:49:10.853848'),
(431,'rNhNyJt36q',NULL,0,'0725888877','JENIFFER','NCORORO','user94785@wauminisacco.co.ke',0,1,'2023-02-24 08:51:04.586396'),
(432,'Pzn9ax9MWV',NULL,0,'0752221122','LUCY','KANARIO','user73183@wauminisacco.co.ke',0,1,'2023-02-24 08:53:23.524332'),
(433,'mMK7U8KA4M',NULL,0,'0725555441','EDWARD','THURANIRA','user89777@wauminisacco.co.ke',0,1,'2023-02-24 08:59:06.894606'),
(435,'scUq5s8FAD',NULL,0,'0725445100','MUGAMBI','M\'ABUAYA','user15965@wauminisacco.co.ke',0,1,'2023-02-24 09:01:58.959675'),
(436,'N9NyWSQnPH',NULL,0,'0726887711','MURUNGI','NAITULI','user57637@wauminisacco.co.ke',0,1,'2023-02-24 09:03:27.137054'),
(437,'wWZ4D4z8aE',NULL,0,'0723211420','KIRIMI','ROY KABERIA','user49989@wauminisacco.co.ke',0,1,'2023-02-24 09:05:32.145031'),
(438,'MaQtMgERq9',NULL,0,'0732655500','DOROTHY','KAGENDO','user8041@wauminisacco.co.ke',0,1,'2023-02-24 09:07:01.444533'),
(439,'dHRfMaHUnQ',NULL,0,'0721111222','ALICE','KATHONI','user14044@wauminisacco.co.ke',0,1,'2023-02-24 09:09:52.679155'),
(440,'D9qdyDnFGs',NULL,0,'0745121200','GERALD','KINYUA','user66126@wauminisacco.co.ke',0,1,'2023-02-24 09:11:33.510077'),
(441,'meaxdhzEGY',NULL,0,'0752012440','MARGARET','KAMAMI','user84747@wauminisacco.co.ke',0,1,'2023-02-24 09:13:13.476465'),
(442,'GwunqsqEKF',NULL,0,'0725421036','ST.JOHN CMA','KIRINDARA','user1330@wauminisacco.co.ke',0,1,'2023-02-24 09:16:46.165415'),
(443,'N6CHHPgUtE',NULL,0,'0725414544','C.M.A PETROL','STATION','user81599@wauminisacco.co.ke',0,1,'2023-02-24 09:18:37.990425'),
(444,'96d2EAtfp7',NULL,0,'0712379181','SEBARINA','NJABANI','user30110@wauminisacco.co.ke',0,1,'2023-02-24 09:20:31.759011'),
(445,'zrcESc2Qxc',NULL,0,'0721455450','LUKUNUNU','CENTRE','user31234@wauminisacco.co.ke',0,1,'2023-02-24 09:21:13.097759'),
(446,'NNEgUJyHGX',NULL,0,'0721000222','SABINA','THIRINDI','user37127@wauminisacco.co.ke',0,1,'2023-02-24 09:24:51.849232'),
(447,'MMZhz7kYYu',NULL,0,'0725443300','ZIPPORAH','ITUURA','user51148@wauminisacco.co.ke',0,1,'2023-02-24 09:26:22.848255'),
(449,'wCuw8yA47s',NULL,0,'0701558579','JOSEPH','KALERIA','user82847@wauminisacco.co.ke',0,1,'2023-02-24 09:27:10.518090'),
(450,'sUy3HuytZb',NULL,0,'0712223300','M\'RUNGAINE','M\'ERANDU','user12233@wauminisacco.co.ke',0,1,'2023-02-24 09:30:08.579970'),
(451,'kpThJHEsDN',NULL,0,'0799977766','JOHN','THIAURI','user34695@wauminisacco.co.ke',0,1,'2023-02-24 09:30:40.543516'),
(452,'tDE2xfTJfM',NULL,0,'0724873003','KANATHI','M\'KALAINE','user69685@wauminisacco.co.ke',0,1,'2023-02-24 09:32:23.419855'),
(453,'zx78m7Lu75',NULL,0,'0728868847','PATRICK','MUTHINE','user61017@wauminisacco.co.ke',0,1,'2023-02-24 09:32:26.586099'),
(454,'RXTgubF4M8',NULL,0,'0769191054','DORIS','KAMAMI','user78323@wauminisacco.co.ke',0,1,'2023-02-24 09:34:35.717677'),
(455,'uJMfyd7Gbt',NULL,0,'0722256554','KIRIMI','HENRY','user83769@wauminisacco.co.ke',0,1,'2023-02-24 09:34:36.636320'),
(456,'JPHyYqVmcM',NULL,0,'0786688243','FLORAH','MWONJIRU','user15125@wauminisacco.co.ke',0,1,'2023-02-24 09:36:45.625175'),
(457,'WcatFEwgUr',NULL,0,'0768087064','MUKOMEME','M\'MWERERIA','user9226@wauminisacco.co.ke',0,1,'2023-02-24 09:36:49.575501'),
(458,'52g4SjfQaX',NULL,0,'0714349345','JACINTA','MUTUKU','user17575@wauminisacco.co.ke',0,1,'2023-02-24 09:38:45.957803'),
(459,'BQwhx77BjF',NULL,0,'0748888963','FRANCISCA','KABUTIA','user85183@wauminisacco.co.ke',0,1,'2023-02-24 09:39:19.836849'),
(460,'UfhEEV75qk',NULL,0,'0745120001','MORRIS','MUTUMA','user13010@wauminisacco.co.ke',0,1,'2023-02-24 09:40:04.449663'),
(461,'RER8h3fzEz',NULL,0,'0792837228','SABINA','MBURA','user39076@wauminisacco.co.ke',0,1,'2023-02-24 09:42:27.030241'),
(462,'9ptZHHDKUW',NULL,0,'0788888896','PETER','THIAURI','user78596@wauminisacco.co.ke',0,1,'2023-02-24 09:43:44.082982'),
(463,'a29dAsMxzQ',NULL,0,'0710313234','CORNELIUS','MWITI','user30651@wauminisacco.co.ke',0,1,'2023-02-24 09:50:50.134575'),
(464,'qC64WmPJM3',NULL,0,'0755544444','ZECHARIAH','MATINDI','user99264@wauminisacco.co.ke',0,1,'2023-02-24 09:59:37.952537'),
(465,'bx9YPd3KJ2',NULL,0,'0791606355','JERUSHA','KATHAMBI','user77872@wauminisacco.co.ke',0,1,'2023-02-24 10:01:15.825316'),
(466,'mjL7G4NMyM',NULL,0,'0755554444','JOHN','KINYUA','user40563@wauminisacco.co.ke',0,1,'2023-02-24 10:02:11.058480'),
(467,'uAGshkNab4',NULL,0,'0745555000','MOSES','MWENDA','user53980@wauminisacco.co.ke',0,1,'2023-02-24 10:03:54.166414'),
(468,'gXyN5BpWVe',NULL,0,'0732222569','PETER','NYAGA','user48535@wauminisacco.co.ke',0,1,'2023-02-24 10:05:19.598211'),
(469,'LAbhGqmv4Y',NULL,0,'0796333333','JACOB','NGOLUA','user59386@wauminisacco.co.ke',0,1,'2023-02-24 10:08:16.316344'),
(470,'j8PwgBQN5V',NULL,0,'0711111110','DOROTHY','KANYUA','user49058@wauminisacco.co.ke',0,1,'2023-02-24 10:10:34.142115'),
(471,'7Z8y7MvrPb',NULL,0,'0708304802','PAUL','MAORE  THAMBAU','user41653@wauminisacco.co.ke',0,1,'2023-02-24 10:13:44.601241'),
(472,'hJWj4wgELq',NULL,0,'0718689733','MARY','GACHER','user57922@wauminisacco.co.ke',0,1,'2023-02-24 10:15:51.065256'),
(473,'C9cbDtrMa7',NULL,0,'0793906212','HENRY','MWITHALII','user59252@wauminisacco.co.ke',0,1,'2023-02-24 10:20:35.586340'),
(474,'QMLfRFhvMP',NULL,0,'0722551111','JOSEPH','MUNGATHIA 946','user35067@wauminisacco.co.ke',0,1,'2023-02-24 10:24:18.212519'),
(475,'6jb5qEhNmQ',NULL,0,'0766652220','MAVIS','RUKIA','user47288@wauminisacco.co.ke',0,1,'2023-02-24 10:25:57.391034'),
(476,'YzcZQge9XM',NULL,0,'0728810647','SILVERIA','KATHONI','user98842@wauminisacco.co.ke',0,1,'2023-02-24 10:29:43.146639'),
(477,'s8JsvMUnN8',NULL,0,'0792726006','JOSEPHINE','NJABANI','user27872@wauminisacco.co.ke',0,1,'2023-02-24 10:31:39.666069'),
(478,'NEz579JKbc',NULL,0,'0756545477','ROSE','NKIROTE','user5703@wauminisacco.co.ke',0,1,'2023-02-24 10:33:55.722230'),
(479,'efKMDAxTND',NULL,0,'0711118779','PETER','ITHALII','user4036@wauminisacco.co.ke',0,1,'2023-02-24 10:35:52.856931'),
(480,'Ayr4XjzFVb',NULL,0,'0725443825','PETER','KABAYA','user63647@wauminisacco.co.ke',0,1,'2023-02-24 10:41:06.677459'),
(481,'eGagntn9Q9',NULL,0,'0710712840','ZAKAYO','MITHIKA','user45314@wauminisacco.co.ke',0,1,'2023-02-24 10:50:51.599931'),
(482,'gnsT5hpXxs',NULL,0,'0755555554','SAWERIA','KENDI','user65970@wauminisacco.co.ke',0,1,'2023-02-24 10:52:55.574483'),
(483,'PckfE4vSc2',NULL,0,'0728384077','JOSHUA','MITHIKA','user84870@wauminisacco.co.ke',0,1,'2023-02-24 10:54:26.507546'),
(484,'b3F9rmTx5d',NULL,0,'0333365412','JANE','NKATHA','user89780@wauminisacco.co.ke',0,1,'2023-02-24 10:56:52.412704'),
(485,'FQ6MYeAGGX',NULL,0,'0853644514','CHRISTINE','KANYIRI','user22452@wauminisacco.co.ke',0,1,'2023-02-24 10:58:40.830235'),
(486,'8ZeUGsYkFh',NULL,0,'0235646442','JOHN','M\'IMUNYA','user92398@wauminisacco.co.ke',0,1,'2023-02-24 11:00:27.875675'),
(487,'q3vnqLnDfW',NULL,0,'0720054637','DAVID','M\'THURANIRA','user39223@wauminisacco.co.ke',0,1,'2023-02-24 11:02:46.440608'),
(488,'7KrDedzJ5t',NULL,0,'0722221100','PETER','MATI MWETI','user12966@wauminisacco.co.ke',0,1,'2023-02-24 11:16:54.685581'),
(489,'nSGpu7263N',NULL,0,'0725888888','FLORAH','MUKOKINYA','user95184@wauminisacco.co.ke',0,1,'2023-02-24 11:19:12.404754'),
(490,'MqR24jDw8m',NULL,0,'0701127757','BEATRICE','NAIRUCI','user45060@wauminisacco.co.ke',0,1,'2023-02-24 11:24:27.807037'),
(491,'5kq6zSrAwn',NULL,0,'0718888850','KALANYA','M\'MUNORU','user90890@jenga-systems.com',0,1,'2023-02-24 11:27:00.044048'),
(492,'72WS2Ydr8J',NULL,0,'0708918584','JANE','NKATHA GITONGA','user73625@wauminisacco.co.ke',0,1,'2023-02-24 11:33:46.675346'),
(493,'hVeFBGge5G',NULL,0,'0712058975','SUSAN','MATHETA','user81768@wauminisacco.co.ke',0,1,'2023-02-24 11:36:57.423341'),
(494,'UkuZmB8mrq',NULL,0,'0722482818','HOLY','FAMILY ACADEMY','user81907@wauminisacco.co.ke',0,1,'2023-02-24 11:55:35.343444'),
(495,'cH87ewKpUD',NULL,0,'0724858042','GITONGA MAUTA','JAPHET','user64816@wauminisacco.co.ke',0,1,'2023-02-24 12:08:37.374705'),
(496,'AjX9nBhKZe',NULL,0,'0744444410','LAWRENCE','MURUNGI','user4738@wauminisacco.co.ke',0,1,'2023-02-24 12:10:44.407533'),
(497,'yudwLPw8Ha',NULL,0,'0742222200','JAMES','MUTURIA','user56027@wauminisacco.co.ke',0,1,'2023-02-24 12:12:31.509730'),
(498,'RhC8KjquYP',NULL,0,'0797824819','SUSAN ','NCORORO MUYURI','user32026@wauminisacco.co.ke',0,1,'2023-02-24 12:15:08.490921'),
(499,'fNV5YCCdyE',NULL,0,'0722222211','FAITH NGUGI','HENRY','user89937@wauminisacco.co.ke',0,1,'2023-02-24 12:17:15.618543'),
(500,'3cBLma75sc',NULL,0,'0732221111','LUCY','MWOTIRA','user90232@wauminisacco.co.ke',0,1,'2023-02-24 12:19:15.087932'),
(501,'mQbBdApR78',NULL,0,'0725859430','SEVERINA','MUROTHI','user12687@wauminisacco.co.ke',0,1,'2023-02-24 12:21:29.305093'),
(502,'m57p5hwyv7',NULL,0,'0766666510','STELLA','NKIRINA','user49422@wauminisacco.co.ke',0,1,'2023-02-24 12:37:46.748105'),
(503,'N6pK5Yf42g',NULL,0,'0717156312','PAULINA','ITUURA','user78531@wauminisacco.co.ke',0,1,'2023-02-24 12:41:32.151664'),
(504,'RSjnHBrWkK',NULL,0,'0445645431','LUCIA','KABICO','user11595@wauminisacco.co.ke',0,1,'2023-02-24 12:43:15.898952'),
(505,'vrSP3gHusz',NULL,0,'0744411110','REGINA','MWAKIRIA','user97522@wauminisacco.co.ke',0,1,'2023-02-24 12:45:21.340585'),
(506,'gkzd7DfZuF',NULL,0,'0712223333','KAITHURANIRI','GROUP','user39012@wauminisacco.co.ke',0,1,'2023-02-24 12:47:17.939507'),
(507,'E2Pg2vjKXH',NULL,0,'0723654412','FRANCIS','MBAE','user7903@wauminisacco.co.ke',0,1,'2023-02-24 12:50:59.821532'),
(508,'EUfh5RsHs4',NULL,0,'0725070168','LAWRENCE','KOBIA MUTURA','user40090@wauminisacco.co.ke',0,1,'2023-02-24 12:51:43.431423'),
(509,'BDGbAjvNRb',NULL,0,'0726555555','SAFARI','M\'RUCIAKA','user33330@wauminisacco.co.ke',0,1,'2023-02-24 12:53:16.806120'),
(510,'ek2YnPx8Fh',NULL,0,'0712050845','ROSE','KAJUJU','user41800@wauminisacco.co.ke',0,1,'2023-02-24 12:53:46.107794'),
(511,'ETG4vja2Mg',NULL,0,'0718940551','SAWERIA','MWARI','user35923@wauminisacco.co.ke',0,1,'2023-02-24 12:55:13.034843'),
(512,'w5nBRCs63Z',NULL,0,'0716202343','TERESIA','THIRINDI','user39569@wauminisacco.co.ke',0,1,'2023-02-24 12:55:35.612048'),
(513,'F5WjmUgT5p',NULL,0,'0793785859','RAEL','NKIROTE','user96201@wauminisacco.co.ke',0,1,'2023-02-24 12:59:34.821001'),
(514,'L3QTySvprB',NULL,0,'0748888880','CATHERINE','KAWIRA','user4039@wauminisacco.co.ke',0,1,'2023-02-24 12:59:50.892635'),
(515,'JksDvLmaXk',NULL,0,'0708832501','PROMINA','NCII','user40821@wauminisacco.co.ke',0,1,'2023-02-24 13:02:15.024328'),
(516,'ndYMm8sjtr',NULL,0,'0725477777','LINJOKA','C.W.A.A','user83313@wauminisacco.co.ke',0,1,'2023-02-24 13:03:00.927311'),
(517,'D5TfAVyzBu',NULL,0,'0233333301','SEBERINA','NCABANI','user16926@wauminisacco.co.ke',0,1,'2023-02-24 13:04:48.385818'),
(518,'zg8LsxcFqu',NULL,0,'0755555224','ROSE','THIRINDI SILAS','user69742@wauminisacco.co.ke',0,1,'2023-02-24 13:06:40.764119'),
(519,'eaVXTrsTny',NULL,0,'0712222300','TERESIA','NCORORO','user76167@wauminisacco.co.ke',0,1,'2023-02-24 13:07:01.172563'),
(520,'xk4Vk3kNaJ',NULL,0,'0723912107','PATRICK','MUKARIA','user2419@wauminisacco.co.ke',0,1,'2023-02-24 13:08:34.455365'),
(521,'bqfd99vhf3',NULL,0,'0752222211','MARGARET','KAUNANKUU','user48515@wauminisacco.co.ke',0,1,'2023-02-24 13:09:14.934370'),
(522,'JEh4WSER7Z',NULL,0,'0795535197','JOAKIM','MURUNGI','user63455@wauminisacco.co.ke',0,1,'2023-02-24 13:11:45.500567'),
(523,'DhYNV2dFxM',NULL,0,'0725663333','SABINA','INOMBAABU','user86441@wauminisacco.co.ke',0,1,'2023-02-24 13:12:19.230916'),
(524,'xzAsKXbcMK',NULL,0,'0712222200','SCOLASTICA','MWIKALI','user98294@wauminisacco.co.ke',0,1,'2023-02-24 13:14:03.204879'),
(525,'Qr4Ky59kYm',NULL,0,'0742232314','CELINA','KAREA','user49583@wauminisacco.co.ke',0,1,'2023-02-24 13:14:15.720094'),
(526,'ELqkZkWcJ7',NULL,0,'0746555555','HELLEN','KANARIO','user53444@wauminisacco.co.ke',0,1,'2023-02-24 13:16:07.340004'),
(527,'2JR9vmSNMy',NULL,0,'0755664687','ZAKAYO','MIRITI 842','user37378@wauminisacco.co.ke',0,1,'2023-02-24 13:16:25.650481'),
(528,'AxQN8nMMq8',NULL,0,'0725487844','JUDY KARAMBU','ISAAC','user69454@jenga-systems.com',0,1,'2023-02-24 13:18:18.506652'),
(529,'L4PKW66vGP',NULL,0,'0756565656','MONICA','KAARIO','user64072@wauminisacco.co.ke',0,1,'2023-02-24 13:21:03.752320'),
(530,'pTCY4DYYys',NULL,0,'0752222222','DAVID MICHUBU','ARIANGA','user40424@wauminisacco.co.ke',0,1,'2023-02-24 13:21:17.709102'),
(531,'au9H98Tafh',NULL,0,'0745552222','SABERA','KAGENDO','user71450@wauminisacco.co.ke',0,1,'2023-02-24 13:23:59.927225'),
(532,'VRXLYb2PWN',NULL,0,'0713464451','CATHERINE','KANGERIA','user40911@wauminisacco.co.ke',0,1,'2023-02-24 13:28:17.155918'),
(533,'HU7vCDpUsB',NULL,0,'0548876645','DAVID','NTIRITIMI','user74246@wauminisacco.co.ke',0,1,'2023-02-24 13:30:15.014938'),
(534,'un4HgyRMTJ',NULL,0,'0734631521','ZIPPORAH','NCII','user4566@wauminisacco.co.ke',0,1,'2023-02-24 13:32:14.133375'),
(535,'2GJnBCjfB9',NULL,0,'0464645454','JOANINA','KARAMBU','user21293@wauminisacco.co.ke',0,1,'2023-02-24 13:34:37.421923'),
(536,'M4abFXQeQU',NULL,0,'0725604244','JOSEPHINE','NKIROTE','user7953@wauminisacco.co.ke',0,1,'2023-02-24 13:36:26.184530'),
(537,'VMtkPpmtLw',NULL,0,'0741111111','VERONICA','NKATHA','user9138@wauminisacco.co.ke',0,1,'2023-02-24 13:37:59.385025'),
(538,'4Q9ZgR8eAD',NULL,0,'0723175124','JOHN','GITONGA','user72727@wauminisacco.co.ke',0,1,'2023-02-24 13:39:37.107619'),
(539,'JBvBu2mU7z',NULL,0,'0715555510','GLADYS','KARAMBU','user48624@wauminisacco.co.ke',0,1,'2023-02-25 06:18:26.025963'),
(540,'63MRt8dG6E',NULL,0,'0723333300','PENINA','KINYA','user36047@wauminisacco.co.ke',0,1,'2023-02-25 06:23:24.710701'),
(541,'krpcsvG7kD',NULL,0,'0745222222','FLORAH','KINYA','user26100@wauminisacco.co.ke',0,1,'2023-02-25 06:25:59.714634'),
(542,'k65fMeg7en',NULL,0,'0726666612','PETER','MBIKO','user68295@wauminisacco.co.ke',0,1,'2023-02-25 06:28:50.528394'),
(543,'cqUEJtjGW3',NULL,0,'0706119611','SABERA','GACHERI','user49226@wauminisacco.co.ke',0,1,'2023-02-25 06:32:50.810205'),
(544,'2UXWQ6y3G9',NULL,0,'0724444444','JOHN','NJUE','user61119@wauminisacco.co.ke',0,1,'2023-02-25 06:35:40.815695'),
(545,'PWS9dsKwT6',NULL,0,'0736666655','JERUSHA','KALAYU','user81860@wauminisacco.co.ke',0,1,'2023-02-25 06:39:02.897319'),
(546,'YXh2JHCUp3',NULL,0,'0742222211','PHINIUS','MUTHOMI','user82744@wauminisacco.co.ke',0,1,'2023-02-25 06:41:04.561209'),
(547,'qNFYxPhmgG',NULL,0,'0723333111','JASON','MICHENI','user75950@wauminisacco.co.ke',0,1,'2023-02-25 06:42:30.705688'),
(548,'WktPR4nfah',NULL,0,'0742222266','LEAH','MUTHONI','user25692@wauminisacco.co.ke',0,1,'2023-02-25 06:44:45.213983'),
(549,'mw7FMAjTLP',NULL,0,'0712222111','TERESIA','KATHURE','user56231@wauminisacco.co.ke',0,1,'2023-02-25 06:51:57.696109'),
(550,'waV9GB4Dcv',NULL,0,'0755441241','DANIEL','KARUTI','user13965@wauminisacco.co.ke',0,1,'2023-02-25 06:52:58.460486'),
(551,'sfFYMqByCB',NULL,0,'0743333311','JOSEPH','MUTURIA 1098','user67374@wauminisacco.co.ke',0,1,'2023-02-25 06:53:58.422767'),
(552,'DaKFB2T4F2',NULL,0,'0748888811','JACOB','MULIUKI','user37634@wauminisacco.co.ke',0,1,'2023-02-25 06:56:18.578542'),
(553,'akSL2BRd7w',NULL,0,'0733333214','MARGARET','INOKOBIA','user27348@wauminisacco.co.ke',0,1,'2023-02-25 06:57:04.841747'),
(554,'49RGjupbxT',NULL,0,'0726666699','CHRISTINE','KANANU','user42888@wauminisacco.co.ke',0,1,'2023-02-25 06:59:47.612517'),
(555,'mBzGCZcDH4',NULL,0,'0728496501','BERNARD','KUBAI','user35985@wauminisacco.co.ke',0,1,'2023-02-25 07:02:17.590512'),
(556,'7V59NarHXC',NULL,0,'0726555441','LUCY','KINYA','user8138@wauminisacco.co.ke',0,1,'2023-02-25 07:08:34.824447'),
(557,'98XMvgu6B9',NULL,0,'0710239364','JERUSHA','RWITO','user70839@wauminisacco.co.ke',0,1,'2023-02-25 07:10:08.792495'),
(558,'gSNNpnkUSP',NULL,0,'0745111122','MBIKO','THABUCIANA','user88424@wauminisacco.co.ke',0,1,'2023-02-25 07:11:22.321294'),
(559,'MGB24GF3vf',NULL,0,'0765545444','ISAYA','MURUNGI KIREMA','user66499@wauminisacco.co.ke',0,1,'2023-02-25 07:13:24.064808'),
(560,'MASWsSEvY3',NULL,0,'0725222222','MOSES','THURANIRA','user72033@wauminisacco.co.ke',0,1,'2023-02-25 07:16:40.277772'),
(561,'pdxNxDW42T',NULL,0,'0711112222','LINJOKA','C.W.A.B','user61409@wauminisacco.co.ke',0,1,'2023-02-25 07:30:31.662002'),
(562,'WS58TNygxa',NULL,0,'0714786524','ZAKAYO','KAINGA','user87414@wauminisacco.co.ke',0,1,'2023-02-25 07:55:11.475615'),
(564,'TYmq8xRhFN',NULL,0,'0755660641','MARTHA','MUITI','user32270@wauminisacco.co.ke',0,1,'2023-02-25 07:59:08.357345'),
(565,'Aawvfacmup',NULL,0,'0704362508','LAWRENCE','MIRITI MUNGANIA','user95018@wauminisacco.co.ke',0,1,'2023-02-25 08:03:28.526795'),
(566,'fcEAymvMFU',NULL,0,'0664461204','AMOS','MWITI','user24020@wauminisacco.co.ke',0,1,'2023-02-25 08:06:00.969897'),
(568,'ZtHtgSkkPK',NULL,0,'0582565552','JANE','MUTHONI','user4054@wauminisacco.co.ke',0,1,'2023-02-25 08:09:29.795349'),
(569,'KcxHLNwuak',NULL,0,'0581655550','JANE','MUTHONI','user82525@jenga-systems.com',0,1,'2023-02-25 08:10:08.732229'),
(570,'MnTr8PFdKy',NULL,0,'0715473889','SUSAN','KALOKI','user76012@wauminisacco.co.ke',0,1,'2023-02-25 08:59:21.373790'),
(571,'DhPwET2RcE',NULL,0,'0745111100','SHADRACK','MWITHALIE','user72899@wauminisacco.co.ke',0,1,'2023-02-25 09:03:16.319396'),
(572,'Ze9gPBqwCL',NULL,0,'0701241297','EMILIO','KAIRIRA','user62247@wauminisacco.co.ke',0,1,'2023-02-25 09:04:36.531993'),
(573,'BDKerwWdnm',NULL,0,'0754121221','RUCIU','BIRITHIA','user96781@wauminisacco.co.ke',0,1,'2023-02-25 09:10:04.831743'),
(574,'Bgw8QJuCZL',NULL,0,'0712220000','JACUBU','MUTURIA','user7980@wauminisacco.co.ke',0,1,'2023-02-25 09:13:48.377566'),
(575,'Ur4tmw5MuR',NULL,0,'0722641060','FRIDAH','NYAMBURA','user44169@wauminisacco.co.ke',0,1,'2023-02-25 09:16:08.536549'),
(576,'ZZErXmgkad',NULL,0,'0100444411','PAUL','MWITI','user70705@wauminisacco.co.ke',0,1,'2023-02-25 09:17:49.540771'),
(577,'s4sq2YYrtk',NULL,0,'0750401361','BEATRICE','KINYA','user76843@wauminisacco.co.ke',0,1,'2023-02-27 07:15:23.111006'),
(578,'hW2kK3Y9re',NULL,0,'0713879983','JOANINA','NKATHA','user19003@wauminisacco.co.ke',0,1,'2023-02-27 07:18:24.618442'),
(579,'JAYUFGBKdE',NULL,0,'0725859432','GERALD MUTURA',' KIREMA','user89179@wauminisacco.co.ke',0,1,'2023-02-27 07:50:30.757110'),
(580,'U2HNyDhG5f',NULL,0,'0754444111','EDWARD','MURITHI','user94333@wauminisacco.co.ke',0,1,'2023-02-27 07:55:47.276701'),
(581,'Xu3sq5mZZr',NULL,0,'0725367261','STEPHENE','NTIRITIMI','user18613@wauminisacco.co.ke',0,1,'2023-02-27 08:13:27.165013'),
(582,'PkLDGxLA4p',NULL,0,'0741111133','ZAKAYO','MIRITI 1045','user44213@wauminisacco.co.ke',0,1,'2023-02-27 08:16:17.239568'),
(583,'faRJGF49RC',NULL,0,'0728003333','SABERA','KANINI','user29968@wauminisacco.co.ke',0,1,'2023-02-27 08:18:11.062279'),
(584,'dHZxa8hepU',NULL,0,'0710254246','WILSON','MUTHINE','user53207@wauminisacco.co.ke',0,1,'2023-02-27 09:15:26.719042'),
(585,'3xUZkXZ3bD',NULL,0,'0799110622','KAYUKI','M\'MUKARIA','user99010@wauminisacco.co.ke',0,1,'2023-02-27 09:17:14.441068'),
(586,'dkPg3ymy5n',NULL,0,'0768705255','GRACE','KAARI','user90747@wauminisacco.co.ke',0,1,'2023-02-27 09:21:57.563465'),
(587,'nPWkhtyEyt',NULL,0,'0720103156','TERESIA ','KOBIA NCORORO','user44199@wauminisacco.co.ke',0,1,'2023-02-27 09:57:39.985482'),
(588,'BPRYvrATE5',NULL,0,'0729142439','GEORGE','OUKO','user46426@wauminisacco.co.ke',0,1,'2023-02-27 10:03:25.635092'),
(589,'Pqum9Dhv4y',NULL,0,'0723326660','TERESIA','KALAYU','user24593@wauminisacco.co.ke',0,1,'2023-02-27 10:04:59.662487'),
(590,'QJKUG23DAu',NULL,0,'0720011040','PAMELA','KENDI BAARIU','user77526@wauminisacco.co.ke',0,1,'2023-02-27 11:13:17.022167'),
(591,'yzXjnsuCfp',NULL,0,'0708351022','AGNES','KANANU','user869@wauminisacco.co.ke',0,1,'2023-02-27 11:15:02.016253'),
(592,'7wPvMBSDcJ',NULL,0,'0724465408','REBECCA','NCORORO','user31207@wauminisacco.co.ke',0,1,'2023-02-27 11:16:49.783877'),
(593,'jrQn56dc4U',NULL,0,'0725865888','LUCY KATHURE','MUKIUKI','user35921@wauminisacco.co.ke',0,1,'2023-02-27 11:20:20.696364'),
(594,'vFgargTYGk',NULL,0,'0712255555','JUDITH','KANANU','user33230@wauminisacco.co.ke',0,1,'2023-02-27 11:29:00.647890'),
(595,'ZxU2s5z8He',NULL,0,'0753000111','ROBERT','MUTWIRI','user98644@wauminisacco.co.ke',0,1,'2023-02-27 11:38:56.624245'),
(596,'az3DbJCEFr',NULL,0,'0751763426','PATRICK','MWENDA','user53873@wauminisacco.co.ke',0,1,'2023-02-27 13:16:42.724531'),
(597,'uxK8dMeZPN',NULL,0,'0724917638','RAPHAEL','MICHENI','user97707@wauminisacco.co.ke',0,1,'2023-02-27 13:22:53.885981'),
(598,'gfJDwy5bEn',NULL,0,'0748879614','UPENDO','S.H.G','user20510@wauminisacco.co.ke',0,1,'2023-02-27 13:31:18.359315'),
(599,'zMetUZkfU3',NULL,0,'0745666600','MARGARET','KARIMI','user85942@wauminisacco.co.ke',0,1,'2023-02-27 13:36:36.182676'),
(600,'njs9WJhWvE',NULL,0,'0729001100','PENINA','KENDI','user91596@wauminisacco.co.ke',0,1,'2023-02-28 06:23:21.880041'),
(601,'VApXrJqGkh',NULL,0,'0722393574','PAUL  MUGAMBI','MATI','user34374@wauminisacco.co.ke',0,1,'2023-02-28 06:27:08.207839'),
(602,'JN7g4eZ5Rh',NULL,0,'0723569561','JACKSON  KOBIA','NKOMONGO','user43293@wauminisacco.co.ke',0,1,'2023-02-28 06:31:40.116239'),
(603,'ak9MWyysjG',NULL,0,'0739742896','LAARE PARISH','YOUTH PROJECT','user70175@wauminisacco.co.ke',0,1,'2023-02-28 06:41:00.797948'),
(604,'sZQUTuVZTJ',NULL,0,'0728010607','MICHUBU','NATHANI MUKARIA','user9929@wauminisacco.co.ke',0,1,'2023-02-28 06:43:59.880315'),
(605,'AUXe7kA8sf',NULL,0,'0713491541','JUDY KAUNANKUU','NKUNJA','user21857@wauminisacco.co.ke',0,1,'2023-02-28 06:46:22.273406'),
(606,'37fUg8zXNp',NULL,0,'0713477887','MARGARET','NKATHA NTOIBIRI','user82665@wauminisacco.co.ke',0,1,'2023-02-28 07:01:07.158246'),
(607,'LNhY5HbG2E',NULL,0,'0702390765','AQUILINO','ITUMITU','user34675@wauminisacco.co.ke',0,1,'2023-02-28 07:06:50.456716'),
(608,'tH3SVY6pdk',NULL,0,'0702390760','MARGARET','NCORORO MANYARA.','user6345@wauminisacco.co.ke',0,1,'2023-02-28 07:27:57.390495'),
(609,'JY65Tsfj9b',NULL,0,'0717492016','JENIFFER','KARIMI','user51476@wauminisacco.co.ke',0,1,'2023-02-28 07:36:26.340643'),
(610,'aXR9tvUqhb',NULL,0,'0712390765','LAARE PARISH','C.W.A A/C 85','user16472@wauminisacco.co.ke',0,1,'2023-02-28 07:57:18.615226'),
(611,'rjga82tsBW',NULL,0,'0710798148','LUKUNUNU CATHOLIC','WELFARE GROUP','user97974@wauminisacco.co.ke',0,1,'2023-02-28 08:03:59.166475'),
(612,'sDu5DCNsJu',NULL,0,'0704517892','ST PETER & PAUL','CENTRE LAARE A/C 11','user13636@wauminisacco.co.ke',0,1,'2023-02-28 08:08:11.662099'),
(613,'njbEbRyLjT',NULL,0,'0702391393','SILAS','BAARIU A/C 130','user55095@wauminisacco.co.ke',0,1,'2023-02-28 08:09:58.516835'),
(614,'d8ek6L6tkE',NULL,0,'0724567631','PATRICK KIMATHU','KABWI','user48725@wauminisacco.co.ke',0,1,'2023-02-28 08:12:16.337145'),
(615,'Y4feKxuzXn',NULL,0,'0729092725','CHRISTINE  KANYUA A/C 166','','user14021@wauminisacco.co.ke',0,1,'2023-02-28 08:20:33.078596'),
(616,'aJParAMtm2',NULL,0,'0739719048','BERNARD','MWNDIA MUTURA','user51771@wauminisacco.co.ke',0,1,'2023-02-28 08:23:06.739776'),
(617,'5XGnTXEUBL',NULL,0,'0722223449','LARE','PARISH','user27449@wauminisacco.co.ke',0,1,'2023-02-28 08:26:19.259334'),
(618,'geFq2gcD5X',NULL,0,'0721596212','JULIUS  MWITHALIE  A/C 163','','user76887@wauminisacco.co.ke',0,1,'2023-02-28 08:28:31.341460'),
(619,'NLuTfRxadm',NULL,0,'0713588657','JOHN','M\'ERIMBA','user29228@example.com',0,1,'2023-02-28 08:32:31.155277'),
(620,'cs8mttZcky',NULL,0,'0721420176','LAARE 1ST MASS','TENT PROJECT','user64188@wauminisacco.co.ke',0,1,'2023-02-28 08:36:37.138065'),
(621,'pxCrX9gjwv',NULL,0,'0707721498','LAARE PARISH C.W.A','2ND MASS A/C 107','user56143@wauminisacco.co.ke',0,1,'2023-02-28 08:38:22.184119'),
(622,'r85KTTWYpU',NULL,0,'0727631530','BABTISM 10%  A/C 110','','user68712@wauminisacco.co.ke',0,1,'2023-02-28 08:42:21.405124'),
(623,'5Dan3S3sdm',NULL,0,'0720191015','LAARE PARISH','CHOIR','user81804@wauminisacco.co.ke',0,1,'2023-02-28 08:47:24.881220'),
(624,'AbX6mkFhDn',NULL,0,'0700237482','MBAINE','IBWATHU','user33836@wauminisacco.co.ke',0,1,'2023-02-28 09:52:09.817779'),
(625,'2AxdBrkFxn',NULL,0,'0720784509','ISAAC','NTARANGWI','user64351@wauminisacco.co.ke',0,1,'2023-02-28 09:54:18.834043'),
(626,'UwEcFRqB9T',NULL,0,'0726339530','MERCY','MWENDWA','user52655@wauminisacco.co.ke',0,1,'2023-02-28 09:59:27.385376'),
(627,'tDf5ctjY3D',NULL,0,'0702154200','EVANS','KOOME A/C 157','user56816@wauminisacco.co.ke',0,1,'2023-02-28 10:00:59.485234'),
(628,'yfCcfDy7Yg',NULL,0,'0722102045','PAUL','MUTEMBEI','user42065@wauminisacco.co.ke',0,1,'2023-02-28 10:02:27.510740'),
(629,'Zr27kKHF2H',NULL,0,'0709355925','WITETHIE SELF','HELP GROUP A/C 154','user86094@wauminisacco.co.ke',0,1,'2023-02-28 11:26:46.122469'),
(630,'KMbTJfuBsv',NULL,0,'0712890701','ASINTA KABARWA','KILUNGE','user36019@wauminisacco.co.ke',0,1,'2023-03-01 06:48:11.571245'),
(631,'T46d8CDCZz',NULL,0,'0707746685','STANLEY','MURUNGI SAVING','user88539@wauminisacco.co.ke',0,1,'2023-03-01 06:49:56.849449'),
(632,'9bzbv2HBM5',NULL,0,'0732869089','DOREEN KATHURE','DOUGLAS','user3931@wauminisacco.co.ke',0,1,'2023-03-01 06:54:31.269344'),
(633,'3eCAQHMZDj',NULL,0,'0722680241','ROBERT','NTONJIRA','user50909@wauminisacco.co.ke',0,1,'2023-03-01 06:57:58.353298'),
(634,'scYzWnv5X3',NULL,0,'0708697178','PROMINA','NCII','user95896@wauminisacco.co.ke',0,1,'2023-03-01 06:59:34.859657'),
(635,'DpCQxZmBFz',NULL,0,'0724734155','MARTHA','GAKENI A/C 150','user25326@wauminisacco.co.ke',0,1,'2023-03-01 07:02:46.650810'),
(636,'K7zsygE8Zx',NULL,0,'0702375698','TERESIA THIRINDI','ROBERT','user78394@wauminisacco.co.ke',0,1,'2023-03-01 07:05:30.651885'),
(637,'4P9sFNcLKe',NULL,0,'0709907475','SUSAN','KADOGO','user65140@wauminisacco.co.ke',0,1,'2023-03-01 07:07:08.385590'),
(638,'eCNKk5sbTR',NULL,0,'0702391028','SAWERIA','MWARI SAVING','user93674@wauminisacco.co.ke',0,1,'2023-03-01 07:09:52.396829'),
(639,'6h4uNL4y2P',NULL,0,'0725080351','ST. FAUSTINA A/C 143','','user7317@wauminisacco.co.ke',0,1,'2023-03-01 07:19:34.926934'),
(640,'qZC8W3Wrx2',NULL,0,'0702375219','BEATRICE','NAIRUCI','user65309@wauminisacco.co.ke',0,1,'2023-03-01 07:21:05.684181'),
(641,'9nQj8xbMXc',NULL,0,'0725133256','PMC ACCOUNT','','user91318@wauminisacco.co.ke',0,1,'2023-03-01 07:24:17.708463'),
(642,'6cDxuXnQzH',NULL,0,'0702392873','TERESIA NCORORO','M\'MUKIRA','user15078@wauminisacco.co.ke',0,1,'2023-03-01 07:26:02.311635'),
(643,'KHDDBKffeU',NULL,0,'0713586907','REGINA KAREMA','MUKARIA','user83776@wauminisacco.co.ke',0,1,'2023-03-01 07:27:50.126299'),
(644,'eDm8RADpAW',NULL,0,'0722223450','NTHINGIRI','PRAYER HOUSE  A/C 137','user83706@wauminisacco.co.ke',0,1,'2023-03-01 07:36:03.439205'),
(645,'Z2dtfDXBC8',NULL,0,'0723130398','SHADRACK MWITHALII & JUDY KARAMBU','','user10188@wauminisacco.co.ke',0,1,'2023-03-01 07:53:25.765784'),
(646,'EQjWmwNXC7',NULL,0,'0723750510','M\'UTHAKA','M\'MUCHEKE','user60923@wauminisacco.co.ke',0,1,'2023-03-01 07:55:07.262146'),
(647,'r52SNAMe7b',NULL,0,'0721548732','LACOTEC','','user29461@wauminisacco.co.ke',0,1,'2023-03-01 08:00:50.526638'),
(648,'k6qNAAU2ea',NULL,0,'0713360323','DAVID','MUNGATHIA','user94224@wauminisacco.co.ke',0,1,'2023-03-01 08:05:28.072399'),
(649,'TueFCEcEUV',NULL,0,'0720605076','LAWRENCE KOBIA','MUTURA','user53795@wauminisacco.co.ke',0,1,'2023-03-01 08:08:08.514151'),
(650,'jdzHWBfPew',NULL,0,'0720187136','RUTH','KATHURE','user41234@wauminisacco.co.ke',0,1,'2023-03-01 08:09:28.318769'),
(651,'6MYEn4J3UH',NULL,0,'0702375706','MWAMBIA','M\'IMANYARA','user62882@wauminisacco.co.ke',0,1,'2023-03-01 08:11:51.147257'),
(652,'nftSv3SX9Q',NULL,0,'0711326454','CATHERINE','KAMAMI','user59491@wauminisacco.co.ke',0,1,'2023-03-01 08:16:07.715214'),
(653,'7KcDxpcPVN',NULL,0,'0754216680','SELF','RELIANCE','user18689@wauminisacco.co.ke',0,1,'2023-03-01 08:18:30.599079'),
(654,'T3LtM7UmrP',NULL,0,'0729937174','C.M.A','UTENSILS','user66091@wauminisacco.co.ke',0,1,'2023-03-01 08:24:13.242072'),
(655,'aaQbUrKUcw',NULL,0,'0713588678','LUKUNUNU','CENTRE','user28718@wauminisacco.co.ke',0,1,'2023-03-01 08:26:26.039685'),
(656,'AgmrypNhFd',NULL,0,'0777214980','LAARE PARISH','REGISTRATION C.W.A  A/C 23','user13526@wauminisacco.co.ke',0,1,'2023-03-01 09:52:57.861499'),
(657,'UPf7kFpJWN',NULL,0,'0721564569','LINJOKA','CWA B','user10562@wauminisacco.co.ke',0,1,'2023-03-01 10:00:53.230389'),
(658,'hRULLhPKHn',NULL,0,'0721763224','MISSION CHURCH','SUPPORT','user45248@wauminisacco.co.ke',0,1,'2023-03-02 06:22:56.485739'),
(659,'kxT85mcbwB',NULL,0,'0784512360','JUSTO','MUNGATHIA','user39583@wauminisacco.co.ke',0,1,'2023-03-02 06:25:36.603712'),
(660,'nUWWwxJJDf',NULL,0,'0725080352','JUMUIYA ST. JOSEPH','LAARE  A/C 118','user53048@wauminisacco.co.ke',0,1,'2023-03-02 06:29:22.734851'),
(661,'PT8UXwJ22Y',NULL,0,'0713587303','ISAYA MURUNGI','KIREMA','user87572@wauminisacco.co.ke',0,1,'2023-03-02 06:31:47.714633'),
(662,'PNzTbeuSvX',NULL,0,'0723059363','CATHERINE','KARIMI','user4189@wauminisacco.co.ke',0,1,'2023-03-02 06:33:21.287288'),
(663,'AdgHCdYLnf',NULL,0,'0754212001','ROSEMARY NLORO','NJILU','user17695@wauminisacco.co.ke',0,1,'2023-03-02 06:35:13.287125'),
(664,'R3cvJyLYje',NULL,0,'0710460710','joseph murithi','nyaga','user94436@wauminisacco.co.ke',0,1,'2023-03-02 06:43:29.692586'),
(665,'3pX3dMNm4J',NULL,0,'0725050660','REGINA','KAGENDO','user68893@wauminisacco.co.ke',0,1,'2023-03-02 06:45:49.338647'),
(666,'mDzM66Ptph',NULL,0,'0734030978','AMOS','MUTUMA   SAVING','user42010@wauminisacco.co.ke',0,1,'2023-03-02 06:49:22.501476'),
(667,'hqWxuwDJC6',NULL,0,'0710239365','JERUSHA','RWITO','user37716@wauminisacco.co.ke',0,1,'2023-03-02 07:08:23.577770'),
(668,'pHHFjQ34gr',NULL,0,'0702374904','C.W.A PROJECT','','user19757@example.com',0,1,'2023-03-02 07:20:47.901689'),
(669,'JVnueJWLtB',NULL,0,'0727047273','CATECHIST','','user20850@wauminisacco.co.ke',0,1,'2023-03-02 07:25:08.928027'),
(670,'yk8M58NrMz',NULL,0,'0711544023','KAELO','CENTRE','user2474@wauminisacco.co.ke',0,1,'2023-03-02 09:18:56.678410'),
(671,'NBjapQhTDx',NULL,0,'0725133251','KIULA','CHOIR','user49303@wauminisacco.co.ke',0,1,'2023-03-02 09:32:03.299327'),
(672,'QxK6N5uhCk',NULL,0,'0726539910','MWERONGUNDU  CATHOLIC','CHOIR','user98745@wauminisacco.co.ke',0,1,'2023-03-02 09:37:01.988208'),
(673,'UgVq6g9DSh',NULL,0,'0723219538','LAARE ADORATION','GROUP A/C 82','user12602@wauminisacco.co.ke',0,1,'2023-03-02 09:40:51.216786'),
(674,'Gup5FwVRGz',NULL,0,'0710898830','LAARE CATHOLIC MORNING','GLORY A/C 81','user15428@wauminisacco.co.ke',0,1,'2023-03-02 09:44:05.627113'),
(675,'QBeW38aVBR',NULL,0,'0742496981','MARY MUTHONI','','user11495@wauminisacco.co.ke',0,1,'2023-03-02 09:50:26.554612'),
(676,'VrQjbFsHmb',NULL,0,'0724555411','ANNASTACIA','MWARI','user71026@wauminisacco.co.ke',0,1,'2023-03-02 09:56:04.065137'),
(677,'BcYTypjBSq',NULL,0,'0729171487','JOSEPH','KINYUA','user82094@wauminisacco.co.ke',0,1,'2023-03-02 10:03:05.577123'),
(678,'AkHTQ4LF9J',NULL,0,'0725273606','MARIRI','CENTRE','user91866@wauminisacco.co.ke',0,1,'2023-03-02 12:39:01.711195'),
(679,'WsC4rwuSaV',NULL,0,'0700652240','MWERONGUNDU','CENTRE','user8029@wauminisacco.co.ke',0,1,'2023-03-02 12:53:29.143773'),
(680,'XSUByV55tZ',NULL,0,'0704249698','UPENDO','GROUP','user42367@wauminisacco.co.ke',0,1,'2023-03-02 13:11:12.697736'),
(681,'UrqnVWBjZy',NULL,0,'0720154870','K K ETAMA','CENTRE A/C 102','user90388@wauminisacco.co.ke',0,1,'2023-03-02 13:20:03.164727'),
(682,'Jx8pWDXN7W',NULL,0,'0727313752','C.M.A PETROL STATION','A/C 51','user88189@wauminisacco.co.ke',0,1,'2023-03-03 06:33:46.992931'),
(683,'pcX9tcuJcG',NULL,0,'0722524770','FR LAWRENCE','GITONGA','user43092@wauminisacco.co.ke',0,1,'2023-03-03 07:41:14.162939'),
(684,'HACWKgUTcs',NULL,0,'0731772800','HOPE  GROUP','','user25193@wauminisacco.co.ke',0,1,'2023-03-03 07:55:20.802351'),
(685,'ucXjtDnhCd',NULL,0,'0708410428','MAXWEEL','AMBENGE','user17076@example.com',0,1,'2023-03-10 09:02:04.333454'),
(686,'zwa33YY9ks',NULL,0,'0718437961','AGATA','NKATHA ','user7935@wauminisacco.co.ke',0,1,'2023-03-15 07:44:13.694120'),
(687,'QUGg32xRnG',NULL,0,'0720022000','CARMELINA','KAGUNDA','user3396@wauminisacco.co.ke',0,1,'2023-03-21 07:32:18.157187'),
(688,'BmNNQCET5A',NULL,0,'0794777800','KARANGU','M MWENDA','user98608@wauminisacco.co.ke',0,0,'2023-03-23 12:22:16.142761'),
(689,'gscXSeqpzT',NULL,0,'0769033031','MARY ATIA','JACOMINO','user59686@wauminisacco.co.ke',0,1,'2023-03-29 07:39:47.698389'),
(690,'EakQ6E8cuJ',NULL,0,'0710897261','JULIUS','MICUBU M\'IBUI','user29359@wauminisacco.co.ke',0,1,'2023-04-03 11:33:55.625508'),
(691,'QDhNC66DRA',NULL,0,'0725784512','EMILY  ','KENDI','user8862@wauminisacco.co.ke',0,0,'2023-04-12 06:53:02.877719'),
(692,'VxrAPKUY4C',NULL,0,'0733314031','NICHOLAS','NYAGA','user91384@wauminisacco.co.ke',0,1,'2023-04-26 07:44:35.132439'),
(693,'AaQ38NkY4L',NULL,0,'0725925151','VICTORIANUS','MUROKI MWENDA','user33179@wauminisacco.co.ke',0,1,'2023-05-17 07:35:47.975826'),
(694,'QjrRgBeajV',NULL,0,'0710897262','JULIUS','MICUBU M\'IBUI','user89943@wauminisacco.co.ke',0,1,'2023-05-17 08:57:54.520780'),
(695,'ATCuB3A5R3',NULL,0,'0701422148','PRISCILLA','KATHURE','user77536@wauminisacco.co.ke',0,1,'2023-06-20 08:29:00.563457'),
(696,'Y4DJBBaJU3',NULL,0,'0720549300','MARY','KATHURE','user42069@wauminisacco.co.ke',0,1,'2023-06-20 08:32:51.412799'),
(697,'uJj3aBLJyL',NULL,0,'0753700060','ANDREW','KIRIAMANA','user39221@wauminisacco.co.ke',0,1,'2023-06-20 12:17:44.405979'),
(698,'K6rkAvENp5',NULL,0,'0700000210','WENDANI','GROUP','user90027@wauminisacco.co.ke',0,1,'2023-06-22 10:00:19.283659'),
(699,'CAhhda7Ksc',NULL,0,'0732906797','SABINA','MBURA  A/C 184','user34710@wauminisacco.co.ke',0,1,'2023-06-23 09:02:57.352659'),
(707,'JptDDD6Pvf',NULL,0,'0732900022','SABINA','MBURA  A/C 184','user47997@wauminisacco.co.ke',0,1,'2023-06-23 09:04:04.604214'),
(708,'QkwCD6WCTG',NULL,0,'0769827700','BORNIFACE','KINYUA A/C 185','user54738@wauminisacco.co.ke',0,1,'2023-06-23 09:10:13.292064'),
(709,'e2jnfDE78S',NULL,0,'0725925150','VITORIANUS','MUROKI MWENDA   A/C 186','user90762@wauminisacco.co.ke',0,1,'2023-06-23 09:15:49.965591'),
(710,'dLT3zTrYyx',NULL,0,'0111001112','NJENGA MURIMI','MUKARIA A/C 187','user75151@wauminisacco.co.ke',0,1,'2023-06-23 09:18:07.424927'),
(711,'w2ZdQtmrSP',NULL,0,'0740337705','KENSON MUNENE','NKUNJA  A/C 188','user91715@wauminisacco.co.ke',0,1,'2023-06-23 09:21:58.155420'),
(712,'ZcZfzPnkJq',NULL,0,'0723935980','JERUSHA INOMBAABU','NTONGAI A/C 189','user54108@wauminisacco.co.ke',0,1,'2023-06-23 09:24:32.100214'),
(713,'TsxCUkMfEw',NULL,0,'0758478825','AMOS','MUCHUI','user87040@wauminisacco.co.ke',0,1,'2023-07-04 06:43:53.321973'),
(714,'sMP66z7BrG',NULL,0,'0725341299','JEREMIAH','GITONGA MITHEU','user11434@wauminisacco.co.ke',0,1,'2023-08-10 13:07:07.573599'),
(715,'uKtDs94rBa',NULL,0,'0757692603','ANN  KABIRITHO','PATRICK','user79558@wauminisacco.co.ke',0,1,'2023-08-10 13:13:07.576257'),
(716,'c8azp6kXCU',NULL,0,'0716666064','EVANGELINE','KANANU','user13717@wauminisacco.co.ke',0,1,'2023-08-10 13:15:51.045802'),
(717,'RChbgeJfaV',NULL,0,'0124578100','MOSES','KABERIA','user62084@wauminisacco.co.ke',0,1,'2023-08-10 13:18:11.270504'),
(718,'E4F36aB4z5',NULL,0,'0796764406','JUSTUS   KAMENCU','KIREMA','user19143@wauminisacco.co.ke',0,1,'2023-08-10 13:20:12.995872'),
(719,'PPSEpdkbcU',NULL,0,'0796745021','JUSTUS   KAMENCU','KIREMA','user62740@wauminisacco.co.ke',0,1,'2023-08-10 13:21:16.254660'),
(720,'c9jqUxb6Ef',NULL,0,'0734197634','AMOS','MUNYAGA','user40588@wauminisacco.co.ke',0,1,'2023-08-12 06:47:36.719503'),
(721,'27dBfFFAWv',NULL,0,'0753364979','CHRISTINE','MWENDWA A/C 183','user7115@wauminisacco.co.ke',0,1,'2023-08-12 06:56:57.836515');

UNLOCK TABLES;

/*Table structure for table `auth_user_groups` */

DROP TABLE IF EXISTS `auth_user_groups`;

CREATE TABLE `auth_user_groups` (
  `id` bigint NOT NULL AUTO_INCREMENT,
  `user_id` int NOT NULL,
  `group_id` int NOT NULL,
  PRIMARY KEY (`id`),
  UNIQUE KEY `auth_user_groups_user_id_group_id_94350c0c_uniq` (`user_id`,`group_id`),
  KEY `auth_user_groups_group_id_97559544_fk_auth_group_id` (`group_id`),
  CONSTRAINT `auth_user_groups_group_id_97559544_fk_auth_group_id` FOREIGN KEY (`group_id`) REFERENCES `auth_group` (`id`) ON DELETE RESTRICT ON UPDATE RESTRICT,
  CONSTRAINT `auth_user_groups_user_id_6a12ed8b_fk_auth_user_id` FOREIGN KEY (`user_id`) REFERENCES `auth_user` (`id`) ON DELETE RESTRICT ON UPDATE RESTRICT
) ENGINE=InnoDB AUTO_INCREMENT=1611 DEFAULT CHARSET=utf8mb4 COLLATE=utf8mb4_general_ci;

/*Data for the table `auth_user_groups` */

LOCK TABLES `auth_user_groups` WRITE;

insert  into `auth_user_groups`(`id`,`user_id`,`group_id`) values 
(820,12,2),
(896,13,2),
(1398,15,2),
(1532,16,2),
(964,17,2),
(829,18,2),
(830,19,2),
(831,20,2),
(962,21,2),
(832,22,2),
(833,23,2),
(819,24,2),
(1383,25,2),
(1381,26,2),
(982,27,2),
(1380,28,2),
(1090,29,2),
(1379,30,2),
(972,32,2),
(1376,33,2),
(1375,34,2),
(1374,35,2),
(970,36,2),
(1373,37,2),
(41,38,2),
(1372,39,2),
(1371,40,2),
(974,41,2),
(45,42,2),
(1369,43,2),
(1348,44,2),
(1349,45,2),
(975,46,2),
(1004,47,2),
(1003,48,2),
(969,49,2),
(818,50,2),
(984,51,2),
(1351,52,2),
(1002,53,2),
(1352,55,2),
(1353,56,2),
(1354,57,2),
(1355,58,2),
(1356,59,2),
(1357,60,2),
(1001,61,2),
(1358,62,2),
(1592,63,2),
(1359,64,2),
(999,65,2),
(1360,66,2),
(815,68,2),
(1399,69,2),
(1400,70,2),
(951,71,2),
(1401,72,2),
(1404,73,2),
(1406,74,2),
(1407,75,2),
(852,76,2),
(1408,77,2),
(854,78,2),
(1045,79,2),
(1046,80,2),
(869,81,2),
(856,82,2),
(857,83,2),
(858,84,2),
(1409,85,2),
(1047,86,2),
(859,87,2),
(1048,88,2),
(861,89,2),
(1049,90,2),
(862,91,2),
(1051,92,2),
(1410,93,2),
(864,94,2),
(1411,95,2),
(866,96,2),
(1413,97,2),
(1052,98,2),
(1412,99,2),
(103,100,2),
(1005,101,2),
(1006,102,2),
(1007,103,2),
(1008,104,2),
(989,105,2),
(1287,106,2),
(1288,107,2),
(1009,108,2),
(1010,109,2),
(1011,110,2),
(1012,111,2),
(1289,112,2),
(1013,113,2),
(1290,114,2),
(1014,115,2),
(1015,116,2),
(1016,117,2),
(1017,118,2),
(1018,119,2),
(1291,120,2),
(1019,121,2),
(1292,122,2),
(814,123,2),
(1350,124,2),
(1361,125,2),
(1362,126,2),
(1363,127,2),
(994,128,2),
(1364,129,2),
(993,130,2),
(1365,131,2),
(992,132,2),
(1366,133,2),
(1367,134,2),
(1083,135,2),
(1368,136,2),
(1305,137,2),
(1306,138,2),
(1307,139,2),
(1308,140,2),
(1309,141,2),
(1312,142,2),
(1311,143,2),
(1313,144,2),
(1314,145,2),
(1315,146,2),
(1316,147,2),
(1317,148,2),
(1318,149,2),
(1321,150,2),
(1326,151,2),
(1328,152,2),
(1396,153,2),
(1332,154,2),
(1340,155,2),
(990,156,2),
(845,157,2),
(872,158,2),
(1053,159,2),
(1415,160,2),
(871,161,2),
(1392,162,2),
(1054,163,2),
(170,164,2),
(1416,165,2),
(1417,166,2),
(870,167,2),
(875,168,2),
(1055,169,2),
(1418,170,2),
(877,171,2),
(1056,172,2),
(1419,173,2),
(878,174,2),
(1590,175,2),
(880,176,2),
(1598,177,2),
(1420,178,2),
(847,179,2),
(881,180,2),
(1421,181,2),
(1422,182,2),
(1528,183,2),
(1058,184,2),
(883,185,2),
(884,186,2),
(842,187,2),
(1423,188,2),
(827,189,2),
(196,190,2),
(1059,191,2),
(885,192,2),
(886,193,2),
(887,194,2),
(1062,195,2),
(888,196,2),
(1424,197,2),
(1063,198,2),
(1425,199,2),
(889,200,2),
(890,201,2),
(1426,202,2),
(891,203,2),
(892,204,2),
(893,205,2),
(1477,206,2),
(834,207,2),
(1427,208,2),
(1065,209,2),
(1428,210,2),
(897,211,2),
(1084,212,2),
(1397,213,2),
(898,214,2),
(899,215,2),
(1429,216,2),
(1430,217,2),
(1435,218,2),
(1436,219,2),
(1437,220,2),
(950,221,2),
(900,222,2),
(1438,223,2),
(1439,224,2),
(901,225,2),
(1066,226,2),
(1067,227,2),
(985,228,2),
(1440,229,2),
(775,230,2),
(1441,231,2),
(763,232,2),
(1442,233,2),
(762,234,2),
(1443,235,2),
(1444,236,2),
(1445,237,2),
(1446,238,2),
(1447,239,2),
(1068,240,2),
(1069,241,2),
(1070,242,2),
(1448,243,2),
(849,244,2),
(1449,245,2),
(1071,246,2),
(1450,247,2),
(1393,248,2),
(1451,249,2),
(1169,251,2),
(1453,252,2),
(1455,253,2),
(1072,254,2),
(1073,255,2),
(1456,256,2),
(1457,257,2),
(1458,258,2),
(1459,259,2),
(1460,260,2),
(1462,261,2),
(1074,262,2),
(1463,263,2),
(758,264,2),
(1464,265,2),
(821,266,2),
(902,267,2),
(274,268,2),
(1466,269,2),
(839,270,2),
(904,271,2),
(817,272,2),
(928,273,2),
(1467,274,2),
(905,275,2),
(1469,276,2),
(816,277,2),
(1470,278,2),
(1471,279,2),
(1472,280,2),
(1473,281,2),
(1475,282,2),
(1474,283,2),
(1478,284,2),
(907,285,2),
(822,286,2),
(1479,287,2),
(1482,288,2),
(908,289,2),
(911,290,2),
(825,291,2),
(1394,292,2),
(1483,293,2),
(1485,294,2),
(1484,295,2),
(1486,296,2),
(1487,297,2),
(1488,298,2),
(1489,299,2),
(1490,300,2),
(1080,301,2),
(1491,302,2),
(1481,303,2),
(1503,304,2),
(1493,305,2),
(1494,306,2),
(1502,307,2),
(1498,308,2),
(1501,309,2),
(1500,310,2),
(1504,311,2),
(1505,312,2),
(1506,313,2),
(1507,314,2),
(1508,315,2),
(1510,316,2),
(1511,317,2),
(1512,318,2),
(1513,319,2),
(1514,320,2),
(1515,321,2),
(1516,322,2),
(1120,323,2),
(1121,324,2),
(1122,325,2),
(1123,326,2),
(1064,327,2),
(1124,328,2),
(1125,329,2),
(336,330,2),
(1126,331,2),
(1127,333,2),
(1128,334,2),
(1129,335,2),
(1130,336,2),
(1131,337,2),
(1132,338,2),
(1133,339,2),
(1134,340,2),
(1135,341,2),
(1085,342,2),
(956,343,2),
(1136,344,2),
(1137,345,2),
(1138,346,2),
(440,347,4),
(955,348,2),
(1139,349,2),
(954,350,2),
(1140,351,2),
(1141,352,2),
(1142,353,2),
(953,354,2),
(1589,355,2),
(958,356,4),
(1144,357,2),
(1145,358,2),
(952,359,2),
(1146,360,2),
(1147,361,2),
(1148,362,2),
(1149,363,2),
(1150,364,2),
(1151,365,2),
(1152,366,2),
(1153,367,2),
(1154,368,2),
(1155,369,2),
(1156,370,2),
(912,371,2),
(1157,372,2),
(1158,373,2),
(1159,374,2),
(1160,375,2),
(1161,376,2),
(1078,377,2),
(1163,378,2),
(1164,379,2),
(1173,380,2),
(1178,381,2),
(1088,382,2),
(930,383,2),
(1179,384,2),
(1181,385,2),
(1182,386,2),
(937,387,2),
(848,388,2),
(941,389,2),
(1185,390,2),
(1184,391,2),
(1183,392,2),
(1186,393,2),
(873,394,2),
(407,395,2),
(1187,396,2),
(1191,397,2),
(1079,398,2),
(1192,399,2),
(1197,400,2),
(1200,401,2),
(1201,402,2),
(1202,403,2),
(1203,404,2),
(1206,405,2),
(1205,406,2),
(1521,407,2),
(1212,408,2),
(1214,409,2),
(1216,410,2),
(1218,411,2),
(1219,412,2),
(1217,413,2),
(1215,414,2),
(1523,415,2),
(944,416,2),
(1213,417,2),
(1033,418,2),
(1193,419,2),
(1271,420,2),
(1194,421,2),
(1272,422,2),
(1195,423,2),
(1196,424,2),
(1207,425,2),
(1208,426,2),
(1209,427,2),
(1210,428,2),
(1188,429,2),
(1189,430,2),
(1190,431,2),
(945,432,2),
(942,433,2),
(940,435,2),
(939,436,2),
(938,437,2),
(936,438,2),
(1220,439,2),
(1221,440,2),
(1222,441,2),
(1223,442,2),
(1229,443,2),
(1034,444,2),
(1230,445,2),
(1231,446,2),
(1232,447,2),
(1035,449,2),
(1233,450,2),
(1454,451,2),
(813,452,2),
(1036,453,2),
(1096,454,2),
(1274,455,2),
(1275,456,2),
(1097,457,2),
(1235,458,2),
(1276,459,2),
(1236,460,2),
(1038,461,2),
(1277,462,2),
(1040,463,2),
(1237,464,2),
(1041,465,2),
(1238,466,2),
(1239,467,2),
(1278,468,2),
(1279,469,2),
(1280,470,2),
(1086,471,2),
(1043,472,2),
(1044,473,2),
(1496,474,2),
(1282,475,2),
(1107,476,2),
(1108,477,2),
(1283,478,2),
(1284,479,2),
(1285,480,2),
(1109,481,2),
(1111,482,2),
(1110,483,2),
(1112,484,2),
(1113,485,2),
(1114,486,2),
(1115,487,2),
(1240,488,2),
(1241,489,2),
(1098,490,2),
(505,491,2),
(1099,492,2),
(840,493,2),
(1242,494,2),
(868,495,2),
(1243,496,2),
(1244,497,2),
(1100,498,2),
(1246,499,2),
(1247,500,2),
(1101,501,2),
(1116,502,2),
(1180,503,2),
(1118,504,2),
(1248,505,2),
(1249,506,2),
(1119,507,2),
(998,508,2),
(1162,509,2),
(1250,510,2),
(1165,511,2),
(1091,512,2),
(1092,513,2),
(1166,514,2),
(1251,515,2),
(1168,516,2),
(1252,517,2),
(843,518,2),
(1452,519,2),
(1253,520,2),
(1170,521,2),
(1093,522,2),
(1171,523,2),
(1172,524,2),
(1254,525,2),
(1174,526,2),
(1599,527,2),
(542,528,2),
(1094,529,2),
(1087,530,2),
(1175,531,2),
(1256,532,2),
(1257,533,2),
(1258,534,2),
(1259,535,2),
(1095,536,2),
(1322,537,2),
(1323,538,2),
(1324,539,2),
(1325,540,2),
(1327,541,2),
(1329,542,2),
(1331,543,2),
(1333,544,2),
(1334,545,2),
(1335,546,2),
(1336,547,2),
(1337,548,2),
(1338,549,2),
(1260,550,2),
(1339,551,2),
(1341,552,2),
(1261,553,2),
(1342,554,2),
(1344,555,2),
(1345,556,2),
(1103,557,2),
(1346,558,2),
(1104,559,2),
(1347,560,2),
(1081,561,2),
(1026,562,2),
(1105,564,2),
(1106,565,2),
(1262,566,2),
(1263,568,2),
(583,569,2),
(1293,570,2),
(1295,571,2),
(1020,572,2),
(1296,573,2),
(1297,574,2),
(1298,575,2),
(1299,576,2),
(1021,577,2),
(1022,578,2),
(1300,579,2),
(1301,580,2),
(1302,581,2),
(1303,582,2),
(1304,583,2),
(1028,584,2),
(1029,585,2),
(1265,586,2),
(1596,587,2),
(1030,588,2),
(1266,589,2),
(1267,590,2),
(1268,591,2),
(1031,592,2),
(1032,593,2),
(1269,594,2),
(1270,595,2),
(1378,596,2),
(613,597,2),
(614,598,2),
(615,599,2),
(616,600,2),
(617,601,2),
(618,602,2),
(619,603,2),
(1382,604,2),
(621,605,2),
(622,606,2),
(1517,607,2),
(1593,608,2),
(625,609,2),
(1586,610,2),
(627,611,2),
(1597,612,2),
(1525,613,2),
(630,614,2),
(1524,615,2),
(1377,616,2),
(633,617,2),
(1522,618,2),
(636,619,2),
(637,620,2),
(1585,621,2),
(1583,622,2),
(640,623,2),
(641,624,2),
(1076,625,2),
(643,626,2),
(1527,627,2),
(645,628,2),
(1584,629,2),
(648,630,2),
(921,631,2),
(1370,632,2),
(651,633,2),
(652,634,2),
(1582,635,2),
(654,636,2),
(837,637,2),
(919,638,2),
(1526,639,2),
(836,640,2),
(659,641,2),
(660,642,2),
(661,643,2),
(1580,644,2),
(663,645,2),
(1050,646,2),
(665,647,2),
(666,648,2),
(995,649,2),
(1199,650,2),
(1077,651,2),
(1402,652,2),
(671,653,2),
(672,654,2),
(673,655,2),
(1581,656,2),
(675,657,2),
(676,658,2),
(677,659,2),
(1538,660,2),
(1024,661,2),
(1000,662,2),
(681,663,2),
(682,664,2),
(683,665,2),
(1089,666,2),
(1102,667,2),
(687,668,2),
(688,669,2),
(689,670,2),
(690,671,2),
(691,672,2),
(1539,673,2),
(1577,674,2),
(694,675,2),
(1465,676,2),
(1468,677,2),
(697,678,2),
(698,679,2),
(699,680,2),
(1578,681,2),
(1520,682,2),
(981,683,2),
(979,684,2),
(720,685,2),
(1391,686,2),
(986,687,2),
(876,688,2),
(1529,689,2),
(927,690,2),
(1594,691,2),
(959,692,2),
(960,693,2),
(1384,694,2),
(1385,695,2),
(1388,696,2),
(1414,697,2),
(1518,698,2),
(1530,699,2),
(1531,707,2),
(1533,708,2),
(1534,709,2),
(1535,710,2),
(1536,711,2),
(1591,712,2),
(1588,713,2),
(1601,714,2),
(1602,715,2),
(1603,716,2),
(1604,717,2),
(1605,718,2),
(1606,719,2),
(1607,720,2),
(1610,721,2);

UNLOCK TABLES;

/*Table structure for table `auth_user_user_permissions` */

DROP TABLE IF EXISTS `auth_user_user_permissions`;

CREATE TABLE `auth_user_user_permissions` (
  `id` bigint NOT NULL AUTO_INCREMENT,
  `user_id` int NOT NULL,
  `permission_id` int NOT NULL,
  PRIMARY KEY (`id`),
  UNIQUE KEY `auth_user_user_permissions_user_id_permission_id_14a6b632_uniq` (`user_id`,`permission_id`),
  KEY `auth_user_user_permi_permission_id_1fbb5f2c_fk_auth_perm` (`permission_id`),
  CONSTRAINT `auth_user_user_permi_permission_id_1fbb5f2c_fk_auth_perm` FOREIGN KEY (`permission_id`) REFERENCES `auth_permission` (`id`) ON DELETE RESTRICT ON UPDATE RESTRICT,
  CONSTRAINT `auth_user_user_permissions_user_id_a95ead1b_fk_auth_user_id` FOREIGN KEY (`user_id`) REFERENCES `auth_user` (`id`) ON DELETE RESTRICT ON UPDATE RESTRICT
) ENGINE=InnoDB DEFAULT CHARSET=utf8mb4 COLLATE=utf8mb4_general_ci;

/*Data for the table `auth_user_user_permissions` */

LOCK TABLES `auth_user_user_permissions` WRITE;

UNLOCK TABLES;

/*Table structure for table `django_admin_log` */

DROP TABLE IF EXISTS `django_admin_log`;

CREATE TABLE `django_admin_log` (
  `id` int NOT NULL AUTO_INCREMENT,
  `action_time` datetime(6) NOT NULL,
  `object_id` longtext COLLATE utf8mb4_general_ci,
  `object_repr` varchar(200) COLLATE utf8mb4_general_ci NOT NULL,
  `action_flag` smallint unsigned NOT NULL,
  `change_message` longtext COLLATE utf8mb4_general_ci NOT NULL,
  `content_type_id` int DEFAULT NULL,
  `user_id` int NOT NULL,
  PRIMARY KEY (`id`),
  KEY `django_admin_log_content_type_id_c4bce8eb_fk_django_co` (`content_type_id`),
  KEY `django_admin_log_user_id_c564eba6_fk_auth_user_id` (`user_id`),
  CONSTRAINT `django_admin_log_content_type_id_c4bce8eb_fk_django_co` FOREIGN KEY (`content_type_id`) REFERENCES `django_content_type` (`id`) ON DELETE RESTRICT ON UPDATE RESTRICT,
  CONSTRAINT `django_admin_log_user_id_c564eba6_fk_auth_user_id` FOREIGN KEY (`user_id`) REFERENCES `auth_user` (`id`) ON DELETE RESTRICT ON UPDATE RESTRICT
) ENGINE=InnoDB AUTO_INCREMENT=22 DEFAULT CHARSET=utf8mb4 COLLATE=utf8mb4_general_ci;

/*Data for the table `django_admin_log` */

LOCK TABLES `django_admin_log` WRITE;

insert  into `django_admin_log`(`id`,`action_time`,`object_id`,`object_repr`,`action_flag`,`change_message`,`content_type_id`,`user_id`) values 
(1,'2023-02-03 10:23:04.518531','1','SystemAdmin',1,'[{\"added\": {}}]',2,1),
(2,'2023-02-03 10:23:17.454195','2','Member',1,'[{\"added\": {}}]',2,1),
(3,'2023-02-03 10:23:21.386144','3','SystemUser',1,'[{\"added\": {}}]',2,1),
(4,'2023-02-03 10:23:24.534242','4','SystemAccountant',1,'[{\"added\": {}}]',2,1),
(5,'2023-02-16 03:28:51.982096','8','0703410428',3,'',3,1),
(6,'2023-02-16 03:28:51.987937','7','0705410428',3,'',3,1),
(7,'2023-02-16 03:28:51.992169','6','0706410428',3,'',3,1),
(8,'2023-02-16 03:28:51.996429','5','0707410428',3,'',3,1),
(9,'2023-02-16 03:28:52.000072','2','0708410428',3,'',3,1),
(10,'2023-02-16 03:28:52.002302','4','0709410428',3,'',3,1),
(11,'2023-02-16 03:28:52.006023','9','0714274187',3,'',3,1),
(12,'2023-02-16 03:28:52.009814','11','0808431428',3,'',3,1),
(13,'2023-02-16 03:28:52.013357','10','amb',3,'',3,1),
(14,'2023-02-16 03:28:52.016811','3','ambenge',3,'',3,1),
(15,'2023-02-21 07:41:16.970273','14','0727555693',2,'[{\"changed\": {\"fields\": [\"Groups\"]}}]',3,1),
(16,'2023-02-21 07:41:34.195530','14','0727555693',2,'[]',3,1),
(17,'2023-02-21 07:41:55.223890','120','0726162350',2,'[{\"changed\": {\"fields\": [\"Groups\"]}}]',3,1),
(18,'2023-02-21 08:00:43.026781','347','karimi',2,'[{\"changed\": {\"fields\": [\"Groups\"]}}, {\"changed\": {\"name\": \"user profile\", \"object\": \"karimi\", \"fields\": [\"Member no shares\", \"Member no savings\", \"Id no\"]}}]',3,1),
(19,'2023-02-21 08:03:46.828225','347','karimi',2,'[{\"changed\": {\"fields\": [\"Active\"]}}]',3,1),
(20,'2023-02-21 08:05:58.664614','347','karimi',2,'[{\"changed\": {\"fields\": [\"Email address\"]}}]',3,1),
(21,'2023-02-21 08:09:08.505144','356','meshack',2,'[{\"changed\": {\"fields\": [\"Active\"]}}, {\"changed\": {\"name\": \"user profile\", \"object\": \"meshack\", \"fields\": [\"Member no shares\", \"Member no savings\", \"Id no\"]}}]',3,1);

UNLOCK TABLES;

/*Table structure for table `django_content_type` */

DROP TABLE IF EXISTS `django_content_type`;

CREATE TABLE `django_content_type` (
  `id` int NOT NULL AUTO_INCREMENT,
  `app_label` varchar(100) COLLATE utf8mb4_general_ci NOT NULL,
  `model` varchar(100) COLLATE utf8mb4_general_ci NOT NULL,
  PRIMARY KEY (`id`),
  UNIQUE KEY `django_content_type_app_label_model_76bd3d3b_uniq` (`app_label`,`model`)
) ENGINE=InnoDB AUTO_INCREMENT=23 DEFAULT CHARSET=utf8mb4 COLLATE=utf8mb4_general_ci;

/*Data for the table `django_content_type` */

LOCK TABLES `django_content_type` WRITE;

insert  into `django_content_type`(`id`,`app_label`,`model`) values 
(18,'admin','logentry'),
(17,'api','account'),
(16,'api','balance'),
(15,'api','capitalshares'),
(14,'api','cheque'),
(21,'api','counter'),
(22,'api','fines'),
(5,'api','loan'),
(20,'api','loanfee'),
(13,'api','nhif'),
(12,'api','passbook'),
(11,'api','payments'),
(10,'api','processing'),
(9,'api','registration'),
(8,'api','settings'),
(7,'api','shares'),
(6,'api','userprofile'),
(2,'auth','group'),
(1,'auth','permission'),
(3,'auth','user'),
(4,'contenttypes','contenttype'),
(19,'sessions','session');

UNLOCK TABLES;

/*Table structure for table `django_migrations` */

DROP TABLE IF EXISTS `django_migrations`;

CREATE TABLE `django_migrations` (
  `id` bigint NOT NULL AUTO_INCREMENT,
  `app` varchar(255) COLLATE utf8mb4_general_ci NOT NULL,
  `name` varchar(255) COLLATE utf8mb4_general_ci NOT NULL,
  `applied` datetime(6) NOT NULL,
  PRIMARY KEY (`id`)
) ENGINE=InnoDB AUTO_INCREMENT=38 DEFAULT CHARSET=utf8mb4 COLLATE=utf8mb4_general_ci;

/*Data for the table `django_migrations` */

LOCK TABLES `django_migrations` WRITE;

insert  into `django_migrations`(`id`,`app`,`name`,`applied`) values 
(1,'contenttypes','0001_initial','2023-02-03 10:20:56.827527'),
(2,'auth','0001_initial','2023-02-03 10:20:57.512754'),
(3,'api','0001_initial','2023-02-03 10:21:02.293985'),
(4,'api','0002_alter_account_transaction_id_and_more','2023-02-03 10:21:02.560772'),
(5,'api','0003_alter_account_transaction_id_and_more','2023-02-03 10:21:02.745507'),
(6,'api','0004_alter_account_transaction_id_and_more','2023-02-03 10:21:02.939331'),
(7,'api','0005_alter_account_transaction_id_and_more','2023-02-03 10:21:03.195043'),
(8,'api','0006_alter_account_transaction_id_and_more','2023-02-03 10:21:03.380689'),
(9,'admin','0001_initial','2023-02-03 10:21:46.359464'),
(10,'admin','0002_logentry_remove_auto_add','2023-02-03 10:21:46.384598'),
(11,'admin','0003_logentry_add_action_flag_choices','2023-02-03 10:21:46.412910'),
(12,'contenttypes','0002_remove_content_type_name','2023-02-03 10:21:46.516743'),
(13,'auth','0002_alter_permission_name_max_length','2023-02-03 10:21:46.634456'),
(14,'auth','0003_alter_user_email_max_length','2023-02-03 10:21:46.671118'),
(15,'auth','0004_alter_user_username_opts','2023-02-03 10:21:46.704793'),
(16,'auth','0005_alter_user_last_login_null','2023-02-03 10:21:46.791449'),
(17,'auth','0006_require_contenttypes_0002','2023-02-03 10:21:46.801065'),
(18,'auth','0007_alter_validators_add_error_messages','2023-02-03 10:21:46.850082'),
(19,'auth','0008_alter_user_username_max_length','2023-02-03 10:21:46.905678'),
(20,'auth','0009_alter_user_last_name_max_length','2023-02-03 10:21:46.965027'),
(21,'auth','0010_alter_group_name_max_length','2023-02-03 10:21:47.076506'),
(22,'auth','0011_update_proxy_permissions','2023-02-03 10:21:47.116094'),
(23,'auth','0012_alter_user_first_name_max_length','2023-02-03 10:21:47.184248'),
(24,'sessions','0001_initial','2023-02-03 10:21:47.228506'),
(25,'api','0007_alter_account_transaction_id_and_more','2023-02-03 10:58:07.685599'),
(26,'api','0008_rename_amount_registration_savings_entrance_fee_and_more','2023-02-03 10:59:40.896738'),
(27,'api','0003_auto_20230211_1556','2023-02-11 12:56:49.747251'),
(28,'api','0004_auto_20230211_1556','2023-02-11 12:57:01.622548'),
(29,'api','0004_counter_alter_account_transaction_id_and_more','2023-04-24 11:13:06.620444'),
(30,'api','0005_counter_s_unpaid_reg_alter_account_transaction_id_and_more','2023-04-24 11:13:06.860650'),
(31,'api','0006_counter_t_loan_alter_account_transaction_id_and_more','2023-04-24 11:13:07.097960'),
(32,'api','0007_delete_counter_alter_account_transaction_id_and_more','2023-04-24 11:13:07.404141'),
(33,'api','0008_counter_alter_account_transaction_id_and_more','2023-04-24 11:13:07.685406'),
(34,'api','0009_remove_counter_created_on_and_more','2023-04-24 11:13:07.921106'),
(35,'api','0010_alter_account_transaction_id_and_more','2023-04-24 11:13:08.890229'),
(36,'api','0011_fines_fine_no_fines_transaction_id_and_more','2023-04-24 11:13:09.501478'),
(37,'api','0012_fines_is_paid_alter_account_transaction_id_and_more','2023-04-24 11:13:09.885914');

UNLOCK TABLES;

/*Table structure for table `django_session` */

DROP TABLE IF EXISTS `django_session`;

CREATE TABLE `django_session` (
  `session_key` varchar(40) COLLATE utf8mb4_general_ci NOT NULL,
  `session_data` longtext COLLATE utf8mb4_general_ci NOT NULL,
  `expire_date` datetime(6) NOT NULL,
  PRIMARY KEY (`session_key`),
  KEY `django_session_expire_date_a5c62663` (`expire_date`)
) ENGINE=InnoDB DEFAULT CHARSET=utf8mb4 COLLATE=utf8mb4_general_ci;

/*Data for the table `django_session` */

LOCK TABLES `django_session` WRITE;

insert  into `django_session`(`session_key`,`session_data`,`expire_date`) values 
('05ivrg7tnrg11o5bo5bw6k3ea5ro8yan','.eJxVjEEOgjAQRa9iuhbSdhigLN17BjKdtlIlkNBiYox3FxI2bP9773_FSCn3xDm-Y_6ITmipoZC60HhRulNNh1JcRU9rHvo1-aWPbrMA6_NqiV9-2pF70vSYS56nvERb7kp50FTeZ-fH2-GeDgZKw1YzBgrSGauoNdZQy0rKgAYgaBM0Wuaq1V5B1QAQO0SpONSIULNtFIjfHwbLQlI:1pVqgk:gKJrjdhnj1djvzBwJ5cT5Fgd8c5XwW5vKZb__PcQgJk','2023-03-11 09:17:54.107073'),
('097hey58c9upo6gvpgkukxcfh86ggg20','eyJsYXN0X2FjdGl2aXR5IjoiMjAyMy0wNC0xOSAxMzoxOToyNiJ9:1pp4uN:lerII6TzoIq2S35bI5pObZLWaaGhjNDwUAdKveS7Un0','2023-05-03 10:19:27.695657'),
('0fxwzs5l527jebhftsit0q6g2wwh7dpl','eyJsYXN0X2FjdGl2aXR5IjoiMjAyMy0wNS0wNyAyMjo0Mzo1MiJ9:1pvkIS:nPwYygnA79hAtXNT3cpoXBx7bsa9cwiF_VwS0Lmc8oE','2023-05-21 19:43:52.429364'),
('0j21o6asii3oa73q0nsdjg49d3gwuqfl','eyJsYXN0X2FjdGl2aXR5IjoiMjAyMy0wOC0wNiAxNTozNzozNiJ9:1qSd0q:3M9pQnhEbWhSIYeFvD4XnsV4ZIFJPygu4bcq1-ahtuA','2023-08-20 12:37:36.643070'),
('0onuyh94e7naj6b4k0q0y7mx0yxnoe8m','.eJxVjcsOgjAQRX_FdC3NTGkLZeneb2imL6kaSGgxMcZ_VxI2bO85OffDnlSqJV_zK9c3G5gA0TbQNognNIPqBwXszCytdbRriYvN4W_hcXPkH3HaQLjTdJu5n6e6ZMc3he-08Osc4vOyu4fASGXczgWQCppIBCkdGAmu66N2aGJSkCIYrzWiQNTGGa19AoGdkDK0SXRRs-8PgxtBKQ:1pb2YU:CJq9Z0L43mGd9wdBhy4gqCmSu4PgogOXfkKOuALVEV8','2023-03-25 16:58:50.700382'),
('0snlmw6tj7e73oaly6v2csqu2paan39d','eyJsYXN0X2FjdGl2aXR5IjoiMjAyMy0wMy0wMSAwOToyNDozNiJ9:1pXFtE:YBKd7SQ6HacQ9sblwBHC58PZAAOc5AZqDzq22yTuwCo','2023-03-15 06:24:36.852194'),
('11dvpocpxlebxlfoa1ltxxcyz5r4mzx9','.eJxVjMsOgjAQRX_FdC1NmaEtsHTvNzR9TKVKIKHFxBj_XUhY6Paec8-bGbuWwayZFpMC6xlKxc6_q7P-QdOOwt1Ot5n7eSpLcnxX-EEzv86Bxsvh_gUGm4ftDU4GL5WOrRcqRocOPZIAIgmtVQRI1pHuGtkKDUpoqiUE2aqICKjrLTraXIz1JT1Tee1JAVgJqABPousb3WPHPl9nNkIL:1pV5OF:vBjMgmG7_RjsZawq9qcrZawXJFmYT8u_mIu_Kr4ogww','2023-03-09 06:47:39.088830'),
('12qrbez9iohildgzx2zeih4lhfn7nlyr','eyJsYXN0X2FjdGl2aXR5IjoiMjAyMy0wNi0yOSAxNDoyMDoxNiJ9:1qEphA:msMseFJrf5F3f9Hc-PhwjEDS-rbsawd5a19Uck53BvA','2023-07-13 11:20:16.156827'),
('15dcsm4apzndrsrtiy0wcw7wiw22zceo','eyJsYXN0X2FjdGl2aXR5IjoiMjAyMy0wNy0xNyAxMjo0NzozMiJ9:1qLKpJ:5qJzwGg9cnj3XUp-11hH4yQldqTWkOsMiGZl34kIbG8','2023-07-31 09:47:33.003850'),
('2avmbzsr6pa4j39tnvz3tmduyrh8513s','eyJsYXN0X2FjdGl2aXR5IjoiMjAyMy0wMi0yMCAxMTo1MDozOSJ9:1pU1sd:QHURq2-DWnylhPNk1yBdpT7WGfgEYGOzu-_KZzhbd_8','2023-03-06 08:50:39.627351'),
('2ernw35xa30l4u918fz48r8zl0x04nwv','eyJsYXN0X2FjdGl2aXR5IjoiMjAyMy0wNi0yMiAxNDoyMzoyOCJ9:1qCIPQ:XHGMyRmm1XxtRcEQzOTAV1fEyxurzugLVRYWMGKhK5g','2023-07-06 11:23:28.611799'),
('2hnlfnhr9geme8oksxx9c8wx60telbbe','eyJsYXN0X2FjdGl2aXR5IjoiMjAyMy0wMi0xNSAxODowNjozNCJ9:1pSJMg:4p_3I-mdiXFeDwkkV6PNWZAzdNaKp4WvJQIgbC4ojO8','2023-03-01 15:06:34.265077'),
('2zhdexw4awa52biiu1gqj1sw0bjs1cz2','.eJxVjEEOgjAQRa9iupamTFtKWbr3DGTazghKIIFiYox3FxI2bP9773_FgEtuMeb-3eePaAQo0IWCQtlLCY31DRhxFS2uuWvXhea2T5tVnreA8UXjDtITx8ck4zTmuQ9yV-RBF3mfEg23wz0ddLh0Wx29SbYmAkZvDGl2ZQB21iWt68jeKi7RUQWkOChnoNYqVszRegRLXvz-o5pCPA:1pObnw:dnQPMpc4ly2OYIyuND_oau7qIZGeOpH6wTdtRG_pbww','2023-02-19 09:59:24.739418'),
('352qc7yhe4fpx4eod33mwpi6ue4jrpwv','.eJxVjMsOgjAQRX_FdC2kHegDlu79BjLtDFIlkNBiYoz_LiRs2N5zzv2KEVPuMOT4jvkjWgESqkKaQuqLalppW6jEVXS45qFbEy9dpM2qtDmvHsOLpx3RE6fHXIZ5ykv05a6UB03lfSYeb4d7OhgwDVtdgwKrGCuPDNxYp1xPVAfNRmr0zknEnlFh35uGbQBvmMiBId3UzCR-fxT7Q7o:1q6Cjr:joWuZGjZIz-gDZCy2Qe9VpfWdBBaFiXarYsKMMK_6jM','2023-06-19 16:07:23.870875'),
('3hztlhceqzxihpzonrlpexasuags9z99','eyJsYXN0X2FjdGl2aXR5IjoiMjAyMy0wNi0yOSAxNDoyMDoxNiJ9:1qEphA:msMseFJrf5F3f9Hc-PhwjEDS-rbsawd5a19Uck53BvA','2023-07-13 11:20:16.167401'),
('3j4unx22tb0sn9bz57xbq78nio3jkwl3','eyJsYXN0X2FjdGl2aXR5IjoiMjAyMy0wNC0wOCAwODozNDo0OSJ9:1pl1Du:bKvgyNuOCB1HlHAbzD_qR6lXfsja4NNCOLTnE8wt8NQ','2023-04-22 05:34:50.320749'),
('3llxu17j673e7nyoe86letmjuz4k36wf','eyJsYXN0X2FjdGl2aXR5IjoiMjAyMy0wNS0yOSAxMjoxMTo1MSJ9:1q3Yut:skF6rlFE_1SPqL1w9mj4y-R3MR19vMW5taJxZub4KIU','2023-06-12 09:11:51.375388'),
('4acyzmcuqsnl342liek0aoekq1hzwhwl','.eJxVjMsKgzAQRX-lZF3D5DURl933G8KYR00rCiYWSum_V8GN23vOuV82UqmOfM3vXD-sYxKkasA0or0I1QnRScmuzNFaB7eWuLgcNkuct578K047CE-aHjP381SX3PNd4Qct_D6HON4O93QwUBm2GiRo7YPG1hokhUmiUsEGpGgRhW91UhCUBQM2CUAkS9EgJhuVFtCz3x9hb0DK:1q0HW5:6zImf81gwYnlyTdEKkgfvid-amfWJEMrcSdz--l9ZBg','2023-06-03 08:00:41.714540'),
('4e0ykdhpqa15uv2zbdtpzi4hycv6n9pp','.eJxVjMEKgzAQRH-l5Fwl2STGeOy93yCbZLfaioLGQin99yp4EeY07818xYBLbjHm_t3nj2gESNCFhALURclmjxZX0eKau3ZdaG77tFnq3AWMLxp3kJ44PqYyTmOe-1DuSnnQpbxPiYbb4Z4OOly6bR29SbYmAkZvDGl2KgA765LWdWRvJSt0VAFJDtIZqLWMFXO0HsGSF78_lntCKQ:1pUMmz:Of9qyAA_Xxwf9WhQKzpY2P0SH5VjLdZcXMKf0zn1YHM','2023-03-07 07:10:13.534430'),
('4h95fsxy7kmoad6hb8z8kz6405v22ymr','eyJsYXN0X2FjdGl2aXR5IjoiMjAyMy0wNC0yMCAxNTo1MDozMCJ9:1ppTk7:Q273Y3YzXq6O5Mivj3buXpeLPhvQYM9sIr5vNMx0-60','2023-05-04 12:50:31.016128'),
('4i59t65i6g9fkj725kl22w3e4bqjms8i','.eJxVjMsOgjAQRX_FdC3N9DVFlu79hmboQ6oEElpMjPHfxYQN23vOuR82UqmOfM2vXN-sYxKkasA0oE5w6aTspGVn5mitg1tLXFwOmyWOW0_-Gac_CA-a7jP381SX3PO_wnda-G0Ocbzu7uFgoDJsNUjQ2geNrTVICpNEpYINSNEiCt_qpCAoCwZsEoBIlqJBTDYqLaBn3x9lakDQ:1pu5sp:ubs8tD3zejyMrn2xc3S8SK-TXTWwg1vBJX6KrsL8-S8','2023-05-17 06:22:35.462678'),
('54gt8kqg9q6sdth9oz4ya7n61hl1gtw0','eyJsYXN0X2FjdGl2aXR5IjoiMjAyMy0wMy0xNyAxNDoxODo1OSJ9:1pd86t:_K1uSGVW_Zpyu6dALm16X8BPwoiD9w-Mc8btQ-OgOOE','2023-03-31 11:18:59.357414'),
('5vgxhlk8qeoiryinninnkzb3ru50hn0y','eyJsYXN0X2FjdGl2aXR5IjoiMjAyMy0wNy0xMSAxMDowMjowMCJ9:1qJ7No:rKHHl4fithh6SqWaKzyLeWNrHt3PRT07vd8X3w50Kp0','2023-07-25 07:02:00.881564'),
('5z343f3rplr5itr19svikz9hu495vaog','.eJxVjEEOgjAQRa9iupam7TBAWbr3DM10SgUlkNBiYox3FxI2bP9773_FSCk74jy8h_wRrTDKQKFMYfCidatVq6y4Ckdr7t2ausUNYbMAq_PqiV_dtKPwpOkxS56nvAxe7oo8aJL3OXTj7XBPBz2lfqsZI0UVrNfUWG-pYa1URAsQjY0GPXPZmE5DWQMQB0SlOVaIULGvNYjfHwPvQk4:1pVpdF:4OntKUGUW7zYBXGw8zrXSiIUeo_Nw0WC44PRrosrfpo','2023-03-11 08:10:13.133954'),
('6hzbmhnvftegy4bb1nk6sjitm3htyk9r','eyJsYXN0X2FjdGl2aXR5IjoiMjAyMy0wNi0yOSAxNDoyMDoxNiJ9:1qEphA:msMseFJrf5F3f9Hc-PhwjEDS-rbsawd5a19Uck53BvA','2023-07-13 11:20:16.182786'),
('6wh2y1a7z30ogpfspyk0uwjleya2p42n','.eJxVjMEOgyAQBX-l4VwJLIjosfd-A1lgqbZGE8EmTdN_ryYe2uubefNmDtfSuzXT4obIOqZqw86_q8fwoGlH8Y7TbeZhnsoyeL4r_KCZX-dI4-Vw_wI95n57a5DQSELlkYDaxkqbYtShJiNq9NYKxEQoMSXTUhPAG4rRgol1q4n26Ii5OAxleA7ltSVBgKqEqaA9Sd2B6oRhny-yxEO6:1qEpju:TTGpO8ZQoSu_9cMsAKPlNVRBjhmPSDxLVzxOcOZ1_6s','2023-07-13 11:23:06.197147'),
('6xyua5jysqklo0nw7vxqqh9mobn4obmu','eyJsYXN0X2FjdGl2aXR5IjoiMjAyMy0wNS0xNyAwOToxMjo0NiJ9:1pzAP8:XlFKe5cbSo_jtCFlO-eHH6CKkdbt52hhexH6jfzhgTU','2023-05-31 06:12:54.918174'),
('700fq6rws2py60dyko72vdwl68dy3fze','eyJsYXN0X2FjdGl2aXR5IjoiMjAyMy0wNS0yMyAwOTozMjo1MiJ9:1q1LZk:HS2XaplDNo0fNdxzPGwBAjukVaDkNgIo77cRHTQv6mY','2023-06-06 06:32:52.446906'),
('7ah34dnpcx08hq714y3cxautfsvl28gl','eyJsYXN0X2FjdGl2aXR5IjoiMjAyMy0wMy0yOSAwOTowODozOCJ9:1phOz8:mFBTwijR7h7x7XiVfSdcYqVEzpH7qeJEry6UmiD6-Bo','2023-04-12 06:08:38.245782'),
('7bnt8ugq9bqgnz9bm4rrg05snmfbn8bh','.eJxVjEsKwkAQRK8is9ah59cdsnTvGUJnPmZUEshMBBHvbgLZBGpV71V9xYtL7djX_M71I1qhQZsLuDUnRa12rUJxFh0vdeiWEucuh9VSx65n_4zjBsKDx_sk_TTWOfdyU-ROi7xNIb6uu3s4GLgM6xo0WOuDxYYcssGk0ZhAATkSovKNTQaCIXBASQEiE0eHmCgaq6AXvz9m2UDS:1puwN8:ID37ZeB8NUiw4oTIklKoTg0QSB3zCg3mKDy3NPzEIjw','2023-05-19 14:25:22.323197'),
('7bp2q5mv9wd0cm7z0hluiooero2rr7aq','.eJxVjMEOgyAQBX-l4VwJoCB67L3fQBZ2qbRGE8EmTdN_ryZevL6ZeV82Qi4OQknvVD6sZ0qouhK6EuoiRS-6Xmp2ZQ7WMrg10-ISblatzXn1EF407QifMD1mHuapLMnzXeEHzfw-I423wz0dDJCHrW6UVK0kqD2Qoq610kbEJmgyQoO3VgBEAgkxmo7aoLwhRKsM6q4hQvb7Aw3NQ7A:1ptk8T:D-vAOJ525l14w-VfZPHVeP8xcpUNEvK5GXYr2YVTV50','2023-05-16 07:09:17.094082'),
('83zea11yfn4y63a4tce3x3jamkn8q0iv','.eJxVjEEKgzAQRa9Ssq4yySQz4rL7nkHGJNa0oqCxUErvXgU3bv9773_VIEtuxOf0TvmjamXAYAGuMHjRWCPWhtVVNbLmvlmXODcpbJY-b634Vxx3EJ4yPqbST2OeU1vuSnnQpbxPIQ63wz0d9LL0Ww0GrPXBUsWOBKkzhBg4kEQm0r6yHUJABgfcaSASluiIOo5oNbTq9wdku0DP:1q2QqV:gRcYE45_NEuwjksL5oD5Lm1sFI4R-qN0J4APwVKnVlc','2023-06-09 06:22:39.738188'),
('846v9pc9zdu3wglio912ftbjex7q2l29','eyJsYXN0X2FjdGl2aXR5IjoiMjAyMy0wNi0yOSAxNDoyMDoxNiJ9:1qEphA:msMseFJrf5F3f9Hc-PhwjEDS-rbsawd5a19Uck53BvA','2023-07-13 11:20:16.168596'),
('8aintdjbl3obyy8objj43o9pf3t8dyik','eyJsYXN0X2FjdGl2aXR5IjoiMjAyMy0wNC0wNCAxMDo1MzoxMSJ9:1pjbTc:7Fa9oi1wyhNddXYioHVgwY9gG5_ok9i8CTk4Pk1FQGA','2023-04-18 07:53:12.121950'),
('8kq8bzail8at023qcveck4ijzab91mwm','eyJsYXN0X2FjdGl2aXR5IjoiMjAyMy0wNy0wNCAxMTo1MTo1NCJ9:1qGblL:2Ryzpp25UdAS53V9Cp9pK2Z9q7xbqIJd8sKj-zT7G5A','2023-07-18 08:51:55.083617'),
('9bbpbaasakvufi7vqp0ikkbm9w4x3wfv','.eJxdjMsOgjAQRX_FdC1NX5TC0r3f0Ew7U0EJJLSYGOO_Cwkb3d5zzn2zEXLxEMvwHMqLdUwJpSvRVMKcpOik67RlZ-ZhLb1fMy1-wM3S9d8aID5o2hHeYbrNPM5TWYbAd4UfNPPrjDReDvfnoIfcb7VRUjWSQAcgRW3jpEuIJtZkRQ3BOQGQCCSkZFtqogqWEJ2yWLeGCNnnCxLDQ7c:1qGaKd:Y59Ww__DPLB5P4m7uu9o_BtBtm8BWHg2TAQTxOHSYWI','2023-07-18 07:20:15.644325'),
('9du5on9qfodp4cei01s454uaeqwwtuzk','eyJsYXN0X2FjdGl2aXR5IjoiMjAyMy0wNC0xNCAwOTozMTo1NSJ9:1pnCyS:meiMHnkqOY_bhaMpMjQ2VGhkiD0AyM3Z764z_thQLNI','2023-04-28 06:31:56.392819'),
('9i2nfqijbilgwplqn34duu06v2v5s8nd','eyJsYXN0X2FjdGl2aXR5IjoiMjAyMy0wNy0xNCAxMDowNzozMSJ9:1qKCtn:-_ZhVVMa-dQ0yWbaAhiDqfUWT1o27LY7RFw2hgUt3L8','2023-07-28 07:07:31.247443'),
('9vxk5bclpbseuuht300eldswmpjt8y3x','.eJxVjM0OgjAQhF_F9KzN7lIWy9G7z0C2PwhKIIFiYozvLk04aDKnmW--t2pkTV2zLnFu-qBqher42znxjzjmIdxlvE3aT2Oae6czovd10dcpxOGys3-CTpZuexOBlIFFKBjjwBpw1TmyQxvbEtoI1jMjEiJbZ5l9C4QVGROKlqrIm3SQJTXiU__s0ysrgYoT5ByQa6Aajfp8AdM3QRw:1pY538:TIbQ4uo-DWMql7IpEvE1j-riIUd5n1e_n0IF4cypP0A','2023-03-17 13:02:14.176048'),
('a99pxcmz29dzu8xvrvbaskaekqmm2sfn','.eJxVjMsKwjAQRX9FsrZh8mgTu3TvN4RJMrVRaaFJBRH_3RS6UJjNnXvueTOHaxndmmlxKbKeCXb8_XkMd5q2It5wus48zFNZkucbwvc288sc6XHe2T_BiHms63aQ0RoBJ4EkvQ7GGgpK1TB01ttWdwI0oBgqaDQBkGljJALvLRobqvSBuTgMJT1TeVWlBKkakA2og9B9PaXY5wsEHkIW:1pNu1Z:fOg9gixll_3bWb9Tmm2lW3_egkztX6_JBNSeLSNM31A','2023-02-17 11:14:33.795110'),
('ac5bzbtm3sh86t74efpeexu2mm02d6ln','eyJsYXN0X2FjdGl2aXR5IjoiMjAyMy0wNi0yOSAxNDoyMDoxNiJ9:1qEphA:msMseFJrf5F3f9Hc-PhwjEDS-rbsawd5a19Uck53BvA','2023-07-13 11:20:16.183950'),
('b1zivh3lh0hzfdx3tqia0366ehl0g954','eyJsYXN0X2FjdGl2aXR5IjoiMjAyMy0wMy0xNSAxNToyNjoyMyJ9:1pcQD1:cO6Y_sKP6YzEf8Xu7wkokx6M8DJcFfJ5RhzdbhRKWSs','2023-03-29 12:26:23.978689'),
('bc8kriubr3k0cwh58gdvd5d8o4sr5d17','.eJxVjEEOwiAQRe_C2pChwEzj0r1nIAMDUjU0Ke3KeHdt0oVu_3vvv1Tgba1h63kJk6izMur0u0VOj9x2IHdut1mnua3LFPWu6IN2fZ0lPy-H-3dQuddvDQM4l8ThSB7ZYhnQWiFBzoRo0uiKBbEEHqgYQGTi7BELZesMRPX-ALJSNq8:1qNXwY:2Xen_Eq4gNHs9-ZmCd73GhdFDOmUY_UV-sgwZDmEsdc','2023-08-06 12:12:10.521379'),
('bfnt7r6pkq6jxg9vo1ohx1i9g9qkimu4','.eJxVjMsOgjAQRX_FdC3NTCmFsnTvNzTTl1QJJLSYGOO_CwkL3d5z7nkzQ2sZzJrDYpJnPUN2_t0suUeYduDvNN1m7uapLMnyXeEHzfw6-zBeDvcvMFAetrcQQI1XRMJLaUFLsG0XlEUdYgMxgHZKIQpEpa1WykUQ2AopfR1FG9QWHSkXQ66kZyqvPQmirqCuEE7Q9Qg9IPt8AdMWQRY:1paV15:ccO5rQ6Dl-qHuQuPvE-KcUPKKg1qLjMrxxKTfcS-qXs','2023-03-24 05:10:07.232170'),
('bmh4v99vqoa8qjuox0om30q2kbozz6rm','eyJsYXN0X2FjdGl2aXR5IjoiMjAyMy0wNy0wNCAwODo0NTo0MiJ9:1qGYr8:37iZA1oRLip-G02pttm1IvuejStI6wJbrEjhu9f2KPs','2023-07-18 05:45:42.751838'),
('br4day4hur91hkw7qu61tf0wztgyy9vn','.eJxVjEEOwiAQRe_C2pChwEzj0r1nIAMDUjU0Ke3KeHdt0oVu_3vvv1Tgba1h63kJk6izMur0u0VOj9x2IHdut1mnua3LFPWu6IN2fZ0lPy-H-3dQuddvDQM4l8ThSB7ZYhnQWiFBzoRo0uiKBbEEHqgYQGTi7BELZesMRPX-ALJSNq8:1qFv5H:I_-raEd-ClFCTw_6-ouu9GtJ0N1TT-jrExmDIiXJXmo','2023-07-16 11:17:39.662623'),
('c0l5t9l14b51ixth0m3xq3eke0ueudvf','.eJxVjEEOgjAQRa9iuhbSzjBAWbr3DGQ6pYISSGgxMca7Cwkbtv-9979q5JhaljS8h_RRjQINmGnIoLgYaEzZEKiranlNfbvGbmkHv1lI5Xl1LK9u2pF_8vSYc5mntAwu35X8oDG_z74bb4d7Oug59lstFDhob53h2jrLtRitA1nEADYAOZGihs5gUSGyeCJtJJREWIqrDKrfHwa_QlI:1pVUCM:zR0AcE9HSHxmR7PgBBSESVB8Q3cq8g5YOeCnFeY4kEM','2023-03-10 09:17:02.194987'),
('cgx7p39z2afom6bfqhoej7r2epjdm38v','eyJsYXN0X2FjdGl2aXR5IjoiMjAyMy0wMi0yMSAxNDowMzoxOSJ9:1pUQQZ:_GzTmz4XFsWFPE-A2g47UABwgh9P18eNWNkJyVMHrKQ','2023-03-07 11:03:19.327117'),
('cuas1br4308iafmwlnsxmmiijmhnb3b7','eyJsYXN0X2FjdGl2aXR5IjoiMjAyMy0wMy0wNiAxNzozNzowOSJ9:1pZBxe:t1MlMeu7Dj82qxXyr6K0BFNhepis-mm01muSlPbBjb4','2023-03-20 14:37:10.677293'),
('d5qgkwl7xhmaxxw2x1w3agrfgpcbvuki','eyJsYXN0X2FjdGl2aXR5IjoiMjAyMy0wNi0yMyAxNTo1Nzo0OSJ9:1qCgMH:mpW6Sn0K_h72IXi6gce22uzmzxTDaz6UBpIPTsK-eos','2023-07-07 12:57:49.754803'),
('d5yfhnkhxsnxvshy3xpsmr9o7qui76u7','.eJxVjMsKgzAQRX-lZF3D5DURl933G8KYR00rCiYWSum_V8GN23vOuV82UqmOfM3vXD-sYxKkakA3sr1I6FTbacOuzNFaB7eWuLgcNkuct578K047CE-aHjP381SX3PNd4Qct_D6HON4O93QwUBm2GiRo7YPG1hokhUmiUsEGpGgRhW91UhCUBQM2CUAkS9EgJhuVFtCz3x9pnUDW:1psS3t:VXJZweRYsdNb6IXsaM8bdN4VY0LdWN-GqYUviZGD1ZQ','2023-05-12 17:39:13.005285'),
('d8vogpkcanlia0m85obt4u36wh4mp5rl','.eJxVjMsOgjAQRX_FdC3N9DVFlu79hmboQ6oEElpMjPHfxYQN23vOuR82UqmOfM2vXN-sYxKkasA0cDkJ02nbKcPOzNFaB7eWuLgcNksct578M05_EB403Wfu56kuued_he-08Nsc4njd3cPBQGXYapCgtQ8aW2uQFCaJSgUbkKJFFL7VSUFQFgzYJACRLEWDmGxUWkDPvj9rvEDZ:1pwMkn:avgmqjqRIJLYYnONl7K0i-HW7sMtuvU-qlTXPMiln-w','2023-05-23 12:47:41.335030'),
('dghruah13zliulwpd1xz20ik320y04ok','eyJsYXN0X2FjdGl2aXR5IjoiMjAyMy0wNy0wNyAxMDowMTo1MSJ9:1qHfTT:OznLxkOUiKYhrBeAdMBrwQHwqEvcI2FEmgcWXoPrEok','2023-07-21 07:01:51.510578'),
('dwcnsfjmgdpes05fv5m4ne3ewnu2s66d','eyJsYXN0X2FjdGl2aXR5IjoiMjAyMy0wMy0yMSAxMDoxOTozNCJ9:1peWHP:3FOaSRzruVpLFb6QuIhS1bUkW8be4wo4qQMtKT4UQR0','2023-04-04 07:19:35.097026'),
('e1imk1wne55b36lnzj5ykqqzzdd23yug','.eJxVjMsOgjAQRX_FdC3N9DVFlu79hmboQ6oEElpMjPHfxYQN23vOuR82UqmOfM2vXN-sYxKkasA0Ak_Qdlp24sLOzNFaB7eWuLgcNksct578M05_EB403Wfu56kuued_he-08Nsc4njd3cPBQGXYapCgtQ8aW2uQFCaJSgUbkKJFFL7VSUFQFgzYJACRLEWDmGxUWkDPvj9pnkDW:1pynS6:q-kl2hBAyKcMgaLBXHh8pT22eBMo5R0825TXan2THOI','2023-05-30 05:42:26.372539'),
('e1zbtc210kf8klsm3rp7h6fcb0ss8297','eyJsYXN0X2FjdGl2aXR5IjoiMjAyMy0wNy0xNyAxNDoxOToyOSJ9:1qLMGH:_ZqG_FuSzQVoM1_4n3FgRawj3N8nL1KXB16oNikDE0c','2023-07-31 11:19:29.503926'),
('e4ltg1gs4zgg7efv4ujobrcswvs1iuia','.eJxVjMEOgyAQBX-l4VwJoCB67L3fQBZ2qbRGE8EmTdN_ryZevL6ZeV82Qi4OQknvVD6sZ0qouhK6kt1F6l7YXih2ZQ7WMrg10-ISblatzXn1EF407QifMD1mHuapLMnzXeEHzfw-I423wz0dDJCHrW6UVK0kqD2Qoq610kbEJmgyQoO3VgBEAgkxmo7aoLwhRKsM6q4hQvb7AxOoQ7g:1pzyvT:rrM8zR3zBtiEGHx1xMj45Vw1iDv8ghVoSbWN5byADm0','2023-06-02 12:09:39.466111'),
('e4r7oqkiis6m84cjnwmpgngsueq3p0rg','.eJxVjMsKwjAURH9FstZwb5qmSZfu_YZw87JRaaFJBRH_3Ra6UJjVzJnzZpaWOtilxNnmwHqG7PjbOfL3OG5DuNF4nbifxjpnxzeE72vhlynEx3ln_wQDlWF9CwHUBkUkgpQOjATX6agcmphaSBGMVwpRICrjjFI-gcBOSBmaJLqoVumDSrXka37m-tqUIJoTrNEH1H2LvdTs8wXTukEu:1pZw4z:OzrtGPZXd0Q72UleXxPtQpafaM72lUYCsePfrnqL6Fg','2023-03-22 15:51:49.610742'),
('ed6ldhhikn7p5orxgp0dxv6r0ejsh3et','eyJsYXN0X2FjdGl2aXR5IjoiMjAyMy0wNC0xMyAxNzoxOTo1NCJ9:1pmxnn:Kt8l1bpgxDZCNURCCZnC1sAgatIG4lbWLNQhrSR3n2I','2023-04-27 14:19:55.070212'),
('eg05i7bc7f8hi49xcfg7y0xqv0dy5oza','.eJxVjEsOgkAQBa9iZi2kuxkahqV7z0B6PghKIGEGE2O8u5Cw0O2revVWraypb9cYlnbwqlGozr-bFfcI0w78XabbnLt5Sstg813JDxrz6-zDeDncv0Avsd_eRCClZxHyWlswGmxVB7ZoQldCF8A4ZkRCZGMNs-uAsCKtfdFRFXiLjhJTKy4NzyG99iRQkUGRIZ-QGuAGa_X5AtNoQSQ:1pcjYx:aTmSEK2kTz7p0TIgkrUH9_wUgicPgq6CXLNmJshkwDc','2023-03-30 09:06:19.012208'),
('ej6soiokc3qpvk5j89uajbzlvmcb86xc','eyJsYXN0X2FjdGl2aXR5IjoiMjAyMy0wNC0xMiAxMToyMzoxMSJ9:1pmVl1:MNXN5V3Jllwwivww8TMz76OvEYrLCtAA9SB-0Pj780g','2023-04-26 08:23:11.791962'),
('ejstcravj1lnf41yijecohynwwzpy5dl','.eJxVjMsOgjAQRX_FdC3NtNNOkaV7v4EMfQhKIKHFxBj_XUzYsL3nnPsRI-fSsi_Dayhv0QgNGiuwlTInhY26NGjEWbS8lr5dc1zaIWyWOm4d-2ec_iA8eLrP0s9TWYZO_hW50yxvc4jjdXcPBz3nfqtBgzE-GKqdJUZKmhCDC8TRESlfm4QQ0IEFlxQQseNoiZKLaBR04vsDZh9A0Q:1py8pH:5XeX-6Pyqckz2N3QZd0zt2CYRLi-4BNVWvIhUGy8jrU','2023-05-28 10:19:39.369734'),
('euzg3a6fo3k0x4d939t5wzdk06v038j6','eyJsYXN0X2FjdGl2aXR5IjoiMjAyMy0wMy0yNCAxNDoyNzo1NiJ9:1pffaO:h2O3DRXkUE7vqPXY8oYRWvw2qy3hFxzsGFVba3vo4so','2023-04-07 11:27:56.733952'),
('evw3zv0omeiozr03ytdehrwtzcyz3r3l','.eJxVjMsOwiAQRf-FtSE8C7h07zeQAWakaiAp7cr479qkC93ec859sQjbWuM2cIlzYWcm2el3S5Af2HZQ7tBunefe1mVOfFf4QQe_9oLPy-H-HVQY9VvnYIr1iIogGIOanEyKnHVFa58pWEESHE4KBSXhjPJa5Iko2wDKYmDvD_CWOBs:1pSUj9:eJgPLcVaKI3TtiqJ2UOhduTpkprlxMZBWdu6jszF85c','2023-03-02 03:14:31.391299'),
('f25icpxxdx4y9lweq53nz8a8cc894y0r','eyJsYXN0X2FjdGl2aXR5IjoiMjAyMy0wNC0xMSAxNTozMDowMiJ9:1pmD8M:Sqidvp7Wi0yiL1G3JADZXH8LGJOOyP_ub5ApcfjRaYM','2023-04-25 12:30:02.174897'),
('gbbtkxs62c1ag0g90qelfz028vam82sj','eyJsYXN0X2FjdGl2aXR5IjoiMjAyMy0wOC0xMCAxNTowNDoyOSJ9:1qU4P0:g-jWRrSPuMYiQ0pkXF6eH_jUu_LX21DfCYVqslLF2Ag','2023-08-24 12:04:30.220632'),
('gmwo8suh4h4olj9d3rzssgmug3vofwy7','.eJxdjMsOgjAQRX_FdC1k2g5TZOneb2iGPqRqIKHFxBj_XUjY6Paec-5bPDgXy66kZyov0QkFSleAlTodpOoAO5TiKCwvZbBLDrNNfrX-tp7dPYwb8Dcer1PtprHMqa83pd5pri-TD4_z7v4cDJyHtQYFiM4jtaYh1hQVae2NJw6GSLoWowavDTRgogQiNhwaomiCRgm9-HwBY35AzQ:1psgVb:RuiD0BykPtvjTBDX7wHeGfPQzFZWJ70Qoam6-YO8nyM','2023-05-13 09:04:47.145802'),
('gq6ewjwoi6z7vev8s1iwtthcqhpe3xbn','.eJxVjMsOgjAQRX_FdC3NtNNOkaV7v4EMfQhKIKHFxBj_XUzYsL3nnPsRI-fSsi_Dayhv0QgNGiuwFVxOQA1io1CcRctr6ds1x6Udwmap49axf8bpD8KDp_ss_TyVZejkX5E7zfI2hzhed_dw0HPutxo0GOODodpZYqSkCTG4QBwdkfK1SQgBHVhwSQERO46WKLmIRkEnvj9llEDQ:1pwEBG:TuSOEjCNgNj2mbrO-bGoGjQz74MZREkHMAal1GqqbVE','2023-05-23 03:38:26.249652'),
('h31krt2cn6aamknob8diw483mtounzsx','eyJsYXN0X2FjdGl2aXR5IjoiMjAyMy0wNi0xNyAxMTozNzo1NCJ9:1qARRS:NCVOKyTIUhnUa0lNGyMPRZ-FHIylwWjlzvZnbMbl-B0','2023-07-01 08:37:54.427693'),
('h3n85ayl8bixr52yfw6ffbz5ajx76ytn','.eJxVjMsOgjAQRX_FdC3N9MEUWLr3G5qhD6kSSGgxMcZ_FxI2bO85537ZSLlYciW9U_mwjkmQqgKsRHuBplPQiZZdmaW1DHbNYbHJb5Y4bz25V5h24J80PWbu5qksqee7wg-a-X32Ybwd7ulgoDxsNUjQ2nmNjamRFEaJSnnjkYJBFK7RUYFXBmowUQAiGQo1YjRBaQE9-_0BamhA1w:1qB7T9:Pnvl-H703CFjyzAE12ivmRnGOvaUgzo8soakOFU_sXI','2023-07-03 05:30:27.069543'),
('h3suy8nhw9zotfmpft8evlf9rsoefo6r','eyJsYXN0X2FjdGl2aXR5IjoiMjAyMy0wMi0yMSAxMDoxODo0NCJ9:1pUMvE:-5HsEmrXiLjCwlxpYZ8aYcu7z5C4gwAdMnikmiIvmgQ','2023-03-07 07:18:44.339912'),
('hagb15ghueegk5lxmiej36ldmseva9wn','eyJsYXN0X2FjdGl2aXR5IjoiMjAyMy0wNC0yNCAxMDowNTozNSJ9:1pqqGV:JTxuZ05CLkQYg7GzOoSTeMKUwl-KFOhQsqce3bBKc9c','2023-05-08 07:05:35.797950'),
('hl0s1cyw62bssnfcut0qrt7rk3s8my6t','.eJxVjMsOwiAQRf-FtSE8C7h07zeQAWakaiAp7cr479qkC93ec859sQjbWuM2cIlzYWcm2el3S5Af2HZQ7tBunefe1mVOfFf4QQe_9oLPy-H-HVQY9VvnYIr1iIogGIOanEyKnHVFa58pWEESHE4KBSXhjPJa5Iko2wDKYmDvD_CWOBs:1pRDR3:qow4O1U2wXP9qF9W-5dyNS3Xtje1yJm_k6pObHJMzXE','2023-02-26 14:34:33.599935'),
('hqb7ujq5jeycaf6npgq9rz5y8em86lwe','eyJsYXN0X2FjdGl2aXR5IjoiMjAyMy0wNi0yOSAxNDoyMDoxNiJ9:1qEphA:msMseFJrf5F3f9Hc-PhwjEDS-rbsawd5a19Uck53BvA','2023-07-13 11:20:16.176096'),
('iw2p4af8d52n54b8zke1hqcnbf9kamvm','eyJsYXN0X2FjdGl2aXR5IjoiMjAyMy0wNS0wNyAyMjo0Mzo1MiJ9:1pvkIS:nPwYygnA79hAtXNT3cpoXBx7bsa9cwiF_VwS0Lmc8oE','2023-05-21 19:43:52.164656'),
('j5jeg1ye9guadj4nhz3fs6mdm12rfbi0','.eJxVjMEOgyAQBX-l4VwJrIDosfd-g1lgqbRGE8EmTdN_ryYe2uubefNmPa5l6NdMS58C61itDTv_rg79g6YdhTtOt5n7eSpLcnxX-EEzv86Bxsvh_gUGzMP2ViChkYS1QwJqGyttDEF5TUZodNYKxEgoMUbTUuPBGQrBggm6VUR7dMRcevQlPVN5bUkQUFdCVdKepOwAOmHZ5wuyckO0:1pogbI:cMsimhiJdHxDPGHmsdFvUowN1JtUn6ZWz_YxHsf-G48','2023-05-02 08:22:08.881962'),
('jfbfemul0qmdwfnc4buh4wopl5asjfdm','eyJsYXN0X2FjdGl2aXR5IjoiMjAyMy0wMy0wMiAwODo1MDoxNCJ9:1pXbpW:1YjThM71XUzDCouwqxtDaAWgDq8jHaLzTRby13PWrKM','2023-03-16 05:50:14.768774'),
('jnmx2ljm3psvskut4mkvxtg7ielgswnc','.eJxVjEsOgkAQBa9iZi2kuxkah6V7z0B6fjJqIIHBxBjvLiQsdPuqXr1VJ0vuu2UOU5e8ahWq4-9mxd3DsAF_k-E6lm4c8pRsuSnlTufyMvrwOO_uX6CXuV_fRCC1ZxHyWlswGmxzCmzRhFhDDGAcMyIhsrGG2UUgbEhrX0VqAq_Rh8y5E5fTM-XXlgSqCqgK5ANSi9hCrT5f00RBHA:1pcjdZ:yA7eBFd0tN_zaoskFMtwBOJ-35qDLwNAIji_CX413Tk','2023-03-30 09:11:05.223752'),
('jnou2ze7j9i53q0qwr68ofb5kg99gcga','eyJsYXN0X2FjdGl2aXR5IjoiMjAyMy0wNS0xNyAxNTo1NDo1NCJ9:1pzGgA:Y6UTyQRTufQ08ZwbXiXwY4BFCbClbF38IYQCRdUVXGs','2023-05-31 12:54:54.409493'),
('jrdg8wdeuiwtiqe6pe3belmb1rc7hrys','.eJxVjMEOgyAQBX-l4VwNLCDisfd-A1lgqbRGE8UmTdN_ryZevL6ZeV824FIchpLfuXxYx4CDrDhUXF1E0wnVCWBX5nAtvVsXml2OmyXOm8fwonEH8YnjY6rDNJY5-3pX6oMu9X2KNNwO93TQ49JvdbAq6pYIElqlSCYjPCSjTZSyDclqngQaaoB48twoaCUPTUpBWwRNlv3-nXRCMw:1pOIN1:KxzovubB9lZ6iD0jTojTGyoDNsS_SIYFWMwMroPDwBI','2023-02-18 13:14:19.546360'),
('jshy04i58tn88qk1xfhhlohga0tew1ce','.eJxdjMsOgjAQRX_FdC3N9DUlLN37Dc3Qh1QJJLSYGOO_Cwkb3d5zzn2zkUp15Gt-5vpiHZMgVQOmEXASstO2k4KdmaO1Dm4tcXE5bNbf1pN_xGkH4U7TbeZ-nuqSe74r_KCFX-cQx8vh_hwMVIatBgla-6CxtQZJYZKoVLABKVpE4VudFARlwYBNAhDJUjSIyUalBfTs8wVgkkDJ:1pwjnA:Qspc7zUDtETe5WmbqB9Btwn4W7rEIlrTuSajR_pZYQU','2023-05-24 13:23:40.139484'),
('k2okv8yjgfv8p4dz3ed5tblxnc3hykoo','.eJxVjMsOgjAQRX_FdC3N9A0s3fsNZDptpUoggWJijP8uJCx0e8-55806XEvfrUucuxxYy5R27Py7eqRHHHcU7jjeJk7TWObs-a7wgy78OoU4XA73L9Dj0m9vg2iVd6b2jSGbordGUE3C6CgAHIJJYJVOikg4BdonSY1OElIMm7RHB1xKh1TyM5fXlpQgVQWykvokRKuaFhz7fAFdxEJN:1pVTbf:Kapb0zroF-RZlBTgT3p3romwafiHPGgSfonWVB6ChSY','2023-03-10 08:39:07.535283'),
('k3uls0jmdj4gl2jum69uekluralv3zp0','.eJxVjEEOwiAQRe_C2pChwEzj0r1nIAMDUjU0Ke3KeHdt0oVu_3vvv1Tgba1h63kJk6izMur0u0VOj9x2IHdut1mnua3LFPWu6IN2fZ0lPy-H-3dQuddvDQM4l8ThSB7ZYhnQWiFBzoRo0uiKBbEEHqgYQGTi7BELZesMRPX-ALJSNq8:1pvl9L:6noAUa1iHA_5zRhWbnVusMbLoHMSPimZQvDwTMHSJzs','2023-05-21 20:38:31.592227'),
('kw1zs8cw87xx8a21hhg4jbinzg09ihqi','eyJsYXN0X2FjdGl2aXR5IjoiMjAyMy0wMy0wMyAxMjoxNTozNyJ9:1pY1Vp:s2nggp4juxAH7t6Gs48sX9h1tUJ8Ru587a35Q9nFovs','2023-03-17 09:15:37.662338'),
('l54pfa0j3d9p1o2eax0p9n1jniwfc1nz','.eJxVjMsKgzAQRX-lZF3D5DURl933G8KYR00rCiYWSum_V8GN23vOuV82UqmOfM3vXD-sYxKkasA0Ul4AOyk7o9iVOVrr4NYSF5fDZonz1pN_xWkH4UnTY-Z-nuqSe74r_KCF3-cQx9vhng4GKsNWgwStfdDYWoOkMElUKtiAFC2i8K1OCoKyYMAmAYhkKRrEZKPSAnr2-wNjX0DN:1q1MV3:EwLVQfvVfJNMaN3CsKNhbq6jHYKxLnd7JV9QXs6d1MI','2023-06-06 07:32:05.882635'),
('lg4k0v6s7vbpa6wlnrusqo3j7g5u3lmt','.eJxVjMsOgjAQRX_FdC3NtFOmhKV7v6EZ-hCUQEKLiTH-u5Cw0O095563cLyW3q05Lm4IohVKnH-3jv0jTjsId55us_TzVJahk7siD5rldQ5xvBzuX6Dn3G9v0GCMD4YaWxMjJU2IwQbiaImUb0xCCGihBpsUELHlWBMlG9Eo6LboyLk49mV4DuW1JTVorMBU2pyUblG1gOLzBarqQMY:1pqsXI:7pdzP7e40DJE2H_Oz-U_BPMmUMM8tbMrOcJ-rSjnahg','2023-05-08 09:31:04.201522'),
('lmbxyv1thcoyh8a4s1vb4oqc82zqa1v8','.eJxVjMEOgyAQBX-l4VwNLCDisfd-A1lgqbRGE8UmTdN_ryZevL6ZeV824FIchpLfuXxYx4CDrDhUvLkAdEJ0SrErc7iW3q0LzS7HzRLnzWN40biD-MTxMdVhGsucfb0r9UGX-j5FGm6Hezrocem3OlgVdUsECa1SJJMRHpLRJkrZhmQ1TwINNUA8eW4UtJKHJqWgLYImy35_nhxCNA:1pP6u0:22WaWWsncg_AG6tmnS6FdGPQL-Jr6eKqMg8wCAlc7s4','2023-02-20 19:11:44.582915'),
('loh5u5twh7ur5au4pmho6kjcfqx7xpn5','.eJxVjEEOwiAQRe_C2pChwEzj0r1nIAMDUjU0Ke3KeHdt0oVu_3vvv1Tgba1h63kJk6izMur0u0VOj9x2IHdut1mnua3LFPWu6IN2fZ0lPy-H-3dQuddvDQM4l8ThSB7ZYhnQWiFBzoRo0uiKBbEEHqgYQGTi7BELZesMRPX-ALJSNq8:1pruOu:lN0jpKu4axNWeX96aZ3-n3-B9KOCh3yBppZbRIoUQ4E','2023-05-11 05:42:40.559697'),
('ltjwg4b7zm3eob36jrdlvtidg13hksg8','.eJxdjMsOgjAQRX_FdC3NtB2myNK939AMfQhqIKHFxBj_XUjY6Paec-5bPDgXx74Mz6G8RCs0aFMBVvp0UNhi3aISR-F4Kb1bcpzdEFbrb-vY3-O4gXDj8TpJP41lHjq5KXKnWV6mEB_n3f056Dn3aw0aEH1AamxNbChpMibYQBwtkfINJgPBWKjBJgVEbDnWRMlGgwo68fkCaFhA1A:1pu5sh:fNe0aAA5V23r2qbjyISVd7D4Tz10UTv4UIULl5wLXBA','2023-05-17 06:22:27.520653'),
('ly8s29ceihekys5mfi4vqg6q92ggzym4','eyJsYXN0X2FjdGl2aXR5IjoiMjAyMy0wMy0yMyAxMTo0NjowMiJ9:1pfGaA:kd-CxgeRZQxdbfrOgzL305ZkCZfeeKLKVIyCwGFOYVk','2023-04-06 08:46:02.449035'),
('lyo69bc9d03ohq9vu4n10lanmysoo07n','.eJxVjMsOgjAQRX_FdC1NO31Rlu79BjK0U0EJJLSYGOO_CwkL3d5z7nmzFtfSt2umpR0ia5hk59-tw_CgaQfxjtNt5mGeyjJ0fFf4QTO_zpHGy-H-BXrM_fYOXkdTE0FCrzWp5GQHyRkXlapD8kYkiY4skEidcBpqJYJNKRiPYMhv0RFzaTGU4TmU15YEAaoSUEl7EraRulHAPl8fWUI3:1pSUjB:D1djUASsQ1Ojlja-s2gccYjomsFiMTgVTsOzNCb0Is0','2023-03-02 03:14:33.045199'),
('m1ervocrsivjr2fy33yl56f4ajl6qpn0','.eJxVjEEOgjAQRa9iuhZSpi2lLN17hmbazghKIIFiYox3FxIWuv3v_fcWHtfc-XWh2fdJtKIS598tYHzQuIN0x_E2lXEa89yHclfKgy7ldUo0XA73L9Dh0m3v6HQyDREwOq1Jsa0CsDU2KdVEdkZyhZZqIMlBWg2NkrFmjsYhGHJbdMAle4y5f_b5tSVBgiokFCBPVdOCasGJzxcfTEI7:1pU80o:8ug73xlZO1xMtQwdDxU8NXVGRmx7dpqRuwDL5y9mYCY','2023-03-06 15:23:30.158929'),
('mhl47l6ajgcdykrzckiu9u58l0yuzuwq','eyJsYXN0X2FjdGl2aXR5IjoiMjAyMy0wNS0yNiAxOToyNzoyNSJ9:1q2aHl:0RGrYpXZOfyDe4JpdEJwdSFbqFiZYCQFuWrEM045lsk','2023-06-09 16:27:25.427147'),
('mukzgxfo9vj6pvvhyheb3hc3gtvjua65','.eJxVjMsOgjAQRX_FdC3N9DUlLN37Dc3Qh1QJJLSYGOO_CwkL3d5z7nkzR2sd3Fri4nJgHRPs_Lv15B9x2kG403SbuZ-nuuSe7wo_aOHXOcTxcrh_gYHKsL1BgtY-aGytQVKYJCoVbECKFlH4VicFQVkwYJMARLIUDWKyUWkB_RYdqVRHvuZnrq8tKUGqBmwj1UmYTshOAvt8AasdQMk:1qNXwi:504URbMR_ci4D9stJ_xvuxfzM0F0GeAZ-rZdA5MDtSo','2023-08-06 12:12:20.594311'),
('n30ddtzx0jx7xd66qq2odz05vrqnut8o','.eJxVjMsOgjAQRX_FdC2kHegDlu79BjLtDFIlkNBiYoz_LiRs2N5zzv2KEVPuMOT4jvkjWgESqkLaQumLbFpVt6DFVXS45qFbEy9dpM2qtDmvHsOLpx3RE6fHXIZ5ykv05a6UB03lfSYeb4d7OhgwDVtdgwKrGCuPDNxYp1xPVAfNRmr0zknEnlFh35uGbQBvmMiBId3UzCR-fxW0Q7s:1qKYXx:Wg2LivGB4E3XlqCW-LiHxCXVBcxu1_qKzJXZz2--nnA','2023-07-29 06:14:25.429138'),
('n7sspe814cky0zcq26kh3d74bmosb6wj','.eJxVjMsOgjAQRX_FdC2kLfTF0r3f0Ew7U6kSSKCYGOO_Cwkbtvecc79sgKV4iCW_c_mwjkkum4qbituLkB13HefsyjyspffrQrPPuFmN0uc1QHzRuCN8wviY6jiNZc6h3pX6oEt9n5CG2-GeDnpY-q1upZBGEDQBSJIzVtiE2EZFmisI1nKARCAgJe3IRBk0IVqpUbmWCNnvDxDiQ7Q:1qI3w4:mr6QDgrDIFNcG1PWgZaIxaHLqia5CXJhc5GkBnEhyBw','2023-07-22 09:09:00.508503'),
('ndpihgv9lrlxdhohrhnz832704skwzz3','.eJxVjEEKgzAQRa9Ssq5hkokz4rL7niGMSay2oqCxUErvXgU3bv9773_VIEv2EnL_7vNH1cqCxQLKAvBiXI1cA6mr8rLmzq9Lmn0fN8uct0bCK407iE8ZH5MO05jnvtG7og-66PsU03A73NNBJ0u31WDBuRAdVVySILWWECNHksREJlSuRYjIUAK3BoiEJZVELSd0Bhr1-wNkt0DP:1puAnK:aWbJCkaKD5_cdxPUA58n6cEO0y9OmAljECI_QUrcH-I','2023-05-17 11:37:14.716656'),
('o2qui13dp7n10gjhp3gfczlug0hqedta','.eJxVjMsKgzAQRX-lZF3D5DURl933G8KYR00rCiYWSum_V8GN23vOuV82UqmOfM3vXD-sYxKkasA0Ul-g7RR0YNiVOVrr4NYSF5fDZonz1pN_xWkH4UnTY-Z-nuqSe74r_KCF3-cQx9vhng4GKsNWgwStfdDYWoOkMElUKtiAFC2i8K1OCoKyYMAmAYhkKRrEZKPSAnr2-wNjdkDN:1q1h4b:GeJfceA6AXlxkvC72JmI9-aJfYor9iiTaU1HzKMVs5A','2023-06-07 05:30:09.738430'),
('o7oh45k8wchdnd9u65wapdf9rrefel05','eyJsYXN0X2FjdGl2aXR5IjoiMjAyMy0wNC0xMiAwOToxOToyMiJ9:1pmTpC:b62Z5p6gr3gTjDtQS9Jaf8tebWUOUlPwHBNEnOAw8yw','2023-04-26 06:19:22.583692'),
('obmmutfrpo04rqcsnyqj7gxchcpk08ej','eyJsYXN0X2FjdGl2aXR5IjoiMjAyMy0wMi0yMCAxNToxNzoyMSJ9:1pU56f:Wc8uYfA-VT36FjCOX_xfHy0A-zhUhXb21gfscpOCssM','2023-03-06 12:17:21.615466'),
('ocv216ymxu0azpzdp3ehh456ezavwl9r','.eJxVjcsOgjAQRX_FdC3NdCgDZeneb2imL0ENJLSYGOO_KwkbtvecnPsRT87Fsi_jayxv0QsErCvACrsTQg9Nj1qcheW1DHbNcbFj-FvquDn2jzhtINx5us3Sz1NZRic3Re40y-sc4vOyu4fAwHnYzhG4CcSMQWsHRoNru0hOmZgaSBGMJ1IKlSLjDJFPgKpFrUOdsI0kvj99oUEh:1pX3Pr:xeoPv0lEuTTFWTosYQjlfZwgwkUiDsu7vxZ1G1Ba7HM','2023-03-14 17:05:27.962918'),
('okiu8qp4ann5jmnhuki2vpe4zl85ezbj','.eJxVjcsOgjAQRX_FdC3NzFCKZeneb2imL0EJJLSYGOO_KwkbtvecnPsRI-di2ZfhNZS36AQB1RWoCvGE2FHdQSPOwvJaervmuNgh_C08bo79M04bCA-e7rP081SWwclNkTvN8jaHOF539xDoOffbOQE3QTNTUMqBUeDaS9QOTUwNpAjGa41IiNo4o7VPQNiSUqFO1EYtvj94tEEa:1pm9HS:BqNNnD4OnmLB0ssdyRLdVM-4RjW5i534SDJc3AePRfs','2023-04-25 08:23:10.872860'),
('p4soiizzwj9doyjn5339v26onh20fqbk','eyJsYXN0X2FjdGl2aXR5IjoiMjAyMy0wMi0xNiAxNToyNzowMiJ9:1pSdLq:CdFdJfb3sFRW3Z6c4tF09GrPY-itKuUyUE9UiWCMYOI','2023-03-02 12:27:02.659280'),
('pjvgshasjp7sv41bzjbkdpoxb56j8piw','.eJxVjMsKgzAQRX-lZF3D5DURl933G8KYR00rCiYWSum_V8GN23vOuV82UqmOfM3vXD-sYxKkasA0Ei5CdACdluzKHK11cGuJi8ths8R568m_4rSD8KTpMXM_T3XJPd8VftDC73OI4-1wTwcDlWGrQYLWPmhsrUFSmCQqFWxAihZR-FYnBUFZMGCTAESyFA1islFpAT37_QFbC0DB:1q0HWB:A-38jPFTtB-1Yv8X_n_7cBul0c6xngUsHR99aZYHZn8','2023-06-03 08:00:47.521066'),
('q57xbid51xs0pnfqv6cdgon6ame13maw','eyJsYXN0X2FjdGl2aXR5IjoiMjAyMy0wMy0yMiAxNToxNTozOSJ9:1pexNT:nzNUC2sXIOLnPwtSPN26HQUUhXq-2LY1E20yRaMC_l4','2023-04-05 12:15:39.830400'),
('qb6qhksl3s8gta31kgje945l3t4d7k4s','.eJxVjMsOgjAQRX_FdC3N9MG0snTvNzRDH1I1kNBiYoz_LiQsdHvPuefNHC11cEuJs8uBdUyw4-_Wk7_HcQPhRuN14n4a65x7vil8p4VfphAf5939CwxUhvUNErT2QaM1LZLCJFGpYAJSNIjCW50UBGWgBZMEIJKh2CImE5UW0K_RB5XqyNf8zPW1JiVI1QA24nQA2ynopGWfL6t0QNc:1qB7TA:L7MYXV-mO8wYtcpPh5Q7IiRZ9BheFXFlTW3AX5DFRII','2023-07-03 05:30:28.552266'),
('qcvffzcdm1kvnffqvjd6mzii33xtng7j','.eJxVjMsOgjAUBX_FdC1N6ZOydO83NLftrVQJJLSYGOO_CwkL3Z6ZM2_iYK2DWwsuLkfSk5acfzcP4YHTDuIdpttMwzzVJXu6K_SghV7niOPlcP8CA5Rhewcro-oQeQIrJYpkWs-TUSYK0YVkFUstGNQcWfLMSN4JFnRKQVngCu0WHaFUB6HmZ66vLckZFw3jDdOn1vSS9UqTzxcfcEI9:1pP2fw:mtFHv9qs6rRZgr6TmuMo-mhhQSLG0oVcXmtXGEXaGXA','2023-02-20 14:40:56.806902'),
('qt91uxvgy52cvla9g37rnfyi69yxfohh','eyJsYXN0X2FjdGl2aXR5IjoiMjAyMy0wNS0yMiAxNzowMDoyMiJ9:1q165G:tdcdLv6BLiphXO_Ovp0GEKmQcKpZv3BJaVgF2cihlew','2023-06-05 14:00:22.610105'),
('ruywdw9rdyaietmk8s2paumvm5uyabgo','.eJxVjMsOgjAQRX_FdC2kTB8Ulu79BjLtTAUlkNBiYoz_LiRs2N5zzv2KEVPuMOThPeSPaAVIUIU0BcAFoFWu1UpcRYdr7rs18dINtFnK2PPqMbx42hE9cXrMZZinvAy-3JXyoKm8z8Tj7XBPBz2mfqs1VFBXjMojAze1q1wk0sGwlQa9cxIxMlYYo224DuAtEzmwZBrNTOL3BxN4Q7g:1q1BMo:SbtNqhY5i9cLz1b9DebxJzv9NS0a5dkEFs07zDl0NN0','2023-06-05 19:38:50.886498'),
('s4njyviktq6irwex5pcbz7q7pp75ho8e','eyJsYXN0X2FjdGl2aXR5IjoiMjAyMy0wNy0wNiAxMTo0OTowOCJ9:1qHKfk:VaFkYIoyP3DKYZHcM1gAa0y3yv2kK0yBbVv_DegM-qc','2023-07-20 08:49:08.339620'),
('s6mgr4yft8g3tunkmozuyei2jo915u55','eyJsYXN0X2FjdGl2aXR5IjoiMjAyMy0wNS0yMyAxMDo0ODo0MSJ9:1q1Ml7:w1LxetZmTyzcFGc5iKJ0_EvxfZ2R7uXlUqmYOY7CJcc','2023-06-06 07:48:41.704086'),
('su787ms924mum3uvqhjquyxxskhbikk2','eyJsYXN0X2FjdGl2aXR5IjoiMjAyMy0wNi0yOSAxNDoyMDoxNiJ9:1qEphA:msMseFJrf5F3f9Hc-PhwjEDS-rbsawd5a19Uck53BvA','2023-07-13 11:20:16.181258'),
('t1t5tv8x0a9atuyn94sknllgfybr893b','.eJxVjMsKgzAQRX-lZF3DJBMn4rL7fkMY86i2omBioZT-exXcuL3nnPsVI-fi2JfhPZSPaIUGjRXUlcaLghZ1CySuwvFaerfmuLghbJY6bx37V5x2EJ48PWbp56ksQyd3RR40y_sc4ng73NNBz7nfatBgjA-GGlsTIyVNiMEG4miJlG9MQghooQabFBCx5VgTJRvRKOjE7w9f6UDI:1q1MV8:ptqUcMUiI-YVTpFWvxOY5rqRwnGTTt6Hv1tbnntRkII','2023-06-06 07:32:10.640348'),
('tcv4x39tsqzuun2vnoteh4hg54ercnac','eyJsYXN0X2FjdGl2aXR5IjoiMjAyMy0wMy0wNSAxNDoxNjoxMyJ9:1pYmLd:n5EBj8VMSOBoc6H3pX3pp0dF62uUreRRLpoZmTRtXHE','2023-03-19 11:16:13.810254'),
('thn07jrf7imto64yfkhqstam8fjd7jij','.eJxVjMsOgjAQRX_FdC2kHegDlu79hmbaGQQlkNBiYoz_LiRs2N5zzv2KEVP2GPPwHvJHtAIkVIV0hYKLki3YtrLiKjyuufdr4sUPtFmVNuc1YHzxtCN64vSYyzhPeRlCuSvlQVN5n4nH2-GeDnpM_VbXoMAqxiogAzfWKdcR1VGzkRqDcxKxY1TYdaZhGyEYJnJgSDc1M4nfHxN3Q7g:1qUj29:OloFRmV6Y_Y00TezSu4e3EfG0syWEJOnIV9qtEh6roQ','2023-08-26 07:27:37.529233'),
('tojrqrfn8d1jepzwaom8hhfqwwkw6h9f','.eJxVjMsOgjAQRX_FdC3N9DVFlu79hmboQ6oEElpMjPHfxYQN23vOuR82UqmOfM2vXN-sYxKkakA3Qp_g0inRGcPOzNFaB7eWuLgcNksct578M05_EB403Wfu56kuued_he-08Nsc4njd3cPBQGXYapCgtQ8aW2uQFCaJSgUbkKJFFL7VSUFQFgzYJACRLEWDmGxUWkDPvj9mz0DS:1pnCyg:QweKDq9myHKhLE_QtsosH4wh3VgzTf_AfeJeBAkOlfQ','2023-04-28 06:32:10.927171'),
('ulgbub8ixfhfp5pvgcseuviwzy0l5698','eyJsYXN0X2FjdGl2aXR5IjoiMjAyMy0wNC0wNSAwOTowMzoyMCJ9:1pjwEq:SNNBS3IGCEA8sUJunjunSmPBhD_0fVp5atSmL7DlMXQ','2023-04-19 06:03:20.879595'),
('vhwaa68gwcjuka75mt0z7ouo74560hi8','.eJxVjMsKgzAQRX-lZF3D5DURl933G8KYR00rCiYWSum_V8GN23vOuV82UqmOfM3vXD-sYxKkasA0Ul4EdEZ10LIrc7TWwa0lLi6HzRLnrSf_itMOwpOmx8z9PNUl93xX-EELv88hjrfDPR0MVIatBgla-6CxtQZJYZKoVLABKVpE4VudFARlwYBNAhDJUjSIyUalBfTs9wdin0DM:1q1h4W:QT0RFbOyhX3iTDckOK1-CZOqpg3lzYGY6lxI0bFRh1s','2023-06-07 05:30:04.463344'),
('vpar39s56w5jbabpg5e8mh8rpo75o548','.eJxVjEsOgkAQBa9iZi2kuxkah6V7z0B6fjJqIIHBxBjvLiQsdPuqXr1VJ0vuu2UOU5e8ahWq4-9mxd3DsAF_k-E6lm4c8pRsuSnlTufyMvrwOO_uX6CXuV_fRCC1ZxHyWlswGmxzCmzRhFhDDGAcMyIhsrGG2UUgbEhrX0VqAq_Rh8y5E5fTM-XXlgSqCqgK5ANSi9xCrT5f02JBIQ:1pcjiP:zXtsBOqFjDlIF3ffF8tFhfCxJyATUXXHMQrLf5dK8lk','2023-03-30 09:16:05.448537'),
('vsj1031od5kjx2tclw2jkkpw88rz0rh4','eyJsYXN0X2FjdGl2aXR5IjoiMjAyMy0wNS0yMiAxMjo0MDoyOCJ9:1q121k:H1dODZtP5IZdzFPIaKXBAhd46bhnWftip2WqWDliQ3g','2023-06-05 09:40:28.349137'),
('wf01od6qmludjn62vmr1jnbywq0yfz3z','eyJsYXN0X2FjdGl2aXR5IjoiMjAyMy0wNi0yOSAxNDoyMDoxNiJ9:1qEphA:msMseFJrf5F3f9Hc-PhwjEDS-rbsawd5a19Uck53BvA','2023-07-13 11:20:16.183422'),
('wrlhei2iz40ba0sigkkhomgqvrc6c9dy','.eJxVjMsOgjAQRX_FdC3NdFqKZeneb2imL6kaSGgxMcZ_FxIWur3n3PNmlpY62KXE2ebAeibY8Xdz5O9x3EC40XiduJ_GOmfHN4XvtPDLFOLjvLt_gYHKsL4RgdqgiTAo5cAocN0paidMTC2kCMZrLQQKoY0zWvsEKDpUKsiEXdRr9EGlWvI1P3N9bUlA2QA22B6E6qXsFbDPF9NjQSA:1pVso8:IaeUhyA-2-KewCP23TfZVeC2BwXOzbLG_AKK-bGTzhw','2023-03-11 11:33:40.425252'),
('xa4iaeowqjdte93f4qwu5cnkdzuw1mmv','eyJsYXN0X2FjdGl2aXR5IjoiMjAyMy0wNi0yOSAxNDoyMDoxNiJ9:1qEphA:msMseFJrf5F3f9Hc-PhwjEDS-rbsawd5a19Uck53BvA','2023-07-13 11:20:16.160672'),
('xc5z1hzic4s52f5rgzbrd2ijgfhtdg7o','eyJsYXN0X2FjdGl2aXR5IjoiMjAyMy0wMy0wOCAwOToxMDowMSJ9:1pZmzx:8xhKmQOKUZsmcLxo7SHRvvZlBkqKs4MyWlyiokidbw4','2023-03-22 06:10:01.893831'),
('xhh7o8bey77guvk1pjjgza7ctk3bbhux','.eJxVjMsOgjAQRX_FdC3N9MEMYeneb2iGPgQlkNBiYoz_LiQsdHvPuectHK-ld2uOixuCaIUS59-tY_-I0w7CnafbLP08lWXo5K7Ig2Z5nUMcL4f7F-g599sbNFjrg8WGamSDSaMxgQJyJETlG5sMBENQAyUFiEwca8RE0VgF3RYdORfHvgzPoby2pAZtKqAK9EnZVjUtkPh8AasfQNA:1qFv5j:dJKwiyQwimrBjsIz6qxZatfMCVxd1Uye0xak6JvqwXA','2023-07-16 11:18:07.987080'),
('xjef6sv9r74846k5n03jcrnsf44ov7db','.eJxdjc0KwjAQhF9Fctawm6bbpkfvPkPY_NmqtNCkgojvbgu9KMxpvo-Zt3hwLpZ9GZ5DeYlOKFDVCdboA7Yd6K5GcRSWl9LbJcfZDmG1_jrH_h7HDYQbj9dJ-mks8-DkpsidZnmZQnycd_dnoOfcb-cKuA7ErILWDowG17SRHJqYakgRjCdCVIhknCHyCRQ2SutQJdVEEp8vfktBIg:1pYTRQ:3eQu4OIMNFeafx7X-KMq7y2EHjMpHBhQUgfbjIY1N-Y','2023-03-18 15:04:56.718261'),
('y9xustcvvag53uczo03tbnyznroi9gfa','.eJxVjMEOgyAQBX-l4VwJLCLisfd-A1lhqbRGE8EmTdN_ryYe2uubefNmDtcyuDXT4lJgHZPs_Lv16B807SDccbrN3M9TWVLPd4UfNPPrHGi8HO5fYMA8bG9v66BbIoho65pUNLKHaLQJSrU-Wi2iREMNkIi9MDW0SvgmRq8tgia7RUfMxaEv6ZnKa0uCAFUJqECepOik7ZRlny8fMUI6:1pUMwA:XOHi58IhzZpwcgrU_xK91yLdoIF33T4dgRGZOIxecpQ','2023-03-07 07:19:42.258142'),
('yghwmkbxbrnjfkbl73r4dzms95d65na9','.eJxVjcsKwjAURH9Fsrbh3jRNmy7d-w3h5mWj0kKTCiL-uwa6KcxqzmHmw56UiyFX0iuVNxuZANE20DYIJxjGGsnOzNBWJrPlsJrk_xYeO0vuEeYK_J3m28LdMpc1WV4VvtPMr4sPz8vuHgYmylM9F0CdV0TCS2lBS7D9EJRFHWIHMYB2SiEKRKWtVspFENgLKX0bRR8U-_4AfNdBIA:1paUzC:4yIIeDIbfNNWayCitmCdr9oO56Fk0WP57byBxgYzHVI','2023-03-24 05:08:10.065006'),
('yzr9fvvtvfq07encn1cpgmb23916c2v8','.eJxVjMEOgyAQBX-l4VwJLCDisfd-A1lgqbZGE8UmTdN_ryZevL6ZeV824FI8xtK_-_JhLQMBqhJQSbhI2yrdgmFX5nEtnV8Xmn2fNkuet4DxReMO0hPHx8TjNJa5D3xX-EEXfp8SDbfDPR10uHRbHZ1OpiGCjE5rUtnKANkam5RqYnZGZImWaiCRg7AaGiVinXM0DsGQY78_oYlCOQ:1pRDR2:KIHkMpScdHQZ7mW2ZZn7-Ax2IxA9qIrMya731JtBnpI','2023-02-26 14:34:32.508019'),
('zp62pydqzmu6ynd58ru4x4ec6oisggtc','.eJxVjEEOwiAQRe_C2pChwEzj0r1nIAMDUjU0Ke3KeHdt0oVu_3vvv1Tgba1h63kJk6izMur0u0VOj9x2IHdut1mnua3LFPWu6IN2fZ0lPy-H-3dQuddvDQM4l8ThSB7ZYhnQWiFBzoRo0uiKBbEEHqgYQGTi7BELZesMRPX-ALJSNq8:1qAtQb:ebwNVr0GB1L6RwY902O_q0Lq1yNvgNsowPBQ6-tqHL0','2023-07-02 14:30:53.299157');

UNLOCK TABLES;

/* Trigger structure for table `api_fines` */

DELIMITER $$

/*!50003 DROP TRIGGER*//*!50032 IF EXISTS */ /*!50003 `update_fines` */$$

/*!50003 CREATE */ /*!50017 DEFINER = 'inv-pane'@'%' */ /*!50003 TRIGGER `update_fines` AFTER INSERT ON `api_fines` FOR EACH ROW BEGIN
  DECLARE total_fines DECIMAL(10,2);
  
  SELECT SUM(amount) INTO total_fines
  FROM api_fines
  WHERE is_paid = False AND
  loan_id = NEW.loan_id;
  
  UPDATE api_loan
  SET fines = total_fines,
      total = total + total_fines,
      balance = balance + total_fines
  WHERE id = NEW.loan_id;
END */$$


DELIMITER ;

/* Trigger structure for table `api_loan` */

DELIMITER $$

/*!50003 DROP TRIGGER*//*!50032 IF EXISTS */ /*!50003 `update_loan_counters` */$$

/*!50003 CREATE */ /*!50017 DEFINER = 'inv-pane'@'%' */ /*!50003 TRIGGER `update_loan_counters` AFTER INSERT ON `api_loan` FOR EACH ROW BEGIN

    SET @s_loans = (SELECT COUNT(*) FROM api_loan WHERE is_deleted = 0);
    SET @s_paid_loans = (SELECT SUM(total) AS total_sum FROM api_loan WHERE is_paid = 1);
    SET @s_unpaid_loans = (SELECT SUM(total) AS total_sum FROM api_loan WHERE is_paid = 0);
    SET @l_this_month = (SELECT SUM(total) AS total__sum FROM api_loan WHERE MONTH(created_on) = MONTH(NOW())AND is_deleted = 0);
    set @l_last_month = (SELECT SUM(total) AS total__sum FROM api_loan WHERE YEAR(created_on) = YEAR(CURRENT_DATE - INTERVAL 1 MONTH) AND MONTH(created_on) = MONTH(CURRENT_DATE - INTERVAL 1 MONTH) AND is_deleted = 0);
    SET @l_this_year = (SELECT SUM(total) AS total__sum FROM api_loan WHERE YEAR(created_on) = YEAR(CURRENT_DATE) AND is_deleted = 0);
    SET @l_last_year = (SELECT SUM(total) AS total__sum FROM api_loan WHERE YEAR(created_on) = YEAR(CURRENT_DATE - INTERVAL 1 YEAR) AND is_deleted = 0);
    SET @t_loan = (SELECT SUM(total) AS total__sum FROM api_loan);
    SET @updated_on = NOW();

    UPDATE api_counter SET
        s_paid_loans = @s_paid_loans,
        s_unpaid_loans = @s_unpaid_loans,
        s_loans = @s_loans,
        l_this_month = @l_this_month,
        l_last_month = @l_last_month,
        l_this_year = @l_this_year,
        l_last_year = @l_last_year,
        t_loan = @t_loan,
        updated_on = @updated_on WHERE id = 1;
END */$$


DELIMITER ;

/* Trigger structure for table `api_payments` */

DELIMITER $$

/*!50003 DROP TRIGGER*//*!50032 IF EXISTS */ /*!50003 `update_loan_counters1` */$$

/*!50003 CREATE */ /*!50017 DEFINER = 'inv-pane'@'%' */ /*!50003 TRIGGER `update_loan_counters1` AFTER INSERT ON `api_payments` FOR EACH ROW BEGIN

    SET @s_loans = (SELECT COUNT(*) FROM api_loan WHERE is_deleted = 0);
    SET @s_paid_loans = (SELECT SUM(total) AS total_sum FROM api_loan WHERE is_paid = 1);
    SET @s_unpaid_loans = (SELECT SUM(total) AS total_sum FROM api_loan WHERE is_paid = 0);
    SET @l_this_month = (SELECT SUM(total) AS total__sum FROM api_loan WHERE MONTH(created_on) = MONTH(NOW())AND is_deleted = 0);
    set @l_last_month = (SELECT SUM(total) AS total__sum FROM api_loan WHERE YEAR(created_on) = YEAR(CURRENT_DATE - INTERVAL 1 MONTH) AND MONTH(created_on) = MONTH(CURRENT_DATE - INTERVAL 1 MONTH) AND is_deleted = 0);
    SET @l_this_year = (SELECT SUM(total) AS total__sum FROM api_loan WHERE YEAR(created_on) = YEAR(CURRENT_DATE) AND is_deleted = 0);
    SET @l_last_year = (SELECT SUM(total) AS total__sum FROM api_loan WHERE YEAR(created_on) = YEAR(CURRENT_DATE - INTERVAL 1 YEAR) AND is_deleted = 0);
    SET @t_loan = (SELECT SUM(total) AS total__sum FROM api_loan);
    SET @updated_on = NOW();

    UPDATE api_counter SET
        s_paid_loans = @s_paid_loans,
        s_unpaid_loans = @s_unpaid_loans,
        s_loans = @s_loans,
        l_this_month = @l_this_month,
        l_last_month = @l_last_month,
        l_this_year = @l_this_year,
        l_last_year = @l_last_year,
        t_loan = @t_loan,
        updated_on = @updated_on WHERE id = 1;
END */$$


DELIMITER ;

/* Trigger structure for table `api_registration` */

DELIMITER $$

/*!50003 DROP TRIGGER*//*!50032 IF EXISTS */ /*!50003 `update_registration_counters` */$$

/*!50003 CREATE */ /*!50017 DEFINER = 'inv-pane'@'%' */ /*!50003 TRIGGER `update_registration_counters` AFTER INSERT ON `api_registration` FOR EACH ROW BEGIN
    SET @s_members = (SELECT COUNT(group_id) FROM auth_user_groups INNER JOIN auth_group ON auth_user_groups.group_id = auth_group.id WHERE auth_group.name = 'Member' GROUP BY group_id);
    SET @s_paid_reg = (SELECT COUNT(*) FROM api_registration WHERE is_deleted = 0);
    SET @s_unpaid_reg =  (@s_members -  @s_paid_reg);
    SET @updated_on = NOW();

    UPDATE api_counter SET
        s_paid_reg = @s_paid_reg,
        s_unpaid_reg = @s_unpaid_reg,
        updated_on = @updated_on WHERE id = 1;
END */$$


DELIMITER ;

/* Trigger structure for table `auth_user` */

DELIMITER $$

/*!50003 DROP TRIGGER*//*!50032 IF EXISTS */ /*!50003 `update_user_counters` */$$

/*!50003 CREATE */ /*!50017 DEFINER = 'inv-pane'@'%' */ /*!50003 TRIGGER `update_user_counters` AFTER INSERT ON `auth_user` FOR EACH ROW BEGIN
    SET @s_members = (SELECT COUNT(group_id) FROM auth_user_groups INNER JOIN auth_group ON auth_user_groups.group_id = auth_group.id WHERE auth_group.name = 'Member' GROUP BY group_id);
    SET @s_users = (SELECT COUNT(group_id) FROM auth_user_groups INNER JOIN auth_group ON auth_user_groups.group_id = auth_group.id WHERE auth_group.name != 'Member' GROUP BY group_id);
    SET @s_active_users = (SELECT COALESCE(COUNT(*), 0) FROM (SELECT auth_group.id FROM auth_user_groups INNER JOIN auth_group ON auth_user_groups.group_id = auth_group.id INNER JOIN auth_user ON auth_user_groups.user_id = auth_user.id WHERE auth_user.is_active = 1 AND auth_user.is_superuser = 0 AND auth_group.name != 'Member'  GROUP BY auth_group.id) AS subquery);
    SET @s_inactive_users = (SELECT COALESCE(COUNT(*), 0) FROM (SELECT auth_group.id FROM auth_user_groups INNER JOIN auth_group ON auth_user_groups.group_id = auth_group.id INNER JOIN auth_user ON auth_user_groups.user_id = auth_user.id WHERE auth_user.is_active = 0 AND auth_user.is_superuser = 0 AND auth_group.name != 'Member' GROUP BY auth_group.id) AS subquery);
    SET @updated_on = NOW();

    UPDATE api_counter SET
        s_members = @s_members,
        s_users = @s_users,
        s_active_users = @s_active_users,
        s_inactive_users = @s_inactive_users,
        updated_on = @updated_on WHERE id = 1;
END */$$


DELIMITER ;

/* Procedure structure for procedure `sp_delete_user` */

/*!50003 DROP PROCEDURE IF EXISTS  `sp_delete_user` */;

DELIMITER $$

/*!50003 CREATE DEFINER=`root`@`localhost` PROCEDURE `sp_delete_user`(IN `usr_id` INT)
BEGIN
	DELETE FROM auth_user_groups WHERE user_id = usr_id;
    DELETE FROM api_userprofile WHERE user_id = usr_id;
    DELETE FROM auth_user WHERE id = usr_id;
END */$$
DELIMITER ;

/* Procedure structure for procedure `sp_loan_per_month` */

/*!50003 DROP PROCEDURE IF EXISTS  `sp_loan_per_month` */;

DELIMITER $$

/*!50003 CREATE DEFINER=`root`@`localhost` PROCEDURE `sp_loan_per_month`(IN `start_date` DATE, IN `end_date` DATE)
BEGIN
    SELECT 
    DATE_FORMAT(created_on, '%b') as month, 
    SUM(total) as total_amount
    FROM api_loan
    WHERE created_on BETWEEN start_date AND end_date
    GROUP BY MONTH(created_on);
END */$$
DELIMITER ;

/* Procedure structure for procedure `sp_loan_per_year` */

/*!50003 DROP PROCEDURE IF EXISTS  `sp_loan_per_year` */;

DELIMITER $$

/*!50003 CREATE DEFINER=`root`@`localhost` PROCEDURE `sp_loan_per_year`()
BEGIN
    SELECT 
    YEAR(created_on) as year, 
    SUM(total) as total_amount
    FROM api_loan
    GROUP BY YEAR(created_on);
END */$$
DELIMITER ;

/* Procedure structure for procedure `sp_update_profile` */

/*!50003 DROP PROCEDURE IF EXISTS  `sp_update_profile` */;

DELIMITER $$

/*!50003 CREATE DEFINER=`root`@`localhost` PROCEDURE `sp_update_profile`(IN `usr_id` INT, IN `user_username` VARCHAR(20), IN `user_first_name` VARCHAR(20), IN `user_last_name` VARCHAR(20), IN `user_email` VARCHAR(20))
BEGIN
	UPDATE auth_user SET username = user_username, first_name = user_first_name, last_name = user_last_name, email = user_email WHERE id = usr_id;
END */$$
DELIMITER ;

/* Procedure structure for procedure `sp_update_user` */

/*!50003 DROP PROCEDURE IF EXISTS  `sp_update_user` */;

DELIMITER $$

/*!50003 CREATE DEFINER=`root`@`localhost` PROCEDURE `sp_update_user`(IN `usr_id` INT, IN `user_username` VARCHAR(20), IN `user_first_name` VARCHAR(20), IN `user_last_name` VARCHAR(20), IN `user_email` VARCHAR(20), IN `g_id` INT)
BEGIN
	UPDATE auth_user SET username = user_username, first_name = user_first_name, last_name = user_last_name, email = user_email WHERE id = usr_id;
    DELETE FROM auth_user_groups WHERE user_id = usr_id;
    INSERT INTO auth_user_groups  (user_id, group_id) VALUES (usr_id, g_id);
END */$$
DELIMITER ;

/* Procedure structure for procedure `sp_get_unpaid_loans` */

/*!50003 DROP PROCEDURE IF EXISTS  `sp_get_unpaid_loans` */;

DELIMITER $$

/*!50003 CREATE DEFINER=`inv-pane`@`%` PROCEDURE `sp_get_unpaid_loans`()
BEGIN
  SELECT api_loan.*,
       MAX(api_payments.created_on) AS last_payment_date,
       CASE
           WHEN DATEDIFF(NOW(), api_loan.due_date) <= 30 THEN 'Within 30 days'
           WHEN DATEDIFF(NOW(), api_loan.due_date) <= 60 THEN 'Within 60 days'
           WHEN DATEDIFF(NOW(), api_loan.due_date) <= 90 THEN 'Within 90 days'
           ELSE 'Over 90 days'
       END AS payment_due,
       SUM(api_payments.paid) AS total_amount_paid,
       ROUND(api_loan.total / api_loan.months, 2) AS expected_monthly_payment,
       auth_user.first_name,
       auth_user.last_name,
       DATEDIFF(NOW(), api_loan.due_date) AS days_overdue
FROM api_loan
LEFT JOIN api_payments ON api_loan.id = api_payments.loan_id
LEFT JOIN api_loanfee ON api_loan.loan_fees_id = api_loanfee.id
LEFT JOIN auth_user ON api_loanfee.member_id = auth_user.id
WHERE api_loan.is_paid = 0 AND api_loan.due_date < NOW()
GROUP BY api_loan.id;

  END */$$
DELIMITER ;

/*!40101 SET SQL_MODE=@OLD_SQL_MODE */;
/*!40014 SET FOREIGN_KEY_CHECKS=@OLD_FOREIGN_KEY_CHECKS */;
/*!40014 SET UNIQUE_CHECKS=@OLD_UNIQUE_CHECKS */;
/*!40111 SET SQL_NOTES=@OLD_SQL_NOTES */;
